tree
version=v4
num_class=1
num_tree_per_iteration=1
label_index=0
max_feature_idx=35
objective=binary sigmoid:1
feature_names=file_size valid_pe machine number_of_sections_header characteristics entry_point image_base subsystem section_count section_entropy_min section_entropy_max section_entropy_mean section_entropy_std executable_sections writable_sections readable_sections rwx_sections section_raw_size_min section_raw_size_max section_raw_size_mean section_virtual_size_min section_virtual_size_max section_virtual_size_mean section_size_ratio_min section_size_ratio_max section_size_ratio_mean high_entropy_sections imported_dlls imported_functions file_operations registry_operations network_operations process_operations memory_operations crypto_operations service_operations
feature_infos=[9728:18436096] none [332:34404] [1:11] [14:33167] [0:12897200] [65536:5368709120] [1:3] [1:11] [0:6.6410245895385742] [4.329437255859375:7.9999847412109375] [1.178874135017395:7.4723105430603027] [0:4.423464298248291] [0:3] [0:6] [1:11] [0:2] [0:1851904] [3072:18335744] [1638.4000244140625:2633581.75] [0:1851768] [3004:18335472] [1518.800048828125:4300800] [0:1.0786516666412354] [0.777099609375:5760.8046875] [0.406005859375:1920.8028564453125] [0:3] [0:37] [0:1220] [0:6] [0:3] [0:7] [0:11] [0:5] none none
tree_sizes=1583 2338 2137 2777 3118 3111 3205 3219 3002 3100 3217 3212 3314 2886 2903 3213 3003 3005 3198 3203 3326 2989 3097 2978 2993 2986 3218 3425 3216 3203 3198 3212 3317 3211 3314 3100 3427 3425 3411 3324 3425 3424 3318 3430 3422 3420 3428 3425 3443 3431 3433 3444 3442 3432 3445 3440 3420 3430 3430 3436 3432 3447 3437 3431 3452 3463 3445 3464 3462 3452 3439 3467 3437 3459 3443 3459 3452 3479 3459 3464 3458 3471 3475 3475 3474 3456 3473 3468 3463 3496 3475 3476 3464 3493 3484 3487 3475 3482 3490 3497 3493 3509 3491 3504 3496 3499 3502 3480 3494 3488 3509 3495 3502 3497 3475 3502 3492 3494 3489 3499 3516 3490 3503 3510 3519 3511 3508 3520 3512 3511 3529 3518 3521 3521 3523 3497 3509 3520 3513 3536 3546 3521 3512 3517 3529 3522 3530 3514 3551 3547 3536 3544 3541 3540 3529 3546 3540 3541 3547 3547 3553 3540 3551 3546 3555 3562 3540 3530 3547 3568 3558 3564 3562 3581 3566 3582 3545 3564 3554 3558 3573 3568 3595 3593 3569 3578 3576 3596 3601 3580 3574 3579 3586 3583 3559 3582 3583 3577 3568 3595 3602 3584 3576 3593 3580 3599 3606 3591 3615 3586 3575 3597 3596 3611 3614 3491 3584 3172 3607 3491 3378 3597 3609 3612 3165 3390 3627 3615 3291 3524 3277 3162 3160 3633 3512 3502 2727 3061 3044 2958 3400 3053 3285 2945 2727 2836 2951 3401 2731 2616 2950 2740 2857 2958 2846 2619 2747 2507 2510 2612 2404 2732 2280 2386 2386 1939 2274 2283

Tree=0
num_leaves=14
num_cat=0
split_feature=10 27 18 32 33 10 5 0 5 9 10 10 0
split_gain=427.704 42.0935 24.444 19.1896 18.6692 9.88643 20.2545 2.87272 2.11554 1.46582 1.05498 0.400157 2.84217e-14
threshold=6.5818047523498544 7.5000000000000009 124160.00000000001 2.5000000000000004 1.0000000180025095e-35 7.0746397972106942 77060.500000000015 537772.00000000012 111640.00000000001 3.126909732818604 7.3105976581573495 5.73103952407837 106412.00000000001
decision_type=2 2 2 2 2 2 2 2 2 2 2 2 2
left_child=2 5 9 4 -4 6 -2 -5 -8 11 -7 -1 -13
right_child=1 -3 3 7 -6 10 8 -9 -10 -11 -12 12 -14
leaf_value=-0.066280891832280295 -0.0080378144817404573 -0.015969908958947392 -0.030421758109966189 -0.078047170084914616 0.10292939541988923 0.10197688718039027 0.1219795602098686 -0.028040487511218778 0.081974214150911953 -0.048043160540697114 0.1219795602098686 -0.078047170084914588 -0.078047170084914588
leaf_weight=8.4988641142845136 4.9993318319320705 7.2490311563014975 5.249298423528673 6.7490979731082898 5.2492984235286713 7.4989977478981009 9.7486970722675306 4.9993318319320679 4.999331831932067 4.999331831932067 54.49271696805954 42.494320571422577 5.7492316067218772
leaf_count=34 20 29 21 27 21 30 39 20 20 20 218 170 23
internal_value=0.0231224 0.0995046 -0.0578064 -0.0128699 0.0362538 0.109746 0.0789358 -0.0567677 0.108418 -0.073998 0.11956 -0.0762848 -0.0780472
internal_weight=172.977 88.9881 83.9888 22.247 10.4986 81.7391 19.7474 11.7484 14.748 61.7417 61.9917 56.7424 48.2436
internal_count=692 356 336 89 42 327 79 47 59 247 248 227 193
is_linear=0
shrinkage=1


Tree=1
num_leaves=21
num_cat=0
split_feature=10 18 18 32 33 10 22 5 4 9 10 3 10 30 10 5 4 5 5 11
split_gain=386.811 28.3138 22.0983 17.3319 16.88 12.1367 24.9334 4.09401 2.81554 1.33175 0.364155 0.171191 0.103144 0.0083499 0.00216691 0.000189265 2.84217e-14 2.84217e-14 1.42109e-14 7.10543e-15
threshold=6.5818047523498544 85248.000000000015 124160.00000000001 2.5000000000000004 1.0000000180025095e-35 6.9781479835510263 44808.500000000007 284841.50000000006 34.500000000000007 3.126909732818604 5.73103952407837 8.5000000000000018 6.6439590454101571 1.0000000180025095e-35 7.6910860538482675 5166.0000000000009 667.00000000000011 28369.500000000004 6313.5000000000009 6.0714275836944589
decision_type=2 2 2 2 2 2 2 2 2 2 2 2 2 2 2 2 2 2 2 2
left_child=2 -2 9 4 -4 6 12 11 -5 10 -1 13 -3 14 -7 -16 -12 18 -17 -20
right_child=1 5 3 8 -6 7 -8 -9 -10 -11 16 -13 -14 -15 15 17 -18 -19 19 -21
leaf_value=-0.085015767183231838 -0.037127273605943062 0.084551383968587412 -0.050871748295164665 -0.047511426520816837 0.076011419595874805 0.095197335426047761 -0.03711396260999468 0.053980848479269795 -0.097037207941038206 -0.067637315171892545 -0.09624603913168657 0.084958831143175401 0.094602979531094256 0.096588324168085049 0.094586791177328364 0.094258324113550229 -0.09624603913168657 0.094258324113550243 0.094258324113550257 0.094258324113550229
leaf_weight=8.4906712472438794 5.4971056580543509 4.982358857989313 5.248785540461542 4.9960366785526258 5.2361193001270294 7.9763587415218344 6.246064528822898 7.228443816304206 6.7427120357751846 4.9971160292625418 41.936105847358704 4.9848681986331931 5.2325520366430283 4.9894504994153968 4.9823588579893103 18.18228213489056 6.2404919415712348 8.2193878144025785 4.9814471602439863 5.2305195182561874
leaf_count=34 22 20 21 20 21 32 25 29 27 20 168 20 21 20 20 73 25 33 20 21
internal_value=2.44384e-06 0.072777 -0.0769754 -0.0342281 0.0124932 0.0800353 0.041581 0.0895148 -0.0759589 -0.0923814 -0.0945634 0.0938283 0.0897003 0.0946387 0.0944424 0.0942977 -0.096246 0.0942583 0.0942583 0.0942583
internal_weight=172.621 88.7332 83.888 22.2237 10.4849 83.2361 16.461 66.7751 11.7387 61.6644 56.6673 59.5467 10.2149 54.5618 49.5724 41.596 48.1766 36.6136 28.3942 10.212
internal_count=692 356 336 89 42 334 66 268 47 247 227 239 41 219 199 167 193 147 114 41
is_linear=0
shrinkage=0.05


Tree=2
num_leaves=19
num_cat=0
split_feature=10 27 18 28 33 10 23 23 9 18 10 23 5 8 10 32 0 5
split_gain=351.156 36.6128 20.1389 22.8949 16.1161 8.15356 15.2836 4.59525 1.23195 0.954068 0.338587 0.0126099 0.0052945 5.92451e-05 1.32459e-06 4.0828e-07 1.06532e-07 2.84217e-14
threshold=6.5818047523498544 7.5000000000000009 124160.00000000001 105.50000000000001 1.0000000180025095e-35 7.3105976581573495 0.78320312500000011 0.21484375000000003 3.126909732818604 265216.00000000006 5.73103952407837 0.43750000000000006 388580.00000000006 6.5000000000000009 7.7303879261016855 1.0000000180025095e-35 379648.00000000006 5540.0000000000009
decision_type=2 2 2 2 2 2 2 2 2 2 2 2 2 2 2 2 2 2
left_child=2 5 8 4 -4 6 7 -2 10 -5 -1 -9 13 14 -7 -16 -17 -18
right_child=1 -3 3 9 -6 12 -8 11 -10 -11 -12 -13 -14 -15 15 16 17 -19
leaf_value=-0.081147470709901803 0.037386713516883524 -0.038121348209131697 -0.045701829863588887 -0.094472841590568749 0.077303813378548025 0.090249223647379195 -0.01017160470088063 0.09053469343715731 -0.064437514491323095 -0.065354169096310366 -0.092002531103827098 0.093474606276796032 0.091932559663705338 0.09044531613911877 0.090260475852325731 0.090269186257570022 0.090277178254284829 0.090277178254284884
leaf_weight=8.4515424668788892 5.2235903292894426 7.243523657321929 4.9897407740354556 6.4621391594409925 5.7102185189723969 6.4241235107183448 6.4765254557132712 9.3960499018430692 4.9833098053932181 4.9815815091133118 47.885410472750664 5.9615807086229315 5.4576459228992453 5.4385838359594336 4.9417821019887915 4.941898018121722 5.1891042888164547 21.497717767953873
leaf_count=34 21 29 20 26 23 26 26 38 20 20 193 24 22 22 20 20 21 87
internal_value=4.51574e-06 0.069575 -0.0735071 -0.0326361 0.0199423 0.079212 0.056817 0.0778971 -0.0882663 -0.0817972 -0.0903741 0.0916759 0.0904562 0.0902898 0.0902702 0.0902738 0.0902759 0.0902772
internal_weight=171.656 88.1921 83.4639 22.1437 10.7 80.9486 27.0577 20.5812 61.3203 11.4437 56.337 15.3576 53.8909 48.4332 42.9946 36.5705 31.6287 26.6868
internal_count=692 356 336 89 43 327 109 83 247 46 227 62 218 196 174 148 128 108
is_linear=0
shrinkage=0.05


Tree=3
num_leaves=25
num_cat=0
split_feature=26 0 7 27 22 5 27 9 12 3 23 12 0 21 17 22 14 12 20 17 23 22 5 0
split_gain=267.235 64.4125 38.4656 34.6448 19.34 12.9506 6.91499 2.01262 0.674655 0.666471 0.613236 0.187331 0.10983 0.00632579 0.00536131 0.00285509 0.00131638 0.000362451 2.93179e-05 6.70773e-07 5.44119e-10 1.90354e-11 1.10134e-12 1.42109e-14
threshold=1.0000000180025095e-35 140820.00000000003 2.5000000000000004 7.5000000000000009 47176.984375000007 177876.00000000003 6.5000000000000009 3.3905515670776372 2.252651691436768 4.5000000000000009 0.074218750000000014 0.92129361629486095 50112.000000000007 58894.500000000007 1280.0000000000002 33971.916015625007 1.5000000000000002 1.7442519068717959 346.00000000000006 6400.0000000000009 0.70210775732994091 202323.37500000003 6347.0000000000009 62248.000000000007
decision_type=2 2 2 2 2 2 2 2 2 2 2 2 2 2 2 2 2 2 2 2 2 2 2 2
left_child=1 7 3 4 8 -6 10 9 -3 12 -2 -12 -1 17 16 -10 -13 -11 23 -16 -21 -22 -23 -19
right_child=6 2 -4 -5 5 -7 -8 -9 15 13 11 14 -14 -15 19 -17 -18 18 -20 20 21 22 -24 -25
leaf_value=-0.079600050452663121 0.068129525170807143 0.068148210705368459 -0.091546878333712223 -0.084923623735696285 -0.064814127713419989 0.043449745884426877 0.036694437602289971 -0.052902466110468983 0.08986647546392923 -0.088790535117921454 0.076899028054949706 0.0873894970583034 -0.069044223429362381 -0.08994701653505259 0.086783576915309579 0.088161999321557147 0.088302136864218714 -0.088310622216570697 -0.088443029659349554 0.086799829118030219 0.08680049244092318 0.086800373464450242 0.08680040413817447 -0.088310622216570711
leaf_weight=4.9302076101303083 5.1425176858901969 6.3911840915679994 9.6394899487495405 6.2056441307067862 4.9717424958944303 6.215496838092804 8.65996405482292 4.9687925875186911 4.9321513921022397 4.9191894829273215 4.8888261318206778 6.8530453294515636 4.9265915155410767 7.8850674331188193 8.0586581230163592 4.8953724205493927 9.3308465182781202 22.351399421691898 4.9144625067710868 4.8843643516302135 6.3496910929679897 7.3265630006790143 4.8843759596347809 5.6492547988891593
leaf_count=20 21 26 39 25 20 25 35 20 20 20 20 28 20 32 33 20 38 91 20 20 26 30 20 23
internal_value=6.61578e-06 -0.0500998 -0.00349771 0.021754 0.0459094 -0.00466401 0.0783576 -0.0833906 0.0807937 -0.0861164 0.0846086 0.0862204 -0.0743241 -0.0886587 0.087176 0.0890174 0.0879157 -0.0883902 -0.0883304 0.086796 0.0868003 0.0868004 0.0868004 -0.0883106
internal_weight=170.175 103.796 43.2511 33.6116 27.4059 11.1872 66.3789 60.545 16.2187 55.5762 57.7189 52.5764 9.8568 45.7194 47.6875 9.82752 16.1839 37.8343 32.9151 31.5037 23.445 18.5606 12.2109 28.0007
internal_count=692 421 175 136 111 45 271 246 66 226 236 215 40 186 195 40 66 154 134 129 96 76 50 114
is_linear=0
shrinkage=0.05


Tree=4
num_leaves=28
num_cat=0
split_feature=10 27 18 28 33 10 23 23 9 18 10 29 5 27 17 4 11 14 11 11 22 19 19 28 10 10 3
split_gain=293.219 31.6131 16.9555 18.8103 13.9267 7.14018 12.8641 4.05067 1.07615 0.877872 0.316922 0.00920031 0.00268033 0.00189647 0.000498203 0.000341001 9.40395e-05 7.57726e-06 1.62279e-05 3.47795e-06 1.60377e-06 1.59069e-06 8.59092e-08 7.12489e-08 1.63796e-08 2.89191e-12 7.10543e-15
threshold=6.5818047523498544 7.5000000000000009 124160.00000000001 105.50000000000001 1.0000000180025095e-35 7.3105976581573495 0.78320312500000011 0.21484375000000003 3.126909732818604 265216.00000000006 5.73103952407837 1.5000000000000002 388580.00000000006 5.5000000000000009 768.00000000000011 258.50000000000006 6.7238924503326425 1.5000000000000002 4.1811749935150155 4.5320875644683847 11487.418457031252 96192.000000000015 101888.00000000001 145.50000000000003 6.1608641147613534 7.8621788024902353 10.500000000000002
decision_type=2 2 2 2 2 2 2 2 2 2 2 2 2 2 2 2 2 2 2 2 2 2 2 2 2 2 2
left_child=2 5 8 4 -4 6 7 -2 10 -5 -1 -9 13 15 17 -7 19 18 -12 -17 23 -21 -23 24 26 -24 -19
right_child=1 -3 3 9 -6 12 -8 11 -10 -11 14 -13 -14 -15 -16 16 -18 20 -20 21 -22 22 25 -25 -26 -27 -28
leaf_value=-0.07453313535340278 0.033811047204150929 -0.035852326476787974 -0.043256486583726321 -0.087373230763997167 0.071625964229707836 0.084193072026416793 -0.0091723005800604437 0.086769526803073038 -0.059157814237161536 -0.059227878277805415 -0.085175297737084169 0.084185149165603573 0.085146901967793301 0.084708054221974402 -0.085603586434117501 0.083700536726166674 0.083975476466524313 -0.085072475532973313 -0.085051806919293635 0.083771012710276219 -0.085043847949081444 0.083733114114117241 0.083740842636074814 -0.085078428475108672 -0.085069145258570331 0.083740796456277758 -0.085072475532973438
leaf_weight=8.2958507090806943 5.1763265579938951 7.2264195233583441 4.9690354913473147 6.3444306552410108 5.6235256642103195 5.5470549762248984 6.4489795416593543 5.3556116223335257 4.9307792186737052 4.9181808531284332 5.5757609307765943 9.6467653363943082 5.332525670528411 7.2540146708488455 5.0995589643716803 5.2914283871650722 4.8178963959217063 5.8152651786804279 5.0878296047449112 4.8123150914907482 5.8144263923168173 4.8112936913967159 5.292659491300582 4.8461976945400229 4.8459733277559272 9.3824391514062864 9.6921086311340332
leaf_count=34 21 29 20 26 23 23 26 22 20 20 23 40 22 30 21 22 20 24 21 20 24 20 22 20 20 39 40
internal_value=7.54353e-06 0.064257 -0.0678027 -0.0300972 0.0177339 0.0733947 0.0523021 0.0719489 -0.0815362 -0.0750827 -0.0835398 0.0851077 0.0840843 0.0839643 -0.0851371 0.0838293 0.0837706 -0.08508 -0.0851164 0.0837373 -0.0850675 0.0837453 0.0837389 -0.085073 -0.0850717 0.0837408 -0.0850725
internal_weight=168.255 86.3957 81.8589 21.8552 10.5926 79.1693 26.6277 20.1787 60.0038 11.2626 55.073 15.0024 52.5416 47.2091 46.7771 39.9551 34.408 41.6776 10.6636 29.5901 31.014 24.2987 19.4864 25.1995 20.3533 14.6751 15.5074
internal_count=692 356 336 89 43 327 109 83 247 46 227 62 218 196 193 166 143 172 44 123 128 101 81 104 84 61 64
is_linear=0
shrinkage=0.05


Tree=5
num_leaves=28
num_cat=0
split_feature=26 5 27 30 33 27 19 3 28 11 20 12 24 5 11 18 5 11 20 0 17 24 11 24 18 24 28
split_gain=224.531 54.4504 26.4474 19.0146 17.9354 5.90207 3.09976 1.36169 2.17534 1.03266 0.52095 0.174937 0.159086 0.163203 0.073548 0.00465273 0.00387716 0.00116812 0.000268809 2.64345e-05 5.58692e-07 9.27219e-08 4.28718e-08 4.30889e-08 2.99167e-10 2.08331e-11 1.48148e-11
threshold=1.0000000180025095e-35 77060.500000000015 7.5000000000000009 1.0000000180025095e-35 1.0000000180025095e-35 6.5000000000000009 52809.142578125007 4.5000000000000009 33.500000000000007 4.626620054244996 106.00000000000001 0.92129361629486095 4.0526170730590829 4769.0000000000009 4.5948655605316171 65792.000000000015 110264.00000000001 3.5302884578704838 346.00000000000006 326500.00000000006 7936.0000000000009 3.1031154394149785 2.7872670888900761 0.99534550309181224 242944.00000000003 24.539306640625004 124.50000000000001
decision_type=2 2 2 2 2 2 2 2 2 2 2 2 2 2 2 2 2 2 2 2 2 2 2 2 2 2 2
left_child=1 3 4 7 6 10 -3 8 -1 -6 -2 -12 13 -9 15 18 17 -13 22 -19 -21 -22 23 26 -23 -26 -15
right_child=5 2 -4 -5 9 -7 -8 12 -10 -11 11 16 -14 14 -16 -17 -18 19 -20 20 21 24 -24 -25 25 -27 -28
leaf_value=-0.079123614484324131 0.063870715062326097 0.011332622459504406 -0.087025193324565001 0.013255688857874749 0.05387401585985474 0.03431021628406198 -0.044278835130741372 -0.073825172339941417 -0.036961079100258962 0.081520901672455556 0.071264572101348608 0.081879773422352781 -0.072781123910767784 -0.082212167432357597 -0.088951543007587675 -0.083653527174962439 0.082396000773440045 0.081152255366679873 -0.082588003433510429 0.081012317689339322 0.081022435485556057 0.081029989230367749 -0.082208214708398342 -0.08221763191532025 0.081030526356646149 0.081030397785039537 -0.082212059006280258
leaf_weight=8.2264301329851133 5.2597047686576834 4.8406276106834465 5.6137326955795279 6.2731232196092597 5.7268768697977057 8.5790274143218976 5.1949210911989212 5.0323881655931464 4.8704743683338156 8.2335705906152707 4.7467389404773703 4.7532738149166098 4.7895155996084204 9.2935657501220792 5.145481824874877 7.9108142405748358 7.3913948535919181 4.7301826626062384 5.9706712216138831 6.8517262339592007 4.7256905734539059 4.7259602099657085 4.7658043056726447 4.7661050409078589 5.6711753010749799 7.088962122797966 4.765927627682685
leaf_count=34 22 20 23 26 24 35 21 21 20 34 20 20 20 39 21 33 31 20 25 29 20 20 20 20 24 30 20
internal_value=9.61617e-06 -0.0463805 0.0106733 -0.0699057 0.0335293 0.0729267 -0.0174548 -0.0778658 -0.0634442 0.0701796 0.0788485 0.0804028 -0.0814676 -0.0823407 -0.0833462 -0.0825765 0.081347 0.0811459 -0.0822883 0.0810426 0.0810248 0.0810286 -0.0822125 -0.0822135 0.0810303 0.0810305 -0.0822121
internal_weight=165.944 101.42 29.6097 71.8103 23.996 64.5238 10.0355 65.5372 13.0969 13.9604 55.9448 50.6851 52.4403 47.6508 42.6184 37.4729 45.9384 38.547 29.5621 33.7937 29.0635 22.2118 23.5914 18.8256 17.4861 12.7601 14.0595
internal_count=692 421 122 299 99 271 41 273 54 58 236 214 219 199 178 157 194 163 124 143 123 94 99 79 74 54 59
is_linear=0
shrinkage=0.05


Tree=6
num_leaves=29
num_cat=0
split_feature=10 27 18 28 33 21 10 22 9 18 10 9 24 27 24 20 9 9 3 0 12 18 20 0 18 12 24 10
split_gain=247.32 27.7617 15.0054 16.485 11.8228 6.47981 2.9752 12.5244 1.05005 0.886662 0.307924 0.195481 0.00966405 0.00416117 0.00223799 0.00190987 0.00100805 0.000245461 0.000213713 0.000190867 6.61222e-05 2.51268e-06 1.54206e-06 2.748e-07 4.3962e-09 3.76801e-11 3.03899e-11 2.00373e-11
threshold=6.5818047523498544 7.5000000000000009 124160.00000000001 105.50000000000001 1.0000000180025095e-35 89228.000000000015 7.2801284790039071 44808.500000000007 3.126909732818604 265216.00000000006 5.73103952407837 0.01840079948306084 0.99884614348411571 5.5000000000000009 4.5390625000000009 824.00000000000011 1.5036725401878359 4.9785704612731942 5.5000000000000009 372528.00000000006 3.2052499055862431 44288.000000000007 5185.0000000000009 37632.000000000007 226816.00000000003 2.24290943145752 15.598388671875002 6.0351512432098398
decision_type=2 2 2 2 2 2 2 2 2 2 2 2 2 2 2 2 2 2 2 2 2 2 2 2 2 2 2 2
left_child=2 5 8 4 -4 -2 7 11 10 -5 -1 -7 -13 15 16 19 18 20 -12 -8 22 23 -17 -20 -24 -25 -26 -27
right_child=1 -3 3 9 -6 6 13 -9 -10 -11 14 12 -14 -15 -16 17 -18 -19 21 -21 -22 -23 24 25 26 27 -28 -29
leaf_value=-0.069360226977221592 0.012801345272087606 -0.034005203943474602 -0.038817617449112787 -0.082649164873056791 0.067703927840285658 0.069318848800690752 0.079263066483574368 -0.012996749854361486 -0.054033438295570592 -0.054041233673368265 -0.07995198990355587 0.083079644076344106 0.080163200953625668 0.080194574484249881 -0.080913997070631141 0.078582607522960368 -0.080500123569963333 0.079034963020808771 -0.079683489827155063 0.079689547593769991 0.078810833164309313 -0.079632313187950776 0.078613497416698819 -0.079669680800703066 0.078615323006811857 -0.079669772696070798 0.078615175331381459 -0.079669906335185017
leaf_weight=8.0727966576814634 4.8547623604536048 7.195529341697692 4.9222180545330065 6.1855345666408521 5.5328709632158279 4.6843821704387727 5.3557667732238752 4.9364693015813819 4.8408907353878012 4.8182686865329742 8.6677965521812421 5.0064255744218809 6.5655849128961563 7.0366031378507605 5.4265240281820288 4.6285907924175325 4.9381741732358924 4.6480450183153144 4.6749565303325715 5.1423367112874985 4.869959592819213 4.6728961765766135 4.8614519536495235 5.6092911958694485 6.25054684281349 5.6092953681945783 7.8710478246212006 5.609301969408989
leaf_count=34 20 29 20 26 23 20 23 20 20 20 37 21 28 30 23 20 21 20 20 22 21 20 21 24 27 24 34 24
internal_value=9.82723e-06 0.0599006 -0.0631371 -0.0274052 0.017554 0.0687089 0.0724861 0.0567553 -0.0763295 -0.0701225 -0.0783553 0.0779365 0.0814249 0.0790663 -0.0799615 0.0788843 -0.0798316 0.0786981 -0.0797368 0.079472 0.0786431 -0.0796655 0.0786085 -0.0796728 0.0786148 -0.0796698 0.0786152 -0.0796698
internal_weight=163.488 83.9075 79.5808 21.4589 10.4551 76.712 71.8572 21.1929 58.1219 11.0038 53.281 16.2564 11.572 50.6643 45.2082 43.6277 39.7817 33.1296 34.8435 10.4981 28.4816 26.1757 23.6116 21.5028 18.983 16.8279 14.1216 11.2186
internal_count=692 356 336 89 43 327 307 89 247 46 227 69 49 218 193 188 170 143 149 45 123 112 102 92 82 72 61 48
is_linear=0
shrinkage=0.05


Tree=7
num_leaves=29
num_cat=0
split_feature=10 27 5 30 18 23 7 32 12 10 19 10 25 19 3 19 11 5 25 10 27 12 5 27 11 22 21 24
split_gain=227.606 23.1323 16.3089 19.1405 5.2952 2.1883 0.857984 2.76735 0.751038 0.465536 0.0598166 0.0494212 0.0325351 0.0155619 0.00740503 0.00407413 0.00297107 0.00182215 0.000933555 0.000179255 0.000171707 0.000118153 8.33369e-05 1.45907e-05 2.31265e-06 4.47349e-07 8.71112e-09 9.40048e-12
threshold=6.6406595706939706 7.5000000000000009 296083.00000000006 1.0000000180025095e-35 102656.00000000001 0.96286892890930187 2.5000000000000004 1.0000000180025095e-35 3.4162660837173466 6.195669651031495 30799.644531250004 7.0746397972106942 1.1403407454490664 8390.3999023437518 4.5000000000000009 40813.714843750007 3.9229928255081181 11773.500000000002 0.94791331887245189 5.9489688873291025 4.5000000000000009 1.4333977699279787 5369.5000000000009 2.5000000000000004 2.6526740789413457 202240.62500000003 421954.00000000006 0.98677754402160656
decision_type=2 2 2 2 2 2 2 2 2 2 2 2 2 2 2 2 2 2 2 2 2 2 2 2 2 2 2 2
left_child=2 4 3 6 -2 8 7 -1 11 13 14 12 -6 24 -8 16 -13 19 -17 -16 21 -20 -21 -23 27 -25 -27 -9
right_child=1 -3 -4 -5 5 -7 10 9 -10 -11 -12 15 -14 -15 17 18 -18 -19 20 22 -22 23 -24 25 -26 26 -28 -29
leaf_value=-0.032606295902893309 0.025375957741520364 -0.028274282344057572 0.011892752612531032 0.012735927478450888 0.083542887433029706 0.045088203317254529 -0.079806076629477959 -0.077397773334374961 0.056649851423805277 -0.063976332138371936 -0.083801648802355008 0.076975736660419014 0.078141963532397787 -0.080730255467747661 -0.077794829400697277 0.077311625390669894 0.078774242854989865 -0.078484953234416843 0.076753876586849387 -0.077594192164722589 0.076822902883078997 0.076547355434127384 -0.077322249307290147 0.076431205442183625 -0.077440754932897815 0.07645174996954561 0.076448718979510777 -0.077397675540424524
leaf_weight=4.7537510693073264 6.3718839585781089 6.6930550187826148 7.4932572096586219 7.0733191668987265 5.2427500486373884 6.2982263118028632 5.8457717746496227 5.0309618413448387 4.588557928800582 8.19318078458309 5.7151999026536933 4.5522014200687391 5.9563354849815369 4.678947538137435 4.5914608985185685 5.2540749013423911 4.6337253600358963 7.1552164107561103 4.5411909818649354 4.5830929428338987 6.1325953155755988 4.5301655679941186 7.3117745071649551 4.5245495885610589 4.5756718367338172 4.9781988710165006 4.525475412607193 4.8022767901420593
leaf_count=20 27 27 31 30 22 27 25 22 20 35 24 20 26 20 20 23 20 31 20 20 27 20 32 20 20 22 20 21
internal_value=1.19188e-05 0.0606455 -0.0584122 -0.0655015 0.0688965 0.0731136 -0.073732 -0.0678112 0.0760821 -0.0739457 -0.07912 0.0777071 0.0806704 -0.0782249 -0.0782126 0.0769472 0.077883 -0.0778186 0.076698 -0.0775295 0.0765877 0.0765253 -0.077427 0.0764693 -0.0774114 0.0764441 0.0764503 -0.0773977
internal_weight=160.627 78.823 81.8039 74.3106 72.1299 65.758 67.2373 32.0348 59.4598 27.281 35.2025 54.8713 11.1991 19.0879 29.4873 43.6722 9.18593 23.6415 34.4863 16.4863 29.2322 23.0996 11.8949 18.5584 14.4089 14.0282 9.50367 9.83324
internal_count=692 341 351 320 314 287 290 138 260 118 152 240 48 83 128 192 40 103 152 72 129 102 52 82 63 62 42 43
is_linear=0
shrinkage=0.05


Tree=8
num_leaves=27
num_cat=0
split_feature=10 27 18 7 23 10 5 22 11 10 5 18 25 27 5 14 24 23 12 11 3 24 0 10 12 27
split_gain=209.683 23.8293 13.3358 11.4888 12.4823 6.20425 11.067 2.59475 1.03434 0.30051 0.029176 0.00417841 0.00368468 0.00195737 0.00129069 0.00113874 0.00147897 0.000239598 0.000145851 6.52636e-05 6.12782e-05 9.96346e-07 6.62144e-07 3.40197e-08 1.83885e-08 1.72488e-09
threshold=6.5818047523498544 7.5000000000000009 124160.00000000001 2.5000000000000004 0.53710937500000011 7.3105976581573495 77060.500000000015 41486.400390625007 4.6926512718200692 5.73103952407837 109899.00000000001 146944.00000000003 1.3778948187828066 5.5000000000000009 388580.00000000006 1.5000000000000002 1.9592013955116274 0.95880532264709484 3.0483468770980839 6.6537904739379892 7.5000000000000009 3.1031154394149785 67536.000000000015 5.9088075160980233 1.7171879410743716 7.5000000000000009
decision_type=2 2 2 2 2 2 2 2 2 2 2 2 2 2 2 2 2 2 2 2 2 2 2 2 2 2
left_child=2 5 8 4 -4 6 -2 10 9 -1 -8 -7 15 14 17 16 -11 18 19 21 -17 -13 23 -22 -23 -25
right_child=1 -3 3 -5 -6 11 7 -9 -10 12 -12 13 -14 -15 -16 20 -18 -19 -20 -21 22 24 -24 25 -26 -27
leaf_value=-0.065203701095859976 -0.0078420235635931219 -0.030895527629253756 0.034193933286379354 -0.079290403907602405 -0.063695314136958892 0.076301825838846579 0.075485796236231306 0.035464123502135403 -0.050089542368306754 -0.076691942655442602 0.080375584024377722 0.074473684166981052 -0.076963641667360722 0.07581440543412149 0.075529471846133511 -0.075530208120237266 -0.075514761975259345 0.074991703714677643 0.074808379809674572 0.074710164877018578 -0.075352514884175451 0.074499043849435884 -0.075334126247762784 -0.075358259309540404 0.074503016155578625 -0.075356980615690683
leaf_weight=8.0207318067550641 7.2116225510835674 7.1675450652837744 9.3289567977190035 6.7006342411041251 5.0031398683786383 6.0958326756954184 8.0414901971817034 5.1770734041929236 4.9257486015558234 4.5324503332376462 4.9152452051639548 4.4125879257917502 5.4511701464653006 5.15978218615055 4.9219815731048575 6.2652387768030193 6.4868955612182617 4.6654333472251883 6.6488414406776419 4.4268925786018363 4.9115461260080364 4.8555720299482328 4.4639776498079291 4.688641354441641 7.2837624549865723 6.0281538069248199
leaf_count=35 30 29 39 29 21 27 36 22 21 20 21 20 24 23 22 28 29 21 30 20 22 22 20 21 33 27
internal_value=1.18994e-05 0.0561442 -0.0591725 -0.0252454 2.21294e-05 0.0645957 0.0445497 0.0653853 -0.0719666 -0.0740858 0.0773408 0.0750778 -0.0757492 0.0749018 0.0747752 -0.0755721 -0.075999 0.0746603 0.0746043 0.0745396 -0.0753937 0.074494 -0.0753511 -0.075356 0.0745014 -0.0753575
internal_weight=157.791 80.9837 76.8073 21.0327 14.3321 73.8161 25.3454 18.1338 55.7746 50.8488 12.9567 48.4707 42.8281 42.3749 37.2151 37.3769 11.0193 32.2931 27.6277 20.9788 26.3576 16.5519 20.0923 15.6283 12.1393 10.7168
internal_count=692 356 336 89 60 327 109 79 247 226 57 218 191 191 168 167 49 146 125 95 118 75 90 70 55 48
is_linear=0
shrinkage=0.05


Tree=9
num_leaves=28
num_cat=0
split_feature=26 0 7 27 22 17 27 9 25 9 8 28 0 18 28 18 25 27 5 23 23 5 8 22 22 5 25
split_gain=164.072 41.0616 25.4089 24.0609 14.292 8.91644 7.42175 1.63728 1.41684 0.649547 0.626385 0.181378 0.108701 0.0368492 0.035015 0.0160906 0.00173401 0.00123793 0.000738927 0.000457533 0.000185443 9.9613e-05 4.05649e-05 5.18789e-06 1.1769e-06 3.31847e-08 1.58447e-10
threshold=1.0000000180025095e-35 140820.00000000003 2.5000000000000004 8.5000000000000018 47176.984375000007 768.00000000000011 7.5000000000000009 3.3905515670776372 0.7781130075454713 2.1349182128906254 4.5000000000000009 242.50000000000003 50112.000000000007 63744.000000000007 103.50000000000001 154624.00000000003 1.3943323493003847 5.5000000000000009 388580.00000000006 0.66748046875000011 0.95880532264709484 5532.0000000000009 6.5000000000000009 203791.25000000003 202323.37500000003 5333.0000000000009 0.56756341457366954
decision_type=2 2 2 2 2 2 2 2 2 2 2 2 2 2 2 2 2 2 2 2 2 2 2 2 2 2 2
left_child=1 7 3 4 9 -6 8 10 -2 14 12 15 -1 16 -3 -10 19 18 20 22 21 -17 -12 24 -23 26 -24
right_child=6 2 -4 -5 5 -7 -8 -9 11 -11 13 -13 -14 -15 -16 17 -18 -19 -20 -21 -22 23 25 -25 -26 -27 -28
leaf_value=-0.065328169721649551 0.043797127945910404 0.081303765742634385 -0.077646180282911509 -0.080656293404385349 0.032722557701321958 -0.056190213332434305 0.0032726553555855794 -0.041033721683296755 0.075585749534584884 0.056754750258918601 -0.073665423747977604 0.062829098635287892 -0.054337854577304293 -0.078064884061152404 0.07510168416946672 0.072988553840330289 -0.07470586571321422 0.07383656356093031 0.073569218509242543 -0.074040738647454904 0.073173821318408105 0.07273076769985902 -0.073516635088755583 0.072798201309372895 0.072762734417438052 -0.073512060619551914 -0.073516270722229687
leaf_weight=4.4903002977371198 4.6804309189319602 4.4492388218641334 8.8309530317783338 5.1496505737304679 6.798069700598715 4.8181876093149185 4.4918486922979346 4.7487391531467429 7.5833608657121649 5.8272363245487204 5.8872748613357606 4.3765579015016547 4.509129524230957 5.8590344190597525 4.6584588885307312 6.4724346399307313 4.4170067459344855 4.5860028415918341 4.3543445020914069 5.9148564189672461 4.3272683322429648 7.9496739059686679 6.9618382155895251 6.2376136779785147 4.5143178850412369 6.5262652188539496 5.2213494181632996
leaf_count=20 21 19 39 22 28 20 18 20 34 26 27 20 20 26 21 30 20 21 20 27 20 37 32 29 21 30 24
internal_value=1.28395e-05 -0.0407567 -0.00264002 0.0182546 0.0374385 -0.00415665 0.0650726 -0.0690855 0.0701122 0.0697908 -0.0717611 0.0725559 -0.0598215 -0.0743955 0.0781315 0.0734809 -0.0737799 0.0730656 0.0729612 -0.0736459 0.0728715 0.0728195 -0.073551 0.072761 0.0727423 -0.0735149 -0.0735165
internal_weight=154.641 95.0676 40.5318 31.7008 26.5512 11.6163 59.5739 54.5358 55.082 14.9349 49.7871 50.4016 8.99943 40.7876 9.1077 46.025 34.9286 38.4417 33.8557 30.5116 29.5013 25.174 24.5967 18.7016 12.464 18.7095 12.1832
internal_count=692 421 175 136 114 48 271 246 253 66 226 232 40 186 40 212 160 178 157 140 137 117 113 87 58 86 56
is_linear=0
shrinkage=0.05


Tree=10
num_leaves=29
num_cat=0
split_feature=10 18 5 30 0 10 22 20 10 27 11 24 12 19 8 22 12 25 12 10 12 8 19 21 10 5 10 27
split_gain=179.625 21.774 13.428 16.1262 9.71371 1.58371 3.23279 1.13626 0.618835 0.232864 0.176243 0.163546 0.109742 0.058579 0.0113267 0.00594378 0.00317538 0.00053025 0.000450402 0.000245722 0.000106777 5.30991e-05 3.35022e-05 2.09462e-05 2.92894e-06 1.22958e-06 9.55273e-09 1.5264e-09
threshold=6.6406595706939706 87552.000000000015 296083.00000000006 1.0000000180025095e-35 517288.00000000006 7.2801284790039071 41486.400390625007 6.0000000000000009 6.4869177341461191 6.5000000000000009 3.4277992248535161 3.7617187500000004 2.8258566856384282 30193.778320312504 4.5000000000000009 29263.000000000004 1.7390441894531252 0.91649487614631664 1.3779053092002871 5.8505196571350107 3.0773923397064213 6.5000000000000009 7204.5715332031259 379146.00000000006 7.9320485591888437 6756.0000000000009 5.9419906139373788 9.5000000000000018
decision_type=2 2 2 2 2 2 2 2 2 2 2 2 2 2 2 2 2 2 2 2 2 2 2 2 2 2 2 2
left_child=2 -2 3 7 5 6 10 -1 11 15 -3 12 13 14 -9 -7 -16 -17 -19 -18 23 -21 26 -20 25 -25 -23 -28
right_child=1 4 -4 -5 -6 9 -8 8 -10 -11 -12 -13 -14 -15 16 17 19 18 20 21 -22 22 -24 24 -26 -27 27 -29
leaf_value=-0.045270533742530435 -0.052271109225415113 0.061118191733198213 0.010731727348228312 0.012712683142392659 0.00073574597904782729 0.073288400224282166 0.021551570638405765 -0.074751693980404252 -0.053154563050735716 0.082987332403503394 0.073798582156409512 -0.062369731998054657 -0.065018029546830391 -0.077364620249267727 -0.073371088460956982 0.071837935767518721 -0.072255053353944956 0.07176514821518111 0.071266672870120201 -0.072001719742435855 0.07139585404697267 -0.071847182870523996 -0.071689238133066518 0.071142752310926136 0.071177852155380472 0.071110978934975713 -0.071850702166516248 -0.071849476342412358
leaf_weight=5.0129240751266471 4.3997033387422553 4.2836139202117938 7.3827464133501044 6.8434645533561698 5.8474541902542105 4.5489161014556876 5.0720676779747 4.6427814066410056 4.9374786615371695 5.0107079893350592 7.6053701341152191 4.3461495488882056 4.4595139175653449 7.2276774644851676 4.3261069655418387 5.2886523306369773 4.474130347371104 4.4368639588356009 4.1869769394397798 4.6675693690776852 6.7154349684715262 4.2322951704263714 4.2200621366500846 7.3103509396314639 4.1800593584775916 5.2184775471687317 4.4441903978586179 5.9254570007324219
leaf_count=23 18 20 31 30 25 21 22 21 22 22 35 20 20 32 20 25 21 21 20 22 32 20 20 35 20 25 21 28
internal_value=1.29989e-05 0.0556078 -0.0533925 -0.0601788 0.062417 0.0680652 0.054972 -0.0681073 -0.0700843 0.0728006 0.0692298 -0.0716625 -0.0724932 -0.0732481 -0.0724425 0.071582 -0.0721105 0.0713741 0.0712975 -0.0719154 0.0712224 -0.0718508 -0.0718133 0.0711667 0.0711416 0.0711295 -0.0718492 -0.07185
internal_weight=151.247 74.1046 77.1425 69.7598 69.7049 63.8575 16.9611 62.9163 57.9034 46.8964 11.889 52.9659 48.6198 44.1603 36.9326 41.8857 32.2898 37.3368 32.0482 27.9637 27.6113 23.4896 18.822 20.8959 16.7089 12.5288 14.6019 10.3696
internal_count=692 341 351 320 323 298 77 290 267 221 55 245 225 205 173 199 152 178 153 132 132 111 89 100 80 60 69 49
is_linear=0
shrinkage=0.05


Tree=11
num_leaves=29
num_cat=0
split_feature=10 18 0 28 0 4 7 17 23 17 3 10 12 19 11 10 22 32 22 23 23 5 11 5 10 23 10 0
split_gain=165.878 21.5953 12.6733 15.4494 9.24464 6.22867 3.6966 5.71927 1.89357 0.987972 0.439928 0.895299 0.190494 0.0831207 0.0388852 0.0337896 0.0318904 0.00831373 0.00292197 0.000491866 0.000356075 7.33211e-05 4.67692e-05 1.24685e-06 8.45458e-07 6.27832e-07 6.84331e-08 1.86976e-10
threshold=6.6406595706939706 85248.000000000015 128332.50000000001 46.500000000000007 517288.00000000006 258.50000000000006 2.5000000000000004 1280.0000000000002 0.96286892890930187 2816.0000000000005 5.5000000000000009 7.5671324729919442 2.8801944255828862 40813.714843750007 3.3071039915084843 7.6989610195159921 41486.400390625007 2.5000000000000004 11176.366699218752 0.026367187500000003 0.64160156250000011 5532.0000000000009 6.5211443901062021 6569.5000000000009 6.0779700279235849 0.86303710937500011 5.9088075160980233 54360.000000000007
decision_type=2 2 2 2 2 2 2 2 2 2 2 2 2 2 2 2 2 2 2 2 2 2 2 2 2 2 2 2
left_child=2 -2 9 5 8 -4 7 -5 10 12 13 -12 17 -3 -8 16 -15 -1 19 24 -17 -22 23 25 26 -23 -19 -28
right_child=1 4 3 6 -6 -7 14 -9 -10 -11 11 -13 -14 15 -16 20 -18 18 -20 -21 21 22 -24 -25 -26 -27 27 -29
leaf_value=-0.072630288737993862 -0.056470327712507519 0.07663546944772201 -0.013157074563385641 0.008229679181643473 0.0006990143752477262 0.068504603847332243 -0.071158091633289511 -0.069834993615908988 0.040055663237234827 -0.047735683099853411 0.042370647879949964 0.070739675884745862 -0.059881477737937651 0.070386327928228062 -0.077789373294366207 0.070264573720428991 0.076312396449418785 -0.070327873811445216 -0.071651265142754966 -0.070848442945784046 0.069962922955996945 0.069713228753199866 0.069875913646594331 0.069665725320508576 -0.070358427473101587 0.069688435658959311 -0.07033547209552464 -0.070335011007208056
leaf_weight=7.0524242669343939 4.1638853102922431 7.0470577329397193 4.6910562515258807 4.8299763649702072 5.8470122665166846 4.6493828147649765 4.153440535068512 4.5625752806663513 6.1291663050651541 5.6686774641275397 4.2423757314681998 8.074230492115019 4.2175566405057898 4.526320353150366 4.7263083904981613 4.3072975724935558 4.5546140074729919 4.9319447875022986 6.7207472175359717 6.4298779070377341 4.078248098492625 4.0562377572059649 4.2735189944505683 4.2546140253543845 4.1125000417232505 6.8918952494859695 4.1106022447347623 4.7271473258733749
leaf_count=33 17 32 20 21 25 20 20 20 28 26 20 39 20 22 21 21 21 24 32 31 20 20 21 21 20 34 20 23
internal_value=1.4006e-05 0.0540765 -0.0518042 -0.0248183 0.0608177 0.0274916 -0.0515581 -0.0296914 0.0664477 -0.0673374 0.0693206 0.0609681 -0.0699641 0.0716591 -0.0746876 0.0707099 0.0733586 -0.0710806 -0.0707285 -0.0704734 0.0698466 0.0697701 0.0697298 0.0696887 -0.0703385 0.0696976 -0.0703326 -0.0703352
internal_weight=148.031 72.4465 75.5842 27.6127 68.2826 9.34044 18.2723 9.39255 62.4356 47.9715 56.3064 12.3166 42.3028 43.9898 8.87975 36.9427 9.08093 38.0852 31.0328 24.3121 27.8618 23.5545 19.4763 15.2027 17.8822 10.9481 13.7697 8.83775
internal_count=692 341 351 122 324 40 82 41 299 229 271 59 203 212 41 180 43 183 150 118 137 116 96 75 87 54 67 43
is_linear=0
shrinkage=0.05


Tree=12
num_leaves=30
num_cat=0
split_feature=26 0 7 27 23 27 12 9 25 3 12 12 11 11 18 18 3 25 4 3 12 25 5 25 23 21 0 18 28
split_gain=130.383 33.4297 20.6028 21.0114 12.4421 6.72562 6.00839 1.72288 1.36934 0.672546 0.271148 0.195697 0.10631 0.0489897 0.0282496 0.00976771 0.00388044 0.00274645 0.00151394 0.000719811 0.000274485 0.000560699 3.25944e-05 2.7897e-05 6.59968e-06 2.62393e-07 3.29963e-08 3.68746e-09 3.39455e-09
threshold=1.0000000180025095e-35 140820.00000000003 2.5000000000000004 8.5000000000000018 0.63830566406250011 7.5000000000000009 2.8864732980728154 3.3905515670776372 0.7781130075454713 4.5000000000000009 1.996762812137604 0.8984164595603944 3.3071039915084843 3.4691851139068608 63744.000000000007 156672.00000000003 7.5000000000000009 1.3943323493003847 264.50000000000006 5.5000000000000009 2.7116147279739384 8.3386642932891863 74229.000000000015 0.93234333395957958 0.87917479872703563 773130.00000000012 41728.000000000007 14592.000000000002 136.00000000000003
decision_type=2 2 2 2 2 2 2 2 2 2 2 2 2 2 2 2 2 2 2 2 2 2 2 2 2 2 2 2 2
left_child=1 7 3 4 6 8 10 9 -2 12 -3 -10 -1 -12 17 16 -13 19 -17 -11 22 -22 24 26 25 -20 -21 -28 -29
right_child=5 2 -4 -5 -6 -7 -8 -9 11 14 13 15 -14 -15 -16 18 -18 -19 20 23 21 -23 -24 -25 -26 -27 27 28 -30
leaf_value=-0.048636894683558002 0.039019141940570511 0.063609063642819388 -0.072647306265191433 -0.07748387027560405 -0.01985584730849976 0.0015890774337538487 0.0078725194427958552 -0.034817722621805547 0.057596411921066959 -0.069569037405759593 0.075022650453760997 0.071531237392007493 -0.059868926603853338 0.082336372485662848 -0.073189133440001775 0.069424178917954146 0.069456101458774372 -0.070509305020485205 0.068368996175805496 -0.068947301653850657 0.069178989210473663 0.068438729620569641 0.068548563703885651 -0.069095245788279067 0.068438023972988482 0.068351763403515439 -0.068951238573185414 -0.0689540608215609 -0.068952114919994853
leaf_weight=4.2245540022850019 4.4355621337890616 4.3987166434526541 8.2261226922273618 4.9794910103082648 7.408076047897338 4.4703752696514121 4.6358633041381827 4.5706114917993537 4.0480896383523932 6.868737697601321 4.5382830500602704 4.8151725083589536 4.2022345811128616 4.6210422664880753 5.4681322276592246 6.0335941314697257 4.2335271388292313 4.1042311638593665 4.3227458298206383 3.9857751429081025 4.4046313464641553 6.1014392971992493 3.9465556740760794 4.1989740133285514 3.9361871629953376 4.5172648280858994 3.9861481189727774 4.3850571364164335 4.5841658413410187
leaf_count=20 21 21 39 22 32 18 20 20 20 34 21 23 20 20 26 30 21 20 22 20 22 31 20 21 20 23 20 22 23
internal_value=1.40345e-05 -0.0373118 -0.00240369 0.0164912 0.034769 0.0603851 0.0570107 -0.0640958 0.0655596 -0.0670044 0.0738124 0.068099 -0.054238 0.0787126 -0.069867 0.0691038 0.0705604 -0.0693014 0.0687076 -0.0691244 0.0685488 0.0687491 0.068423 -0.0689799 0.0683842 0.0683602 -0.0689513 -0.0689525 -0.0689531
internal_weight=144.651 89.3862 38.8076 30.5815 25.602 55.2651 18.1939 50.5786 50.7948 46.008 13.558 46.3592 8.42679 9.15933 37.5812 42.3111 9.0487 32.1131 33.2624 28.0089 27.2288 10.5061 16.7228 21.1401 12.7762 8.84001 16.9411 12.9554 8.96922
internal_count=692 421 175 136 114 271 82 246 253 226 62 232 40 41 186 212 44 160 168 140 138 53 85 106 65 45 85 65 45
is_linear=0
shrinkage=0.05


Tree=13
num_leaves=26
num_cat=0
split_feature=10 18 0 18 28 8 10 4 9 10 10 18 10 24 22 18 8 4 12 12 24 20 25 10 10
split_gain=143.195 15.1269 10.3562 10.0659 10.56 8.49437 3.01829 5.383 1.09602 0.418874 0.368463 0.118493 0.0174365 0.00398518 0.00168793 0.00126273 0.000807535 0.0003001 0.00015766 0.000121458 0.000119049 1.22936e-05 2.23897e-05 1.17743e-05 1.98611e-07
threshold=6.5818047523498544 85248.000000000015 517288.00000000006 124160.00000000001 157.00000000000003 5.5000000000000009 6.9685943126678476 4754.5000000000009 3.126909732818604 7.2801284790039071 5.73103952407837 102656.00000000001 7.7113487720489511 4.5390625000000009 18293.000000000004 158208.00000000003 5.5000000000000009 270.50000000000006 1.4232007265090945 2.3997657299041752 25.002309799194339 102.00000000000001 0.61848086118698131 7.8747975826263437 5.9339096546173105
decision_type=2 2 2 2 2 2 2 2 2 2 2 2 2 2 2 2 2 2 2 2 2 2 2 2 2
left_child=3 -2 6 8 5 -5 7 -3 10 -8 -1 -11 -13 14 16 -14 -12 -17 -19 23 -21 22 24 -20 -18
right_child=1 2 -4 4 -6 -7 9 -9 -10 11 13 12 15 -15 -16 17 21 18 19 20 -22 -23 -24 -25 -26
leaf_value=-0.055631341366651377 -0.032742366852476855 -0.00099913029718783379 -0.0059919407435102649 -0.038806041192524239 -0.066108951719244302 0.046807108471482617 0.055168034805806537 0.068776280504441276 -0.039987707235431769 0.076646154408522862 -0.068314102349840505 0.070934579539420117 0.068362862230226959 -0.069548251297179217 -0.068947757998300926 0.067756388838202772 -0.067676234049353509 0.067635159812340126 0.067142785278490449 0.067620139480854907 0.06726230912013817 -0.067646632351217137 -0.067819485043580013 0.067241269238268939 -0.067690607542353606
leaf_weight=6.9342172443866721 5.246006339788436 4.9105823785066587 6.230110526084899 5.2308567017316836 7.9233400523662558 6.4944185167551041 6.530757248401641 6.3237219154834747 4.3710344284772864 4.2843810468912116 7.0594095438718822 4.1848008483648291 3.9260820448398581 4.6227222532033911 3.9711707383394232 5.2180638760328319 3.8593611121177691 3.8532536923885372 7.0348330885171908 4.2359955459833127 5.1507269442081451 7.3268199563026419 4.4548294097185126 5.337564617395401 6.3704463988542557
leaf_count=34 22 21 27 22 38 29 32 32 20 20 36 21 20 23 20 27 20 20 37 22 27 38 23 28 33
internal_value=1.45658e-05 0.0490312 0.0554129 -0.051751 -0.0215184 0.00861354 0.0616853 0.038277 -0.0638815 0.0669706 -0.0662232 0.0687538 0.0678855 -0.0681732 -0.0679809 0.0675183 -0.0678488 0.0674108 0.0673404 0.0672882 0.0674238 -0.0676995 -0.0677259 0.0671853 -0.0676852
internal_weight=141.086 72.4669 67.2209 68.6186 19.6486 11.7253 60.9908 11.2343 48.97 49.7565 44.599 43.2257 38.9413 37.6648 33.042 34.7565 29.0709 30.8304 25.6124 21.7591 9.38672 22.0115 14.6846 12.3724 10.2298
internal_count=692 356 334 336 89 51 307 53 247 254 227 222 202 193 170 181 150 161 134 114 49 114 76 65 53
is_linear=0
shrinkage=0.05


Tree=14
num_leaves=26
num_cat=0
split_feature=10 27 30 5 10 5 21 20 24 22 0 33 5 3 17 12 27 4 12 12 3 10 10 10 12
split_gain=132.725 18.0632 9.14038 10.5324 5.03571 8.22777 2.43625 1.23976 0.162116 0.161809 0.245657 0.509934 0.026148 0.0170786 0.00808521 0.00273192 0.00102263 0.000456301 0.000171863 7.87505e-05 6.06189e-05 2.56104e-05 2.05994e-07 1.95297e-08 2.11507e-08
threshold=6.5818047523498544 7.5000000000000009 1.0000000180025095e-35 296083.00000000006 7.3105976581573495 77060.500000000015 140300.00000000003 6.0000000000000009 4.7968750000000009 40295.357421875007 91280.000000000015 1.0000000180025095e-35 109899.00000000001 4.5000000000000009 768.00000000000011 1.7893599867820742 5.5000000000000009 264.50000000000006 1.4196273088455202 3.0773923397064213 6.5000000000000009 7.9320485591888437 7.8641238212585458 5.9088075160980233 2.309736013412476
decision_type=2 2 2 2 2 2 2 2 2 2 2 2 2 2 2 2 2 2 2 2 2 2 2 2 2
left_child=2 4 3 7 5 -2 12 -1 9 10 13 -12 -7 -9 -6 -15 17 -16 -19 21 -17 22 -20 -22 -25
right_child=1 -3 -4 -5 14 6 -8 8 -10 -11 11 -13 -14 15 16 20 -18 18 19 -21 23 -23 -24 24 -26
leaf_value=-0.038275561959613215 -0.0086912479061810616 -0.028437064575056265 0.0072173374663871762 0.0073978037109221854 0.068338310620514917 0.067138218715229819 0.025691885538553429 -0.069641724609537409 -0.05565333156772273 -0.074469883304892279 -0.044116974136036984 -0.067266308955195503 0.072033138731158075 -0.068030464081527603 0.066757774351953333 -0.066732992349087125 0.067036570431598205 0.066504257449071111 0.066043720368216291 0.066291857231969578 -0.066527905053028621 0.066179645866333375 0.066030078065803424 -0.066533494255463205 -0.066528896683272734
leaf_weight=4.5705583393573752 6.8082187026739147 7.0059293806552878 6.2250733822584143 5.8453224897384635 6.2475234419107428 7.2160433232784289 4.5125493854284278 6.8545674383640316 3.8770693689584723 5.3558282703161231 3.8408011049032194 6.2500417083501816 4.3868701756000519 3.8655975908041027 4.1284238100051907 4.8834978193044671 5.1109173595905295 3.7298621386289623 6.2530287653207797 5.930011272430419 4.4811692833900461 4.432365581393241 4.9634738862514496 6.9096445292234403 3.9211409389972687
leaf_count=23 30 29 29 25 32 38 20 34 20 25 19 33 21 20 22 26 27 20 34 32 24 24 27 37 21
internal_value=1.58782e-05 0.0477677 -0.0504812 -0.0564028 0.0561464 0.0373952 0.0568652 -0.063207 -0.0654751 -0.0662965 -0.065229 -0.0584552 0.0689889 -0.0674399 0.066683 -0.0668127 0.0663837 0.0662704 0.0661909 0.0661367 -0.0665796 0.0660779 0.0660377 -0.0665307 -0.0665318
internal_weight=137.606 70.7252 66.8803 60.6552 63.7193 22.9237 16.1155 54.8099 50.2394 46.3623 41.0065 10.0908 11.6029 30.9156 40.7956 24.0611 34.5481 29.4372 25.3087 21.5789 20.1955 15.6489 11.2165 15.312 10.8308
internal_count=692 356 336 307 327 109 79 282 259 239 214 52 59 162 218 128 186 159 137 117 108 85 61 82 58
is_linear=0
shrinkage=0.05


Tree=15
num_leaves=29
num_cat=0
split_feature=10 18 32 7 3 27 18 23 25 25 10 9 10 22 22 24 22 23 25 2 3 10 18 20 28 24 22 24
split_gain=123.154 17.5177 9.92974 17.3741 11.4642 7.57025 2.23503 2.0299 1.69394 1.40949 0.22089 0.138444 0.0516966 0.053432 0.0351663 0.00867994 0.00501332 0.00251829 0.00244695 0.000873261 0.000759806 6.0618e-05 4.17489e-05 2.51616e-05 1.78392e-05 1.77049e-05 5.96595e-06 1.54834e-07
threshold=6.6406595706939706 85248.000000000015 2.5000000000000004 2.5000000000000004 3.5000000000000004 8.5000000000000018 373504.00000000006 0.96286892890930187 0.91519513726234447 0.76570937037467968 6.4869177341461191 4.3745036125183114 7.6989610195159921 44023.250000000007 30898.416992187504 1.4560546875000002 20854.077148437504 0.50878906250000011 1.3147950172424319 17368.000000000004 4.5000000000000009 5.8649613857269296 360960.00000000006 46.000000000000007 110.50000000000001 0.99519720673561107 199465.87500000003 3.3869779109954838
decision_type=2 2 2 2 2 2 2 2 2 2 2 2 2 2 2 2 2 2 2 2 2 2 2 2 2 2 2 2
left_child=2 -2 3 4 -1 7 10 9 -6 -3 14 12 13 15 18 -11 -5 -14 19 -4 22 -21 26 25 -25 -23 -19 -28
right_child=1 5 6 16 8 -7 -8 -9 -10 11 -12 -13 17 -15 -16 -17 -18 20 -20 21 -22 23 -24 24 -26 -27 27 -29
leaf_value=-0.042419128093870016 -0.05137763313820333 0.035773051449467561 -0.066289613580577264 -0.067067943889115952 0.073099226184640584 -0.0097255075296031595 -0.026920594358275537 0.031323607483773268 0.028875630377619227 0.068883060531331267 -0.054742486006831265 0.057420827644778773 0.066543270528036533 0.073982723484491614 -0.070503379394099952 0.066158798700007404 -0.069269533258364213 0.065075686860548571 -0.066945110038196837 -0.06568575845385205 0.065748492423521362 -0.065467978045138112 0.065201007015126641 -0.065468120661797233 -0.065317385861325211 -0.065607348010481598 0.064993068592747075 0.065006158463847538
leaf_weight=5.3111921399831781 4.0735821276903144 4.2289727479219428 4.2470813840627732 7.3809198886156082 4.3102245628833753 4.1260927170515052 4.2563872933387747 5.4357036948204032 4.3514253348112106 5.1191376447677595 4.567398950457572 4.3805221617221823 4.2699140310287502 4.0346993505954734 4.6195774823427191 6.8181958496570587 3.9801834523677826 3.7371482998132768 4.1328324675559989 3.8155598342418697 5.2734387516975394 6.1351415663957614 4.2905584424734107 4.3305720686912528 3.5900759398937225 3.6252486109733582 3.549400255084036 6.2143905162811279
leaf_count=24 17 21 23 39 20 17 19 27 20 26 22 24 23 20 23 37 20 21 22 21 29 34 24 24 20 20 20 35
internal_value=1.76644e-05 0.049035 -0.0467848 -0.0219192 0.0154176 0.0556884 -0.0613265 0.0603944 0.0508822 0.0634382 -0.0650754 0.0658916 0.0667484 0.0690083 -0.0664435 0.0673271 -0.0678392 0.0654279 -0.0658158 -0.0656345 0.0652214 -0.065505 0.0650651 -0.065466 -0.0653998 -0.0655197 0.065022 0.0650014
internal_weight=134.206 65.5518 68.6538 25.3339 13.9728 61.4782 43.3199 57.3521 8.66165 51.9164 39.0635 47.6874 43.3069 15.972 34.4961 11.9373 11.3611 27.3349 29.8765 25.7437 23.0649 21.4966 17.7915 17.681 7.92065 9.76039 13.5009 9.76379
internal_count=692 341 351 123 64 324 228 307 40 280 209 259 235 83 187 63 59 152 164 142 129 119 100 98 44 54 76 55
is_linear=0
shrinkage=0.05


Tree=16
num_leaves=27
num_cat=0
split_feature=10 27 5 30 10 33 20 21 12 32 27 0 19 25 15 23 12 4 19 25 12 25 0 11 9 21
split_gain=114.358 14.6561 10.2514 11.9473 3.49477 10.8117 1.1507 1.01222 0.630157 0.214627 0.177952 0.538764 0.0685049 0.0062971 0.0058866 0.00154742 0.00131413 0.00100559 0.000235058 0.000225623 8.75856e-05 5.83875e-05 4.61539e-05 1.98718e-05 6.19773e-06 2.82324e-08
threshold=6.6406595706939706 7.5000000000000009 296083.00000000006 1.0000000180025095e-35 7.3105976581573495 1.0000000180025095e-35 6.0000000000000009 102906.00000000001 2.8386291265487675 4.5000000000000009 6.5000000000000009 128332.50000000001 24288.000000000004 0.79715943336486828 5.5000000000000009 0.96210780739784252 2.1682687997817998 264.50000000000006 87347.199218750015 0.65694978833198558 1.4333977699279787 0.93234333395957958 411648.00000000006 5.9120540618896493 3.6401603221893315 19288.000000000004
decision_type=2 2 2 2 2 2 2 2 2 2 2 2 2 2 2 2 2 2 2 2 2 2 2 2 2 2
left_child=2 4 3 6 5 -2 -1 -7 10 -9 12 16 14 -6 -8 17 -12 -15 -19 -16 -20 25 23 -22 -24 -18
right_child=1 -3 -4 -5 13 7 8 9 -10 -11 11 -13 -14 15 19 -17 21 18 20 -21 22 -23 24 -25 -26 -27
leaf_value=-0.035565227596799039 -0.034591697918413093 -0.023192852651036992 0.01111521578799129 0.012491974453473678 0.066614498960428578 0.034488161293311712 -0.06658636518625817 0.071812023443254713 -0.04461538450724159 0.058195053143097544 -0.065620776030548153 -0.044803649729926627 -0.07151110834920292 0.064948902993818503 -0.064456297454435554 0.065325205333958761 -0.064486163289408191 0.064593754746891371 0.064378029721105054 -0.064943556287919368 0.064284501424553442 -0.064717181093808987 0.06397631665285014 0.064116705305656677 0.064060282016056277 -0.064480576012654237
leaf_weight=4.3767797499895087 3.9985051304101971 6.5102540254592887 7.1010056138038626 6.3350223898887625 3.9104009568691245 3.5461866259574881 6.8699024766683641 5.8018845617771131 4.5577098578214637 5.7732437252998352 3.6061560362577501 4.2021444439887992 6.5503025501966468 5.8226461857557323 5.3932039290666562 4.8393859118223181 6.444541320204733 3.4944524466991451 3.4687520414590862 4.2463127225637436 3.4560399651527431 3.6884057223796836 3.4144997894763929 3.6049617528915405 6.167201429605484 3.4827946573495865
leaf_count=23 17 27 31 30 21 18 37 29 23 32 20 22 32 33 31 27 37 20 20 24 20 21 20 21 36 20
internal_value=1.76377e-05 0.0478976 -0.0456809 -0.0524305 0.055975 0.0385258 -0.0601299 0.0578601 -0.0623222 0.0650204 -0.0641364 -0.0608555 -0.0671846 0.0647136 -0.065468 0.0644967 -0.0647721 0.0643604 0.0642152 -0.0646709 0.0641495 -0.0645473 0.0641018 0.0641988 0.0640304 -0.0644842
internal_weight=130.663 63.8084 66.8543 59.7533 57.2982 19.1198 53.4183 15.1213 49.0415 11.5751 44.4838 21.424 23.0597 38.1783 16.5094 34.2679 17.2219 29.4286 23.6059 9.63952 20.1115 13.6157 16.6427 7.061 9.5817 9.92734
internal_count=692 341 351 320 314 96 290 79 267 61 244 120 124 218 92 197 98 170 137 55 117 78 97 41 56 57
is_linear=0
shrinkage=0.05


Tree=17
num_leaves=27
num_cat=0
split_feature=10 27 18 28 8 10 23 23 9 10 28 25 25 32 22 23 4 10 19 12 0 12 11 9 12 28
split_gain=106.227 15.1469 8.80414 9.64762 7.03934 4.84027 7.95938 3.82005 1.28186 0.442382 0.035661 0.00617273 0.00518885 0.00274761 0.00191814 0.0012743 0.000833715 0.000736485 0.000194035 7.21811e-05 3.80814e-05 3.04388e-05 1.63744e-05 5.10658e-06 1.56844e-06 4.72894e-07
threshold=6.5818047523498544 7.5000000000000009 124160.00000000001 157.00000000000003 5.5000000000000009 7.3105976581573495 0.78320312500000011 0.20703125000000003 3.1739019155502324 5.73103952407837 110.50000000000001 1.4226682782173159 0.79715943336486828 1.5000000000000002 41454.400390625007 0.96210780739784252 264.50000000000006 6.3354051113128671 87347.199218750015 1.4333977699279787 411648.00000000006 2.312430858612061 5.9120540618896493 3.6401603221893315 2.1607319116592412 114.50000000000001
decision_type=2 2 2 2 2 2 2 2 2 2 2 2 2 2 2 2 2 2 2 2 2 2 2 2 2 2
left_child=2 5 8 4 -4 6 7 -2 9 -1 -9 13 -7 -11 -12 16 -14 21 -18 -20 22 24 -21 -22 -15 -26
right_child=1 -3 3 -5 -6 12 -8 10 -10 11 14 -13 15 17 -16 -17 18 -19 19 20 23 -23 -24 -25 25 -27
leaf_value=-0.049664557045227209 0.010047906631488517 -0.025394738252129498 -0.033119942856371154 -0.062834799902873065 0.046324176711973857 0.065547696983509915 -0.015932987220173569 0.070324728820317026 -0.031740815246801155 -0.064991789110587228 0.063822674213940916 -0.065987762283214998 0.064011350931338959 -0.063543327511748751 0.065426554899483735 0.064357092310391856 0.063681365170552603 -0.064388896782750046 0.063481622858347672 0.063395207109428947 0.063110194130436045 -0.063706149841529183 0.063240085542333582 0.063187821562455018 -0.06356922841791561 -0.063591103938482912
leaf_weight=6.1833610385656348 3.9755584895610836 6.9331758916378012 5.0360118746757525 7.3212373703718177 6.2474873065948486 3.7786806374788275 5.8310189992189398 4.3393061310052854 3.8555572032928458 5.3124689012765911 3.7324693351984024 4.3329702615737906 5.6177258044481304 3.3540927022695604 3.7240447402000427 4.6708467304706565 3.3704359382391003 3.6276154369115821 3.3449832648038891 3.3324271440506008 3.291411414742468 6.2450604587793341 3.4754677712917328 5.9453585147857666 4.0293992161750776 6.3857660591602325
leaf_count=34 18 29 22 38 29 21 26 22 19 30 22 24 33 20 21 27 20 21 20 20 20 37 21 36 24 38
internal_value=1.92925e-05 0.0444795 -0.0469047 -0.0181358 0.010867 0.0527707 0.0339809 0.0524351 -0.0592583 -0.0619463 0.0667209 -0.0642277 0.0637925 -0.0639643 0.0646237 0.0635918 0.0634658 -0.0637334 0.0633312 0.0632703 0.0632263 -0.0636146 0.063316 0.0631602 -0.0635731 -0.0635826
internal_weight=127.294 65.3629 61.931 18.6047 11.2835 58.4297 21.6024 15.7714 43.3263 39.4707 11.7958 33.2874 36.8273 28.9544 7.45651 33.0487 28.3778 23.6419 22.7601 19.3896 16.0447 20.0143 6.80789 9.23677 13.7693 10.4152
internal_count=692 356 336 89 51 327 109 83 247 228 65 194 218 170 43 197 170 140 137 117 97 119 41 56 82 62
is_linear=0
shrinkage=0.05


Tree=18
num_leaves=29
num_cat=0
split_feature=10 18 0 28 5 14 10 4 10 15 7 7 28 33 5 10 23 24 15 11 11 10 23 0 12 12 0 0
split_gain=98.9544 15.2088 9.43218 10.9526 7.75723 7.29406 6.66898 1.63579 1.82288 1.10156 2.09254 0.604503 0.229064 0.220852 0.0512732 0.0478205 0.00837731 0.00410639 0.00180684 0.00106772 0.000936534 0.000459577 0.000433987 8.21627e-05 2.31293e-05 4.33467e-06 7.43316e-07 3.6917e-09
threshold=6.6406595706939706 85248.000000000015 128332.50000000001 104.50000000000001 171180.50000000003 1.5000000000000002 7.5057497024536142 280.50000000000006 6.6441054344177255 4.5000000000000009 2.5000000000000004 2.5000000000000004 265.50000000000006 3.5000000000000004 4976.0000000000009 7.1326670646667489 0.88867187500000011 3.0195312500000004 7.5000000000000009 5.1032323837280282 3.2385541200637822 6.195669651031495 0.95880532264709484 395776.00000000006 1.5356482267379763 2.2175996303558354 61184.000000000007 50952.000000000007
decision_type=2 2 2 2 2 2 2 2 2 2 2 2 2 2 2 2 2 2 2 2 2 2 2 2 2 2 2 2
left_child=2 -2 9 5 7 -4 -6 12 -9 10 -1 -5 13 14 -3 -16 18 19 20 -17 -11 -22 23 -19 -25 -20 27 -27
right_child=1 4 3 11 6 -7 -8 8 -10 16 -12 -13 -14 -15 15 17 -18 22 25 -21 21 -23 -24 24 -26 26 -28 -29
leaf_value=-0.015363501217636549 -0.048274587439747441 0.070142185280023583 -0.022770701406093632 -0.043029706525620375 -0.039361648920186294 0.052652142680892737 0.049035569600901302 0.063340432287053258 0.013071456580108923 -0.064142774902399488 -0.065087741328273579 -0.065619526089476687 0.076618303114303371 0.051692842374508143 0.068857626497606059 0.064647294958845955 -0.065716509884119298 0.062650624954501799 -0.062801628669276868 0.063438274708637485 -0.063684126379557032 -0.062907006439436239 0.063105105638178768 0.062509768681297664 0.062346106791919154 -0.062744232310627271 -0.062716893081763425 -0.062746460015774302
leaf_weight=3.7877624630928022 4.005033165216445 3.58471755683422 6.8547707498073596 6.0366923809051496 3.9103797525167447 6.0213937312364578 4.6959033310413361 3.650811791419982 3.5639219284057617 4.6109529286623037 4.7933188378810883 5.8135367780923843 3.4780420064926139 3.7491009831428519 4.0544915646314648 3.4922345131635693 3.5672864913940421 5.3159172832965877 3.4075564593076715 3.8276005387306213 3.3507350981235504 4.4016862362623215 3.6132772117853156 3.3611840903758985 6.034579411149025 3.2371738851070386 3.2330007255077362 4.370638445019722
leaf_count=20 17 20 31 29 17 29 27 22 19 27 27 33 17 23 22 20 20 33 21 23 20 27 22 21 38 20 20 27
internal_value=2.14929e-05 0.0458709 -0.0435535 -0.0194241 0.0525644 0.0124999 0.00887111 0.0604434 0.0385086 -0.0589465 -0.043139 -0.0541119 0.0643499 0.0631977 0.0644936 0.0638118 -0.0634412 0.063014 -0.0631362 0.0640151 -0.0635785 -0.0632429 0.0626141 0.0624935 0.0624047 -0.0627524 -0.062737 -0.0627455
internal_weight=123.824 60.3372 63.4865 24.7264 56.3322 12.8762 8.60628 47.7259 7.21473 38.7601 8.58108 11.8502 40.5111 37.0331 33.284 29.6993 30.179 25.6448 26.6117 7.31984 12.3634 7.75242 18.325 14.7117 9.39576 14.2484 10.8408 7.60781
internal_count=692 341 351 122 324 60 44 280 41 229 47 62 239 222 199 179 182 157 162 43 74 47 114 92 59 88 67 47
is_linear=0
shrinkage=0.05


Tree=19
num_leaves=29
num_cat=0
split_feature=10 21 5 5 10 32 7 11 4 10 28 33 23 14 19 5 10 29 19 24 25 23 5 5 22 10 10 24
split_gain=92.0113 10.9448 9.06374 7.38931 6.11324 5.70072 11.7479 5.25629 1.61327 1.7701 0.218921 0.220566 0.197958 0.854635 0.0475795 0.0430876 0.035307 0.0294253 0.00361704 0.00294112 0.000408708 0.000361123 6.082e-05 2.67224e-05 2.38862e-05 5.55001e-06 2.19029e-08 9.63709e-10
threshold=6.6406595706939706 89228.000000000015 296083.00000000006 171180.50000000003 7.5057497024536142 1.5000000000000002 2.5000000000000004 3.3795642852783208 280.50000000000006 6.6441054344177255 322.00000000000006 3.5000000000000004 0.75537109375000011 1.5000000000000002 20352.000000000004 5166.0000000000009 7.1332314014434823 1.0000000180025095e-35 20352.000000000004 3.0195312500000004 0.65694978833198558 0.95880532264709484 7005.5000000000009 5532.0000000000009 5730.0273437500009 7.9143111705780038 5.8938167095184335 0.99132719635963451
decision_type=2 2 2 2 2 2 2 2 2 2 2 2 2 2 2 2 2 2 2 2 2 2 2 2 2 2 2 2
left_child=2 -2 5 8 -5 6 7 -1 10 -10 11 15 13 -7 -14 -3 -17 20 -8 -18 24 22 23 -21 26 -25 -15 -28
right_child=1 3 -4 4 -6 12 18 -9 9 -11 -12 -13 14 17 -16 16 19 -19 -20 21 -22 -23 -24 25 -26 -27 27 -29
leaf_value=0.058972157359579017 -0.027580898105646318 0.068469882678727043 0.011411776461223684 -0.037312326565254822 0.047734597914804493 -0.040633665321644225 -0.063440865594088278 -0.020153600003165406 0.0625224605095034 0.012471333722262608 0.076168328779024727 0.050613643271011137 -0.063288039944873364 -0.061965926501136026 -0.069862841103678852 0.067341532352732492 0.063104178933216418 -0.067382113953869394 -0.065432661406819248 0.061798230764261067 -0.06262084049988681 0.06230440712871195 0.061929445263594854 0.061574543484611978 -0.062126484629087889 0.061662094463011234 -0.061971437552126155 -0.061970298598866817
leaf_weight=3.9303357154130936 4.786381170153617 3.9869445562362698 6.9069706648588172 3.9186649024486524 4.585524246096611 5.4467397332191494 5.8264186084270477 4.50413878262043 3.5170354545116416 3.5490369200706482 3.0801062583923331 3.6403657943010321 6.2325840294361097 3.1163083463907295 4.9268300384283066 3.8633881509304073 6.3878455013036755 3.1543927341699591 3.7439639866352081 3.2433778941631335 3.3559504449367514 3.4801012426614752 3.1086187660694113 3.0525925606489182 3.1387176513671866 4.447346568107605 4.0523459017276764 3.4287078231573105
leaf_count=20 22 23 31 17 27 32 35 22 22 19 15 23 38 20 25 22 39 18 21 21 21 22 20 20 20 29 26 22
internal_value=2.26658e-05 0.0448767 -0.0425677 0.0513156 0.00854563 -0.0493641 -0.0263043 0.0167178 0.0593348 0.0373836 0.0633857 0.0622675 -0.0606303 -0.0582152 -0.0661908 0.0636113 0.062909 -0.0629451 -0.0642201 0.0621871 -0.0621262 0.0618491 0.0617347 0.0616783 -0.0620053 0.0616265 -0.0619694 -0.0619709
internal_weight=120.412 58.6473 61.7644 53.8609 8.50419 54.8574 18.0049 8.43447 45.3568 7.06607 38.2907 35.2106 36.8526 25.6932 11.1594 31.5702 27.5833 20.2464 9.57038 23.7199 17.092 17.332 13.8519 10.7433 13.7361 7.49994 10.5974 7.48105
internal_count=692 341 351 319 44 320 98 42 275 41 234 219 222 159 63 196 173 127 56 151 109 112 90 70 88 49 68 48
is_linear=0
shrinkage=0.05


Tree=20
num_leaves=30
num_cat=0
split_feature=26 0 28 24 19 27 27 18 9 25 3 28 21 25 29 18 18 24 0 32 27 5 25 33 5 9 19 12 12
split_gain=73.5492 20.8679 13.4794 9.76652 9.73575 7.05548 4.71774 4.06264 2.0664 1.50845 0.785713 0.240713 0.174255 0.110756 0.053215 0.0281983 0.00526694 0.00313777 0.000791735 0.000640494 0.000308397 0.000148222 0.000138212 0.000130191 1.55381e-05 2.69063e-06 1.32568e-07 7.48896e-09 3.32925e-10
threshold=1.0000000180025095e-35 140820.00000000003 157.00000000000003 2.6682128906250004 30193.778320312504 5.5000000000000009 7.5000000000000009 270848.00000000006 3.4144024848937993 0.7781130075454713 4.5000000000000009 242.50000000000003 24784.000000000004 1.1418055891990664 2.5000000000000004 63744.000000000007 145920.00000000003 4.2312884330749521 466432.00000000006 2.5000000000000004 4.5000000000000009 142139.50000000003 0.9390399456024171 2.5000000000000004 5540.0000000000009 3.4144024848937993 4522.6667480468759 2.2322669029235844 2.2670115232467656
decision_type=2 2 2 2 2 2 2 2 2 2 2 2 2 2 2 2 2 2 2 2 2 2 2 2 2 2 2 2 2
left_child=1 8 3 4 -3 -4 9 -6 10 -2 12 16 -1 -5 -7 17 -11 19 20 -12 21 23 26 24 -18 -26 27 -21 -29
right_child=6 2 5 13 7 14 -8 -9 -10 11 15 -13 -14 -15 -16 -17 18 -19 -20 22 -22 -23 -24 -25 25 -27 -28 28 -30
leaf_value=-0.051340297071145846 0.026708158196357131 0.064101723571494837 0.010234477627380436 0.061799472179518339 -0.062142737871864452 -0.065012972738076921 0.0024289367787821993 0.0018041961445250062 -0.020228206372831549 0.063119394807663834 -0.062109646949248642 0.047101273435738132 -0.035637762489814366 0.073933399400721508 -0.073104250610756136 -0.065991909438458826 0.06106992448426779 -0.063159132792959344 0.062029301007251993 -0.06124831219072701 0.061585349128567946 0.061459728494698974 -0.061550069234881433 0.061273579920812817 0.060904122550205934 0.060964577081197784 -0.061238128416741477 -0.061251552864592697 -0.061250824966120158
leaf_weight=3.6495239287614814 3.6864008307456961 3.9416306763887432 4.1524906754493704 3.54475213587284 4.7552172541618329 3.5707971602678281 4.3813100159168235 5.1996450275182724 3.8718116879463187 4.8721386641263953 3.134446784853945 3.1394791305065146 3.4247887134552002 4.0059778094291687 4.7156790345907211 4.4498888403177252 2.9676968753337949 3.0693531036376944 3.5709532350301734 3.5981586277484912 4.8779321759939185 3.0331904143095008 5.3286889046430579 5.5507754385471335 3.6744326800107956 3.6876068860292435 2.9967359900474539 2.9990122318267822 3.2987784296274185
leaf_count=21 21 20 23 23 23 21 18 22 19 30 20 20 20 20 23 26 20 19 23 24 32 20 35 37 25 25 20 20 22
internal_value=2.24176e-05 -0.0303926 -0.00155232 0.0224637 -0.00240749 -0.0429606 0.0516272 -0.0287418 -0.0549345 0.0571456 -0.0586724 0.0603176 -0.0437384 0.068237 -0.0696176 -0.0623312 0.0616048 -0.0616643 0.0613351 -0.0614494 0.0612309 0.0611395 -0.0613359 0.0610783 0.0609733 0.0609344 -0.0612473 -0.0612501 -0.0612512
internal_weight=117.149 73.7074 33.8862 21.4472 13.8965 12.439 43.4419 9.95486 39.8212 39.0606 35.9494 35.3742 7.07431 7.55073 8.28648 28.8751 32.2347 24.4252 27.3626 21.3558 23.7916 18.9137 18.2214 15.8805 10.3297 7.36204 12.8927 9.89595 6.29779
internal_count=692 421 175 108 65 67 271 45 246 253 227 232 41 43 44 186 212 160 182 141 159 127 121 107 70 50 86 66 42
is_linear=0
shrinkage=0.05


Tree=21
num_leaves=27
num_cat=0
split_feature=10 10 4 21 28 3 19 23 21 9 10 0 28 10 28 11 11 19 19 23 10 11 12 23 3 28
split_gain=80.5057 12.1904 8.99904 6.19702 8.31868 6.69689 4.69279 4.05246 1.78202 1.35752 0.47262 0.460962 0.12487 0.0193993 0.00711012 0.00364798 0.00151413 0.00156566 0.00112985 0.000298504 0.000141576 4.10418e-05 3.78486e-05 7.59263e-06 1.99405e-07 7.4448e-08
threshold=6.5644235610961923 7.5057497024536142 258.50000000000006 125600.00000000001 157.00000000000003 5.5000000000000009 43404.800781250007 0.60693359375000011 102727.00000000001 3.1739019155502324 5.73103952407837 473088.00000000006 254.00000000000003 7.7319366931915292 114.50000000000001 2.995317935943604 3.6899331808090214 13781.333496093752 40813.714843750007 0.93275240063667308 7.9872307777404794 6.5211443901062021 2.312430858612061 0.77539062500000011 9.5000000000000018 118.50000000000001
decision_type=2 2 2 2 2 2 2 2 2 2 2 2 2 2 2 2 2 2 2 2 2 2 2 2 2 2
left_child=3 2 7 9 5 -5 8 -2 -4 10 -1 12 13 -3 -10 22 -17 -18 -15 20 21 23 24 -20 -12 -26
right_child=1 11 6 4 -6 -7 -8 -9 14 -11 15 -13 -14 18 -16 16 17 -19 19 -21 -22 -23 -24 -25 25 -27
leaf_value=-0.045224931367774314 0.0088169437394831265 0.064841192736577041 0.022051788116270971 -0.033366008719092372 -0.064949968953730133 0.043415789529896644 -0.010758689117707264 -0.059604420950185533 0.06147028069061275 -0.026161748704286114 -0.060593468942734312 0.041333882660882851 0.071901316563619033 0.061583413450150226 0.064345825330303766 -0.062395261739492613 -0.060748066669801842 -0.062196682264920922 0.060377918016494586 0.060911405339730135 0.060771194820030405 0.060537169033686833 -0.060757851496050057 0.060292107084124996 -0.06057168018339873 -0.060582282539423361
leaf_weight=5.5572331398725501 4.1502774655818957 3.1672358214855256 3.8679757416248348 5.5066684186458605 6.4231001138687125 5.8639936596155167 4.1256201565265647 4.5220198184251785 5.5927027165889722 3.5870966911315909 2.8852442651987094 2.8929896354675284 3.0015045702457419 3.035606041550639 3.4918901175260544 5.8139964342117292 4.6565536260604858 3.1115992218255997 5.5505113750696236 4.5491006821393958 2.9160512387752524 3.4498359858989707 4.5131866037845603 4.8131072968244553 2.8813745379447937 3.8924392312765121
leaf_count=34 19 20 20 26 38 29 20 21 37 19 20 16 17 20 21 37 32 20 39 31 20 24 31 34 20 27
internal_value=2.25079e-05 0.040466 0.0146189 -0.0436998 -0.0194633 0.00623133 0.0356819 -0.0268602 0.0504741 -0.0553874 -0.0585345 0.0604079 0.0622181 0.0611605 0.0625756 -0.0611995 -0.061785 -0.0613283 0.060681 0.0605523 0.0604546 0.0603878 -0.0606383 0.0603381 -0.0605825 -0.0605778
internal_weight=113.819 59.1264 25.7505 54.6925 17.7938 11.3707 17.0782 8.6723 12.9526 36.8987 33.3116 33.3759 30.483 27.4814 9.08459 27.7544 13.5821 7.76815 24.3142 21.2786 16.7295 13.8135 14.1722 10.3636 9.65906 6.77381
internal_count=692 359 138 333 93 55 98 40 78 240 221 221 205 188 58 187 89 52 168 148 117 97 98 73 67 47
is_linear=0
shrinkage=0.05


Tree=22
num_leaves=28
num_cat=0
split_feature=10 10 5 22 30 18 28 20 19 10 17 5 28 9 5 10 3 23 3 22 28 25 9 0 22 19 10
split_gain=74.926 11.7882 8.50109 14.0998 6.85064 7.78979 2.97842 1.51851 1.11534 0.22537 0.190835 0.12119 0.10668 0.0389674 0.0193106 0.0120502 0.000731972 0.000624062 0.000592287 0.000535665 0.000279052 2.6336e-05 1.86777e-05 1.77312e-05 6.0566e-06 3.68512e-07 6.83048e-08
threshold=6.5644235610961923 7.3105976581573495 77060.500000000015 56748.833984375007 1.0000000180025095e-35 416000.00000000006 64.500000000000014 6.0000000000000009 120448.00000000001 6.4542245864868173 3840.0000000000005 90981.000000000015 254.00000000000003 3.126909732818604 5104.0000000000009 5.7895760536193857 8.5000000000000018 0.96210780739784252 4.5000000000000009 14838.856933593752 101.50000000000001 1.4598029255867007 4.3729510307312021 94740.000000000015 203054.75000000003 3830.6909179687505 5.9899466037750253
decision_type=2 2 2 2 2 2 2 2 2 2 2 2 2 2 2 2 2 2 2 2 2 2 2 2 2 2 2
left_child=4 2 6 10 5 7 -2 -1 12 11 -4 13 14 15 -3 -9 19 18 21 20 -17 -16 24 25 -23 26 -18
right_child=1 8 3 -5 -6 -7 -8 9 -10 -11 -12 -13 -14 -15 17 16 23 -19 -20 -21 -22 22 -24 -25 -26 -27 -28
leaf_value=-0.025842448503626433 0.0036695962576990719 0.064246477630455087 0.067437135041667942 -0.048656909731932284 0.011373364997522879 0.004890676976410744 -0.056092284391261772 -0.062781496609707235 0.029586627423264341 -0.046073243881172482 0.054507433488335623 -0.05083182849532062 0.070593365637840536 -0.066341305746535226 0.059903961676495289 -0.060665141889750362 -0.059958884758869513 0.06065093588311047 0.060408883890837275 -0.06111638628382926 -0.059999463695558933 0.059675634858928711 0.059866765183028116 -0.06009809877802598 0.059759739390936706 -0.059941172409165147 -0.059968430178204669
leaf_weight=3.7164883315563193 3.9429076761007327 3.0965812653303209 6.6960041224956495 3.8281095325946799 5.255934625864028 5.9264328628778449 4.4242213219404221 5.7209826558828381 3.0105532705783835 2.9610110372304908 4.9733923822641373 3.0047803521156302 2.906667932868003 3.4636644273996344 4.1380939781665864 2.8808109909296054 5.2632883191108686 3.7516432106494895 5.2694615423679343 2.95322085916996 3.4714444577693939 4.0752794146537763 2.8902342468500128 2.7927174568176261 4.508913978934288 2.7668204903602591 2.9105006605386734
leaf_count=23 20 20 39 17 28 27 20 36 16 19 33 17 17 19 30 20 38 26 37 20 25 30 21 20 33 20 21
internal_value=2.33247e-05 0.0395625 0.0126835 0.0346109 -0.0428108 -0.0487647 -0.0279302 -0.0563528 0.0586266 -0.0593219 0.0619266 -0.0604355 0.0614802 -0.0613311 0.060525 -0.0607276 -0.0602176 0.0600572 0.0599505 -0.06056 -0.0603014 0.0597958 0.0597568 -0.0599856 0.0597198 -0.0599569 -0.0599623
internal_weight=110.6 57.5121 23.8646 15.4975 53.0881 47.8322 8.36713 41.9057 33.6474 38.1892 11.6694 35.2282 30.6369 32.2235 27.7302 28.7598 23.0388 24.6336 20.882 9.30548 6.35226 15.6125 11.4744 13.7333 8.58419 10.9406 8.17379
internal_count=692 359 129 89 333 305 40 278 230 255 72 236 214 219 197 200 164 177 151 65 45 114 84 99 63 79 59
is_linear=0
shrinkage=0.05


Tree=23
num_leaves=27
num_cat=0
split_feature=18 2 0 0 23 3 3 4 24 5 21 18 5 9 17 0 14 19 20 4 12 23 3 5 18 24
split_gain=57.9594 19.7267 16.7019 8.81042 4.86457 3.73902 7.715 2.02393 5.60896 0.528341 0.407345 0.217942 0.188141 0.11634 0.0359228 0.0556504 0.0227192 0.00589671 0.00578823 0.00196767 0.000832335 0.000122666 3.73227e-05 2.33596e-05 3.48248e-07 2.13561e-08
threshold=87552.000000000015 17368.000000000004 517288.00000000006 678668.00000000012 0.026367187500000003 4.5000000000000009 3.5000000000000004 264.50000000000006 1.1890218853950503 5302.5000000000009 186559.50000000003 65792.000000000015 110512.00000000001 4.5351326465606698 7936.0000000000009 380672.00000000006 3.5000000000000004 10060.799804687502 919.50000000000011 4754.5000000000009 2.1084316968917851 0.93275240063667308 6.5000000000000009 6347.0000000000009 23808.000000000004 0.9883527159690858
decision_type=2 2 2 2 2 2 2 2 2 2 2 2 2 2 2 2 2 2 2 2 2 2 2 2 2 2
left_child=5 2 4 10 -2 6 -1 8 -6 -7 -3 17 13 14 15 16 18 20 -9 -20 -11 23 -22 -16 25 -24
right_child=1 3 -4 -5 7 9 -8 12 -10 11 -12 -13 -14 -15 21 -17 -18 -19 19 -21 22 -23 24 -25 -26 -27
leaf_value=-0.062271796069514863 0.0025330126601308487 -0.07081611050114843 -0.029362900970708185 0.030562650155873797 0.065139536980341625 -0.040837003229158064 0.031535886369721891 0.062486491296680907 -0.017825486625362437 -0.060345825883047294 -0.04822687070735842 -0.072607118003993776 0.047211359119841256 0.052546175570029753 0.059123833169883039 0.069730785599961681 0.065591307747649721 -0.061702081024919864 0.059381992878238532 0.06086429748004038 -0.059579775900430267 0.059584332171126034 -0.059378419719538861 0.05929270843463505 -0.059360085934914021 -0.059383550606779391
leaf_weight=5.1715500801801664 5.0375926792621604 4.6679995507001859 7.8187454491853705 3.8563929647207251 5.153236120939253 3.3130918145179775 3.803987130522728 3.7122041136026445 3.3690639138221741 2.9415663778781989 3.4861665964126587 4.1136811673641196 2.9320033490657798 4.133310839533805 3.5235777497291547 2.547663375735282 3.1169053316116324 4.0964398384094229 4.3870345503091794 4.5720499157905579 2.8323351740837088 3.2331931740045539 4.1229110062122327 4.8889776021242142 2.6563715487718573 3.9914034157991409
leaf_count=33 27 28 36 19 33 22 20 24 20 21 22 22 18 30 27 16 18 28 33 32 21 24 31 37 20 30
internal_value=2.49486e-05 0.0266522 0.0386494 -0.0317083 0.0491573 -0.0506055 -0.0225145 0.0543115 0.0323415 -0.0595885 -0.0611585 -0.0620981 0.0593655 0.0604101 0.0614942 0.0628736 0.061767 -0.0600037 0.0608263 0.0601385 -0.0595832 0.0593226 -0.0594183 0.059222 -0.0593758 -0.0593809
internal_weight=107.479 70.4361 58.4256 12.0106 50.6068 37.0433 8.97554 45.5692 8.5223 28.0678 8.15417 24.7547 37.0469 34.1149 29.9816 18.3359 15.7882 20.641 12.6713 8.95908 16.5446 11.6457 13.603 8.41256 10.7707 8.11431
internal_count=692 444 375 69 339 248 53 312 53 195 50 173 259 241 211 123 107 151 89 65 123 88 102 64 81 61
is_linear=0
shrinkage=0.05


Tree=24
num_leaves=27
num_cat=0
split_feature=26 0 7 20 25 5 19 23 9 28 3 19 21 28 18 23 25 25 32 25 23 5 22 20 7 28
split_gain=55.9635 16.6029 11.4782 12.5436 7.61621 2.93147 4.13 2.33362 2.14751 1.12803 0.869019 0.239164 0.216571 0.0614691 0.0219459 0.0144775 0.00239678 0.00109531 0.00090524 0.000107149 8.6525e-05 3.1997e-05 1.55006e-05 1.03319e-05 1.20973e-07 1.75361e-08
threshold=1.0000000180025095e-35 140820.00000000003 2.5000000000000004 3464.5000000000005 0.75166326761245739 284841.50000000006 16696.888671875004 0.53710937500000011 3.4144024848937993 113.50000000000001 4.5000000000000009 23193.599609375004 29090.000000000004 82.500000000000014 63744.000000000007 0.61962890625000011 1.3943323493003847 1.407944977283478 2.5000000000000004 0.9390399456024171 0.95880532264709484 6756.0000000000009 202892.25000000003 6235.0000000000009 2.5000000000000004 136.00000000000003
decision_type=2 2 2 2 2 2 2 2 2 2 2 2 2 2 2 2 2 2 2 2 2 2 2 2 2 2
left_child=1 8 3 4 -3 6 -2 9 10 -6 12 -8 -1 15 16 -13 18 -17 -12 24 21 22 -19 -24 25 -20
right_child=5 2 -4 -5 7 -7 11 -9 -10 -11 14 13 -14 -15 -16 17 -18 20 19 -21 -22 -23 23 -25 -26 -27
leaf_value=-0.047835159256302141 -0.0006762184327799934 -0.029145135862897562 -0.063562295843523367 -0.05698497878524842 0.071685980747427117 0.011516742052275604 0.0463699791435251 0.012363507783730278 -0.015219699039808566 0.041382193728247862 -0.059903617453567648 0.062217168110387792 -0.029337879033549036 0.065740537855860551 -0.063343920193027634 0.059804523746197193 -0.060639175324160181 0.058592309274504741 -0.058840801964134305 -0.059126606556298492 0.059035772924206566 0.058856916866449296 0.058654923724825593 0.058794389751058024 -0.058827892331681043 -0.058835658417034045
leaf_weight=3.3945518285036114 3.1875308603048316 4.1892811954021552 5.9975225478410712 5.0723121166229239 6.3902020901441592 4.7594282180070868 3.2605550438165691 3.8151290565729132 3.6579604297876349 5.9120555222034454 2.7514689266681769 4.1979880630970063 2.9642897099256516 4.9512044861912718 3.9439009055495253 3.1208392381668117 2.8028403818607321 3.753913573920725 4.7239581346511823 4.4291998744010916 2.5877402275800696 3.0667325109243384 2.6413114741444588 2.6706742495298386 3.6987687051296234 2.5524513870477676
leaf_count=22 19 19 39 25 33 29 22 20 19 39 20 29 19 33 26 23 20 30 37 34 20 24 21 21 29 20
internal_value=2.53738e-05 -0.0277496 -0.00135289 0.0133483 0.0309166 0.0482313 0.0534571 0.046528 -0.0514681 0.057123 -0.0557096 0.0591611 -0.0392123 0.0607063 -0.0599222 0.0595753 -0.0592783 0.0589537 -0.0590682 -0.058919 0.0587733 0.0587173 0.0586701 0.058725 -0.0588353 -0.058839
internal_weight=104.494 66.2959 31.3765 25.379 20.3067 38.1979 33.4385 16.1174 34.9194 12.3023 31.2614 30.251 6.35884 26.9904 24.9026 22.0392 20.9587 17.8412 18.1558 15.4044 14.7204 12.1326 9.0659 5.31199 10.9752 7.27641
internal_count=692 421 175 136 111 271 242 92 246 72 227 223 41 201 186 168 160 139 140 120 116 96 72 42 86 57
is_linear=0
shrinkage=0.05


Tree=25
num_leaves=27
num_cat=0
split_feature=10 27 18 28 3 10 5 19 11 10 24 23 3 24 28 25 0 12 5 23 5 28 23 28 18 10
split_gain=61.5273 13.0466 5.72245 7.60641 4.44153 3.85343 5.42058 3.11072 1.36575 0.537362 0.0159605 0.00626905 0.00380364 0.00162052 0.00162 0.00123667 0.000751713 0.000580808 0.00047677 0.000117834 1.92433e-05 1.01457e-05 7.58599e-06 4.03694e-06 1.61091e-06 5.86265e-08
threshold=6.5644235610961923 7.5000000000000009 124160.00000000001 157.00000000000003 5.5000000000000009 7.3105976581573495 77060.500000000015 44714.666015625007 4.6926512718200692 5.73103952407837 1.018973231315613 0.074218750000000014 8.5000000000000018 2.7689521312713627 92.500000000000014 1.1408290266990664 67536.000000000015 2.555753350257874 76287.000000000015 0.95880532264709484 7437.0000000000009 157.00000000000003 0.69030761718750011 45.500000000000007 17152.000000000004 5.956843614578248
decision_type=2 2 2 2 2 2 2 2 2 2 2 2 2 2 2 2 2 2 2 2 2 2 2 2 2 2
left_child=2 5 8 4 -4 6 -2 10 9 -1 -8 -7 14 18 17 -12 -16 -11 -13 20 22 24 -15 -24 25 -14
right_child=1 -3 3 -5 -6 11 7 -9 -10 12 15 13 21 19 16 -17 -18 -19 -20 -21 -22 -23 23 -25 -26 -27
leaf_value=-0.041113077739901131 -0.0098641787463578778 -0.027148217621441359 -0.02579929705679191 -0.063091017692238752 0.040366574729883066 0.061031191350147153 0.063734959465352181 0.002005529384392813 -0.023100657258994687 -0.06061727253009306 0.05890709417344292 0.059479103406891914 -0.05833004387068888 0.058112224599547305 -0.05846678081612694 0.06039775340391438 -0.059604548008305815 -0.059724719117693753 0.058711105453262184 0.058573009263929721 0.058330490660692881 -0.058433216221294854 0.05824721009176681 0.058176309329166453 -0.058286912165110116 -0.058340193484466646
leaf_weight=5.0477266609668758 5.9802080094814327 6.8257586359977713 4.7121744751930219 5.5090088471770278 5.4928438067436218 2.8653921931982067 4.1721904426813108 2.8499474227428427 3.5441311895847312 3.0757947191596049 2.8128340765833855 4.5154804363846797 3.1827745363116247 2.7618257924914387 3.2152067050337791 2.7532108873128891 2.6468168720602989 4.47364791482687 3.6578203588724136 2.7428076118230811 2.8142089024186125 2.5908008366823188 3.6454232782125455 4.4687761068344116 2.5608800277113914 2.5729278326034546
leaf_count=35 30 31 22 36 29 20 26 12 21 22 22 34 26 23 26 20 20 33 29 22 23 21 30 37 21 21
internal_value=2.50451e-05 0.0373614 -0.0405679 -0.0157447 0.00981444 0.0469254 0.0293307 0.0479508 -0.0524203 -0.0559588 0.061397 0.0588178 -0.0590402 0.05856 -0.0596041 0.0596444 -0.0589805 -0.0600884 0.0591354 0.0582739 0.058214 -0.0583468 0.0581838 0.0582082 -0.0583199 -0.0583346
internal_weight=101.491 52.8659 48.6247 15.714 10.205 46.0401 18.5684 12.5882 32.9107 29.3666 9.73824 27.4717 24.3188 24.6063 13.4115 5.56604 5.86202 7.54944 8.1733 16.433 13.6902 10.9074 10.876 8.1142 8.31658 5.7557
internal_count=692 359 333 87 51 328 110 80 246 225 68 218 190 198 101 42 46 55 63 135 113 89 90 67 68 47
is_linear=0
shrinkage=0.05


Tree=26
num_leaves=29
num_cat=0
split_feature=26 7 27 20 3 2 27 25 23 14 28 28 25 19 19 29 19 3 24 22 28 25 24 23 12 11 5 19
split_gain=49.0018 14.9476 20.1117 10.366 6.75549 9.93941 4.23537 2.08195 1.47441 0.552945 0.294858 0.175163 0.191818 0.0471986 0.0413789 0.0241312 0.00661999 0.00162787 0.00111377 0.00103403 0.000946225 0.00041086 0.000369916 0.000110118 5.82225e-05 1.72582e-05 6.38925e-06 2.78187e-06
threshold=1.0000000180025095e-35 2.5000000000000004 7.5000000000000009 3304.0000000000005 3.5000000000000004 17368.000000000004 7.5000000000000009 1.0183655619621279 0.074218750000000014 1.5000000000000002 242.50000000000003 169.00000000000003 0.99957478046417247 23645.867187500004 52245.333984375007 1.0000000180025095e-35 40813.714843750007 7.5000000000000009 2.7689521312713627 3428.727172851563 71.500000000000014 0.97597676515579235 2.9133226871490483 0.95880532264709484 2.3022958040237431 6.5211443901062021 6313.5000000000009 101888.00000000001
decision_type=2 2 2 2 2 2 2 2 2 2 2 2 2 2 2 2 2 2 2 2 2 2 2 2 2 2 2 2
left_child=1 2 3 4 -1 7 8 9 -2 -6 16 12 19 17 -13 -15 -10 20 21 -4 -3 -18 -22 25 -19 26 27 -20
right_child=6 13 11 -5 5 -7 -8 -9 10 -11 -12 14 -14 15 -16 -17 18 24 23 -21 22 -23 -24 -25 -26 -27 -28 -29
leaf_value=-0.028397259244932638 0.022221033228773116 -0.059612964616946387 -0.057860840633302393 -0.053643388119540829 0.093699646012958882 -0.016132459291958948 -9.7017260826715718e-05 0.041266410855992253 0.060057075151646502 0.067378472245829241 0.040224441590842465 -0.059652456257839215 -0.04151336751774673 -0.060775483044731085 -0.06774492448730203 -0.066811167852768666 0.058214176504814655 -0.057845000114533786 0.057694390136265039 -0.059307883341866444 -0.05820503351898404 0.059081350789222276 -0.059069201001255928 0.058085630782974844 -0.05819497741126655 0.057839274044578406 0.057745645933925116 0.057623436021080145
leaf_weight=4.1218261867761674 3.4587845206260708 5.2189621925354022 2.5828074514865857 4.4780526980757704 4.2252063453197497 5.2394798994064322 4.259069323539733 5.4780413731932631 4.8824742212891641 3.7807276099920273 2.4439955279231063 2.8413473814725876 2.4794022291898727 3.2440506443381301 3.5573046058416367 3.3829500302672386 2.9037591218948391 2.3444516062736502 3.2357127517461759 2.3650176599621773 2.4140201583504677 2.5790987312793732 2.5427651852369308 2.6303752809762946 2.4099263027310371 2.8116523101925841 4.1802915185689926 2.410510279238224
leaf_count=21 23 39 22 23 22 32 18 39 36 21 19 22 19 23 19 20 24 20 28 19 20 20 20 22 20 24 36 21
internal_value=2.75203e-05 -0.0266173 -0.00894821 0.0159171 0.029552 0.0423091 0.0467035 0.0650179 0.053024 0.0812697 0.0568184 -0.0580881 -0.0528644 -0.0603449 -0.0641514 -0.0638566 0.0584006 -0.0587862 0.0580108 -0.0585525 -0.0591431 0.0586221 -0.0586483 0.0577913 -0.0580224 0.05773 0.0576988 0.0576641
internal_weight=98.5021 62.7063 41.1492 27.3233 22.8453 18.7235 35.7957 13.484 31.5367 8.00593 28.0779 13.8259 7.42723 21.5571 6.39865 6.627 25.6339 14.9301 20.7514 4.94783 10.1757 5.48286 4.95679 15.2685 4.75438 12.6382 9.82651 5.64622
internal_count=692 421 259 158 135 114 271 82 253 43 230 101 60 162 41 43 211 119 175 41 79 44 40 131 40 109 85 49
is_linear=0
shrinkage=0.05


Tree=27
num_leaves=31
num_cat=0
split_feature=10 18 7 4 0 5 4 22 4 10 32 28 30 10 19 19 4 19 20 8 20 24 19 23 8 25 11 25 9 9
split_gain=53.6183 10.2705 7.45529 12.0981 8.89168 6.48828 5.96692 4.44497 1.5183 1.94211 0.834469 0.146011 0.154634 0.0646657 0.0579228 0.0382262 0.0163362 0.00846269 0.00331242 0.00133241 0.000703708 0.000374251 0.000271415 8.44875e-05 6.28374e-05 4.85777e-05 1.38358e-05 7.56948e-06 4.50832e-06 3.33612e-06
threshold=6.6406595706939706 85248.000000000015 2.5000000000000004 258.50000000000006 678668.00000000012 171180.50000000003 270.50000000000006 107670.43359375001 280.50000000000006 6.6442811489105233 1.0000000180025095e-35 408.00000000000006 1.0000000180025095e-35 7.6910860538482675 20352.000000000004 44714.666015625007 264.50000000000006 24288.000000000004 496.00000000000006 4.5000000000000009 54.000000000000007 2.7689521312713627 13550.933593750002 0.95880532264709484 8.5000000000000018 0.61848086118698131 6.5211443901062021 0.55145031213760387 2.0310854911804204 3.9537070989608769
decision_type=2 2 2 2 2 2 2 2 2 2 2 2 2 2 2 2 2 2 2 2 2 2 2 2 2 2 2 2 2 2
left_child=2 -2 3 4 10 8 -5 -7 11 -10 -1 12 13 -3 18 17 -15 19 25 -4 -21 -18 24 26 -22 27 28 -12 -23 -30
right_child=1 5 15 6 -6 7 -8 -9 9 -11 14 -13 -14 16 -16 -17 21 -19 -20 20 22 23 -24 -25 -26 -27 -28 -29 29 -31
leaf_value=-0.03150078055251148 -0.041182051920184065 0.064980656965810873 -0.059220429806264754 0.079395550072123872 0.034409705839133969 0.043423009268869488 -0.00720244970301126 -0.034009843826767513 0.058094848197867976 -0.00083342317986163114 -0.057526919839257951 0.07081460341475071 0.048288684354382272 0.06123369748585037 -0.065593520259589227 -0.065096209112755515 0.058038520966226116 -0.060967077416640252 -0.059632420234513463 -0.058582665190532957 -0.057715656263775866 0.057322569438612553 -0.058170071211074904 0.057626477121153964 -0.057385215913567392 -0.057722423976985564 0.057398734330326745 -0.057411120391934502 0.057209753363654949 0.057285529940309603
leaf_weight=3.1967760771513083 3.7180486768484107 4.1908430680632689 2.6193834841251435 3.6413134634494764 3.347537323832511 3.5486853867769232 4.3841781616210938 3.8794532865285873 2.9915903955698004 2.6250801458954811 2.7285125926136953 2.3670016676187506 3.649083860218524 3.4905031472444561 3.2892200052738181 2.7366112545132628 2.368470877408984 3.4418322816491118 2.4726412743329993 3.3406063690781584 2.6557636782526952 2.6735428199172002 2.3880387768149376 2.4057890921831122 3.1394287198781967 2.7765790298581123 2.6945328637957564 2.9230408817529678 3.1939943879842758 2.6639095023274422
leaf_count=18 17 28 20 20 16 26 25 18 25 16 24 13 29 27 19 17 20 25 19 27 23 24 20 21 28 24 24 26 29 24
internal_value=2.61019e-05 0.0385248 -0.0364168 -0.0200362 -0.0402118 0.0454583 0.0320887 0.00298258 0.0543927 0.0305534 -0.0545789 0.0589014 0.0578697 0.059346 -0.059778 -0.0595991 0.0581345 -0.0587436 -0.0580233 -0.0582025 -0.0579711 0.0574584 -0.0577215 0.0573576 -0.0575366 -0.0575512 0.0573 -0.057467 0.0572688 0.0572442
internal_weight=95.542 46.4605 49.0815 28.7598 20.7343 42.7425 8.02549 7.42814 35.3143 5.61667 17.3868 29.6977 27.3307 23.6816 14.19 20.3217 19.4907 17.5851 10.9008 14.1432 11.5238 16.0002 8.18323 13.6318 5.79519 8.42813 11.226 5.65155 8.53145 5.8579
internal_count=692 341 351 191 146 324 45 44 280 41 130 239 226 197 112 160 169 143 93 118 98 142 71 122 51 74 101 50 77 53
is_linear=0
shrinkage=0.05


Tree=28
num_leaves=29
num_cat=0
split_feature=26 7 5 32 19 11 19 19 11 6 12 28 23 19 24 5 18 25 32 24 24 22 23 12 5 25 22 28
split_gain=42.7478 13.5925 10.2115 9.01135 7.44574 3.54311 3.35062 3.769 2.4129 1.3324 0.577786 0.355869 0.0632822 0.0339937 0.0170986 0.0137111 0.00245821 0.00122981 0.00122283 0.000616957 0.000107158 9.96548e-05 6.6945e-05 1.86905e-05 1.32443e-05 6.91025e-06 5.85024e-06 6.8757e-06
threshold=1.0000000180025095e-35 2.5000000000000004 77060.500000000015 1.5000000000000002 64682.666015625007 3.3795642852783208 127466.66796875001 16696.888671875004 4.626620054244996 788529152.00000012 2.0142433643341069 151.50000000000003 0.12500000000000003 23645.867187500004 1.237218499183655 5166.0000000000009 145920.00000000003 1.3778948187828066 1.0000000180025095e-35 2.6757831573486333 0.99714457988739025 13347.583007812502 0.95880532264709484 2.1682687997817998 7437.0000000000009 0.55145031213760387 202892.25000000003 45.500000000000007
decision_type=2 2 2 2 2 2 2 2 2 2 2 2 2 2 2 2 2 2 2 2 2 2 2 2 2 2 2 2
left_child=1 2 3 5 9 -1 7 -2 -6 -4 -5 15 20 17 -15 -9 -17 18 -3 -18 25 23 24 -20 26 -12 -21 -28
right_child=6 13 4 10 8 -7 -8 11 -10 -11 12 -13 -14 14 -16 16 19 -19 21 22 -22 -23 -24 -25 -26 -27 27 -29
leaf_value=0.054937698669682337 -0.0034413898804738757 -0.05828026978848741 0.076610896446175747 -0.039070256128216331 -0.034784421558645681 -0.017227882260263675 -0.0082003049547011708 0.060908694068121216 0.017993863738079787 0.036448071751382899 -0.057110501409788586 0.040817722454079157 -0.066562764230969615 -0.059922747328223364 -0.065225788816202376 0.058703595237158283 0.057637182610698161 -0.058865655670257144 -0.057190325117538403 0.056830991503956298 -0.057462298058456568 -0.057483966247132992 0.057200255160313462 -0.056993653273353387 0.057009991094124482 -0.056996206168072029 0.0569805443325812 0.056865653337955957
leaf_weight=3.2233788222074535 2.9911869838833836 4.2489751353859919 3.7046806812286395 5.3974420279264441 4.9414060711860639 3.6008864492177963 2.7007260322570792 3.0822809562087121 3.8549814969301224 4.6657899096608162 2.5062887892127019 3.5382068008184424 2.3535167872905731 3.3947133570909491 2.752487875521183 2.8551305010914829 4.4640127196908024 2.3473421260714522 2.1922759190201759 3.4892478436231595 2.2447700202465057 2.2527096793055534 2.4152629226446143 2.6907051876187325 2.5866157189011565 2.7997140511870384 2.2569965943694115 3.0783326849341393
leaf_count=20 19 35 21 34 23 20 14 24 20 36 23 23 16 26 17 23 39 19 20 33 20 20 22 25 24 26 21 29
internal_value=2.56496e-05 -0.0255156 -0.00847036 -0.0309222 0.0204673 0.0168589 0.0451966 0.0498853 -0.0116546 0.0542237 -0.0522316 0.0556301 -0.059404 -0.059207 -0.0622973 0.0577932 0.0573391 -0.0578236 -0.0576087 0.0571261 -0.0571727 -0.0572089 0.0569611 -0.057082 0.0569105 -0.0570502 0.0568813 0.0569143
internal_weight=92.6301 59.1721 39.2929 22.126 17.1669 6.82427 33.458 30.7573 8.79639 8.37047 15.3017 27.7661 9.90429 19.8792 6.1472 24.2279 21.1456 13.732 11.3847 18.2905 7.55077 7.13569 13.8265 4.88298 11.4112 5.306 8.82458 5.33533
internal_count=692 421 259 159 100 40 271 257 43 57 119 238 85 162 43 215 191 119 100 168 69 65 129 45 107 49 83 50
is_linear=0
shrinkage=0.05


Tree=29
num_leaves=29
num_cat=0
split_feature=10 10 4 18 28 19 3 23 18 9 10 12 28 0 23 3 28 10 20 18 20 28 9 33 22 9 4 10
split_gain=46.8224 9.87154 6.29885 4.9014 6.34081 3.85729 3.54771 3.37243 1.85516 1.8339 0.641199 0.473189 0.094037 0.0218089 0.00989899 0.00326257 0.00263562 0.00116883 0.00138022 0.000368076 0.000290906 0.00014331 5.59515e-05 1.96341e-05 3.23498e-05 1.1503e-05 8.26246e-06 4.97927e-06
threshold=6.5644235610961923 7.5057497024536142 258.50000000000006 124160.00000000001 157.00000000000003 44714.666015625007 5.5000000000000009 0.60693359375000011 102656.00000000001 3.4144024848937993 5.73103952407837 1.5110988020896914 124.50000000000001 468992.00000000006 0.34765625000000006 8.5000000000000018 114.50000000000001 6.0850894451141366 2042.0000000000002 49408.000000000007 824.00000000000011 95.500000000000014 1.5989789962768557 2.5000000000000004 221054.75000000003 0.68042913079261791 430.50000000000006 5.9638442993164071
decision_type=2 2 2 2 2 2 2 2 2 2 2 2 2 2 2 2 2 2 2 2 2 2 2 2 2 2 2 2
left_child=3 2 7 9 6 8 -5 -2 -4 10 -1 -3 13 14 -13 17 22 -12 19 21 -16 -19 -10 25 -25 -22 27 -17
right_child=1 11 5 4 -6 -7 -8 -9 16 -11 15 12 -14 -15 20 26 -18 18 -20 -21 23 -23 -24 24 -26 -27 -28 -29
leaf_value=-0.036244606177633525 0.008180669689334872 0.040769902535301848 0.011780761774420903 -0.022763245938629703 -0.060820678875995939 -0.015413424271164483 0.038089982970097379 -0.056912879732400418 0.057893804166572208 -0.010424837841898073 -0.05884025436913453 0.059689382574894034 0.068654162148577474 0.062455168665457708 0.057161810617563695 -0.056639609932318528 0.059653258045804326 -0.057328037419787259 -0.058708743462112578 -0.057769169843866292 0.056558231430070993 -0.056771525612633281 0.057548971916651363 0.056745311291768866 0.056480738067781859 0.056415136831162498 -0.056583300814837589 -0.056728955011660843
leaf_weight=4.3158985376358094 3.8539513424038914 4.2358025386929539 2.9619608968496305 4.5205417573451978 4.8136067613959304 3.4762798845767966 5.0939950197935104 4.1136691942811012 2.454854816198349 2.6864582896232596 2.5882556214928654 3.3515976592898467 2.2941387593746176 2.3192254006862631 2.189956806600093 3.1041021943092328 2.8566543385386467 2.2215360403060895 2.3171841502189636 2.7408358678221703 2.2530338913202268 2.4137352705001831 2.2586991861462593 2.1964082196354866 2.4376206248998642 3.7288110256195068 2.9812102019786835 3.1337379738688469
leaf_count=34 19 35 17 22 36 18 29 21 21 16 21 28 16 18 20 30 22 20 19 24 22 23 20 21 24 37 29 30
internal_value=2.46249e-05 0.0345153 0.0100671 -0.037721 -0.0139754 0.0302552 0.00947815 -0.025427 0.0453287 -0.049741 -0.0538322 0.0560006 0.0591066 0.0579211 0.0572703 -0.0573627 0.0584549 -0.0578963 -0.0576443 -0.0573098 0.0566371 -0.0570382 0.0577286 0.0565289 0.0566061 0.056469 -0.0566518 -0.0566845
internal_weight=89.9138 46.9827 21.9761 42.9311 14.4281 14.0084 9.61454 7.96762 10.5322 28.503 25.8165 25.0066 20.7708 18.4767 16.1574 21.5006 7.57021 12.2815 9.69329 7.37611 12.8058 4.63527 4.71355 10.6159 4.63403 5.98184 9.21905 6.23784
internal_count=692 359 138 333 87 98 51 40 80 246 230 221 186 170 152 196 63 107 86 67 124 43 41 104 45 59 89 60
is_linear=0
shrinkage=0.05


Tree=30
num_leaves=29
num_cat=0
split_feature=10 10 32 33 19 18 28 3 9 4 10 5 10 28 5 11 3 32 20 32 12 28 17 23 33 11 10 5
split_gain=43.6371 9.47875 7.46369 10.7559 5.17821 4.71416 5.97975 3.2347 1.81087 1.21922 0.653668 0.545359 0.0717726 0.0623434 0.0373702 0.00283093 0.00112691 0.000788626 0.000526329 0.000361472 0.0001875 4.73208e-05 2.25094e-05 2.24497e-05 8.34467e-06 3.51286e-06 3.4167e-06 2.02109e-06
threshold=6.5644235610961923 7.5057497024536142 2.5000000000000004 1.5000000000000002 44714.666015625007 124160.00000000001 157.00000000000003 5.5000000000000009 3.4144024848937993 258.50000000000006 5.73103952407837 284841.50000000006 6.6440589427948007 254.00000000000003 4976.0000000000009 2.995317935943604 4.5000000000000009 1.5000000000000002 1818.0000000000002 3.5000000000000004 1.3982166647911074 92.500000000000014 11776.000000000002 0.90690103173255932 3.5000000000000004 2.6966867446899419 5.9638442993164071 5608.0000000000009
decision_type=2 2 2 2 2 2 2 2 2 2 2 2 2 2 2 2 2 2 2 2 2 2 2 2 2 2 2 2
left_child=5 2 9 -4 12 8 7 -7 10 -2 -1 13 -5 14 -3 21 20 -17 19 -19 -16 -12 24 -24 27 26 -23 -22
right_child=1 11 3 4 -6 6 -8 -9 -10 -11 15 -13 -14 -15 16 17 -18 18 -20 -21 22 25 23 -25 -26 -27 -28 -29
leaf_value=-0.035329897014940263 0.022009809092952703 0.063017338396111414 -0.073787581773842953 0.046560399039201818 -0.029187064973610316 -0.021787606266078681 -0.060204144396322073 0.036574404807905581 -0.0099599032222096873 0.060230903386120777 -0.056519751673672541 0.035869464933464455 0.058708634636782636 0.065904017542092047 0.056680723962330662 -0.058133117755293222 0.057370437132530941 -0.056434256045516551 -0.057846341760940459 -0.057298688797920411 0.056114755215121138 -0.05625866023035269 0.056135756055216382 0.056371400104735653 0.056196228612753057 -0.056222374270040398 -0.056341662291245757 0.05605146608380418
leaf_weight=4.2090044245123925 3.4229400530457514 2.4865415915846922 4.7973283976316443 2.2765288576483709 3.1473432332277298 4.4876768589019758 4.6245437413454047 5.0411990135908127 2.6716584414243689 5.3439843133091927 2.7475128099322337 3.115538924932479 2.6094753965735435 2.383357807993888 2.0738753378391293 3.4971620291471464 2.6592270880937567 2.1167974397540092 2.2817959859967232 2.8210432007908821 2.1360061317682248 2.5705271139740944 1.9467246830463407 2.1021834909915924 2.0601373463869095 2.1651067957282066 2.395067386329174 3.0809100940823555
leaf_count=34 18 20 23 20 17 22 36 29 16 39 27 24 21 17 20 30 24 21 20 26 22 26 20 21 21 22 24 32
internal_value=2.52393e-05 0.0337911 0.00974928 -0.0145472 0.0208298 -0.0369957 -0.0135525 0.00908849 -0.0490719 0.0453079 -0.0532846 0.0553864 0.0530484 0.0582917 0.0573134 -0.056954 0.0564302 -0.0575168 -0.0572183 -0.0569281 0.0562436 -0.0563435 0.0561636 0.0562581 0.056111 -0.0562755 -0.0562987 0.0560774
internal_weight=87.2712 45.6421 21.5976 12.8307 8.03335 41.6291 14.1534 9.52888 27.4757 8.76692 24.804 24.0445 4.886 20.929 18.5456 20.595 16.0591 10.7168 7.21964 4.93784 13.3998 9.87821 11.326 4.04891 7.27705 7.1307 4.96559 5.21692
internal_count=692 359 138 81 58 333 87 51 246 57 230 221 41 197 180 196 160 97 67 47 136 99 116 41 75 72 50 54
is_linear=0
shrinkage=0.05


Tree=31
num_leaves=29
num_cat=0
split_feature=10 27 18 28 10 20 23 3 9 12 10 10 0 11 25 27 28 10 0 0 12 12 10 33 22 0 19 20
split_gain=40.7169 10.4181 4.53411 5.64287 3.57982 4.51894 3.10038 2.94876 1.78815 0.842877 0.666571 0.0330075 0.00704545 0.00239989 0.000980739 0.000737244 0.000456213 0.000269245 0.000192196 0.000112618 7.73613e-05 4.04627e-05 1.59931e-05 1.06595e-05 9.00195e-06 3.01854e-06 2.96492e-06 8.88756e-07
threshold=6.5644235610961923 7.5000000000000009 124160.00000000001 157.00000000000003 7.3105976581573495 3124.0000000000005 0.15832519531250003 5.5000000000000009 3.4144024848937993 2.0500890016555791 5.73103952407837 6.6439590454101571 473088.00000000006 2.995317935943604 1.3660135269165041 8.5000000000000018 66.000000000000014 6.3354051113128671 262676.00000000006 433920.00000000006 1.4196273088455202 2.3592357635498051 7.9501113891601571 2.5000000000000004 244035.00000000003 408288.00000000006 2663.4343261718755 26.000000000000004
decision_type=2 2 2 2 2 2 2 2 2 2 2 2 2 2 2 2 2 2 2 2 2 2 2 2 2 2 2 2
left_child=2 4 8 7 5 6 -2 -4 10 -8 -1 -11 14 21 18 16 -15 -18 -6 -20 -16 26 23 25 -25 -22 -12 -28
right_child=1 -3 3 -5 12 -7 9 -9 -10 11 13 -13 -14 15 20 -17 17 -19 19 -21 22 -23 -24 24 -26 -27 27 -29
leaf_value=-0.034427004019216875 -0.0085872947933501361 -0.02588545695641194 -0.020851021153072219 -0.059627637694014302 0.056903852922195811 -0.031934118801358539 0.030622378344994695 0.035112085017815403 -0.0095136148194250088 0.064804535876411856 -0.055996951107817772 0.057667948637859623 0.059333656068488907 -0.057910755203532331 0.056184468782868216 -0.056485435320694645 -0.056678758800417221 -0.057467827071394043 0.056134882306244471 0.056658642967460787 0.055799036935336416 -0.056198632170403745 0.05597786051316847 0.055950899838456108 0.055798021279290289 0.055714076117373335 -0.055945746575177792 -0.055905814642537993
leaf_weight=4.1060678884387078 2.8641688823699978 6.3897169083356848 4.4556264132261258 4.4404535070061675 3.476613983511931 2.836636394262313 3.6399131491780263 4.9899259358644485 2.6575082242488852 2.6063550636172295 1.9118733927607552 4.2821808457374573 1.9526844173669804 2.6353145614266378 2.0511675402522078 3.3067701533436775 2.1464750543236732 2.178082711994648 2.0380508154630661 2.067443385720253 2.4198835715651494 1.9546298906207082 1.9039212092757214 1.9939627349376681 1.862161763012409 1.8406333327293394 2.6581619903445244 2.9286063238978386
leaf_count=34 13 31 22 36 33 14 27 29 16 18 20 38 16 23 21 33 21 20 21 20 26 20 20 21 20 20 28 31
internal_value=2.53797e-05 0.0331671 -0.036282 -0.0131407 0.0431399 0.0253943 0.0375368 0.00871334 -0.0484156 0.0500844 -0.0527547 0.0603682 0.0564692 -0.0565708 0.0561846 -0.0571001 -0.0573922 -0.0570762 0.0566303 0.0563986 0.0559047 -0.055996 0.0558474 0.0558168 0.0558771 0.0557623 -0.0559432 -0.0559248
internal_weight=84.595 44.2255 40.3695 13.886 37.8358 16.2293 13.3926 9.44555 26.4835 10.5284 23.826 6.88854 21.6065 19.7199 19.6538 10.2666 6.95987 4.32456 7.58211 4.10549 12.0717 9.45327 10.0206 8.11664 3.85612 4.26052 7.49864 5.58677
internal_count=692 359 333 87 328 110 96 51 246 83 230 56 218 196 202 97 64 41 74 41 128 99 107 87 41 46 79 59
is_linear=0
shrinkage=0.05


Tree=32
num_leaves=30
num_cat=0
split_feature=18 7 27 28 3 3 2 23 19 5 33 18 20 28 28 23 21 9 18 24 24 3 33 9 33 19 21 28 11
split_gain=33.1297 21.0628 13.3827 5.95404 3.34667 6.43764 3.13049 2.23267 0.739975 0.391889 0.184458 0.0946848 0.0925948 0.0484757 0.0371298 0.0116768 0.00905977 0.00572915 0.00169541 0.000800289 0.00077306 0.000300812 4.46621e-05 4.0619e-05 1.68114e-05 3.04927e-06 1.59399e-06 1.07652e-06 7.03025e-07
threshold=87552.000000000015 2.5000000000000004 11.500000000000002 2.0000000000000004 4.5000000000000009 3.5000000000000004 17368.000000000004 0.96605706214904796 123494.39843750001 5322.0000000000009 3.5000000000000004 65792.000000000015 88.000000000000014 254.00000000000003 157.00000000000003 0.61962890625000011 141922.50000000003 2.2941515445709233 154624.00000000003 1.5220588445663454 3.4566261768341069 4.5000000000000009 1.0000000180025095e-35 4.965684413909913 2.5000000000000004 2663.4343261718755 420978.00000000006 124.50000000000001 2.6360205411911015
decision_type=2 2 2 2 2 2 2 2 2 2 2 2 2 2 2 2 2 2 2 2 2 2 2 2 2 2 2 2 2
left_child=4 2 3 -2 5 -1 7 8 10 -6 12 17 -5 15 -3 16 19 20 -17 -14 22 23 -11 24 26 -24 -20 -27 -29
right_child=1 14 -4 6 9 -7 -8 -9 -10 11 -12 -13 13 -15 -16 18 -18 -19 21 -21 -22 -23 25 -25 -26 27 -28 28 -30
leaf_value=-0.058592807510270767 -0.019931270932832867 -0.069976334686912278 -0.058341179451866093 0.066787572260497183 -0.037317804734545025 0.035308843728519716 0.008953632726752701 0.010950456311932066 0.028301595083738536 -0.055854624337627473 0.044612644503975132 -0.06576968759964702 0.057637011058199572 0.064621690501953891 -0.062087705728432745 0.05719705773216676 0.060038923971019668 -0.058826482081358392 0.055411572231607475 0.056435590250330785 -0.056765265947512522 0.056238272206881802 -0.055670394334718723 0.055753804607482485 0.055605986735462277 -0.055572538877492909 0.055467237838331254 -0.055636557984155746 -0.055592544936048732
leaf_weight=4.0094059035182026 3.6795744001865378 2.7368502765893927 3.6662725135684004 3.0349913164973321 2.6498865559697178 3.3505388870835304 4.9042635932564727 3.1026676818728438 2.3574977815151206 2.5228908583521852 2.5972144827246657 3.1700496077537528 2.3324592188000732 2.2073703184723845 3.2784008532762527 2.1360242590308181 3.9261740744113922 1.8392381146550167 2.2911052852868998 3.4163090512156487 1.9039692059159268 1.8731801882386214 1.8290279135107992 1.8495776355266569 2.2624402046203613 2.6162571683526039 2.9315471425652504 1.8196930289268496 1.8095091357827184
leaf_count=33 17 19 21 21 23 20 29 19 14 27 26 21 21 18 30 20 32 16 26 34 19 19 20 20 25 29 33 20 20
internal_value=2.73558e-05 0.0225797 0.0335103 0.04101 -0.0447028 -0.0158451 0.0464496 0.0515129 0.0553018 -0.0552378 0.0573645 -0.0579496 0.0585364 0.0575437 -0.0656769 0.056865 0.0581875 -0.056221 0.0559061 0.056923 -0.0558377 0.05566 -0.055671 0.055544 0.0554921 -0.0556136 0.0554428 -0.055597 -0.0556146
internal_weight=82.1044 54.5839 48.5687 44.9024 27.5205 7.35994 41.2228 36.3186 33.2159 20.1605 30.8584 17.5106 28.2612 25.2262 6.01525 23.0188 9.67494 14.3406 13.3439 5.74877 12.5013 11.2079 10.5974 9.33467 7.48509 8.07449 5.22265 6.24546 3.6292
internal_count=692 444 395 374 248 53 357 328 309 195 295 172 269 248 49 230 87 151 143 55 135 123 116 104 84 89 59 69 40
is_linear=0
shrinkage=0.05


Tree=33
num_leaves=29
num_cat=0
split_feature=10 27 7 4 4 5 10 33 5 5 5 8 29 23 10 10 24 20 23 10 24 23 23 27 9 33 10 11
split_gain=35.59 8.13233 6.57482 10.0169 4.8817 4.25774 2.81645 6.10035 1.64356 0.268475 0.0639739 0.0201303 0.0154474 0.00507358 0.00275356 0.00355742 0.000845975 0.00048346 0.000460491 0.000113077 0.000102547 7.37914e-05 5.4597e-05 4.41175e-05 2.09301e-05 1.5334e-05 2.90527e-06 1.31546e-06
threshold=6.6406595706939706 7.5000000000000009 2.5000000000000004 258.50000000000006 270.50000000000006 96310.000000000015 7.3105976581573495 1.0000000180025095e-35 77060.500000000015 30554.000000000004 110264.00000000001 5.5000000000000009 2.5000000000000004 0.15832519531250003 5.8101189136505136 6.3207285404205331 2.7689521312713627 54.000000000000007 0.91188964247703563 6.6441054344177255 0.99837818741798412 0.71191406250000011 0.12500000000000003 4.5000000000000009 4.5908083915710458 2.5000000000000004 7.9061548709869394 2.5000864267349248
decision_type=2 2 2 2 2 2 2 2 2 2 2 2 2 2 2 2 2 2 2 2 2 2 2 2 2 2 2 2
left_child=2 6 3 5 -5 9 7 -2 -9 11 19 -1 14 -8 -4 17 18 -16 21 -10 27 -15 -19 24 25 26 -18 -13
right_child=1 -3 12 4 -6 -7 13 8 10 -11 -12 20 -14 16 15 -17 23 22 -20 -21 -22 -23 -24 -25 -26 -27 -28 -29
leaf_value=-0.060571401115842152 -0.030007702766054935 -0.020762064211971361 -0.057751142896287425 0.078741734678117625 -0.0039411499287343955 0.0012000850370988379 0.058054130868109968 0.013161153952483795 0.055892983699605825 -0.040074430050573387 0.06633613974747285 -0.055365033998072355 -0.061070416238273417 0.05595190467780118 -0.056271873058648447 -0.057660888761147513 0.055119176953863029 -0.055210335153369872 0.056672443565685439 0.056392905974695984 -0.05577305816324557 0.055524150214379869 -0.055553075626226814 0.055496490232338325 0.055410789806389582 0.055309884009332212 0.055199087435507471 -0.055310003448093718
leaf_weight=2.7422172129154259 3.5477177053689948 5.6878893822431555 3.9818573817610767 3.2515368387103072 3.9584657624363899 5.2214370742440215 2.2950803413987186 2.6299034357070905 2.0718338638544083 3.1533292159438124 2.3387954831123352 1.7496806904673574 2.2939216345548621 1.9795676618814493 1.8562512472271899 2.9142536669969559 2.105869032442568 3.331727646291256 1.9340722933411596 2.4912111014127731 1.831984646618366 2.0547267869114876 1.7841344252228735 2.3995907232165328 1.7605457827448843 2.8612068891525269 2.4732775166630745 2.8627343028783798
leaf_count=22 17 27 36 20 25 28 21 16 22 23 16 20 19 21 19 27 25 39 19 25 20 23 20 27 20 33 29 33
internal_value=2.52155e-05 0.0344478 -0.0324613 -0.016275 0.0333468 -0.0366478 0.0439801 0.0259635 0.0467959 -0.0526625 0.0596123 -0.0569834 -0.0572697 0.0558432 -0.056641 -0.0561939 0.0555544 -0.0555807 0.0560381 0.0561659 -0.0554566 0.055734 -0.0553299 0.0553056 0.0552558 0.0552191 0.0551623 -0.0553309
internal_weight=79.5648 38.6313 40.9335 24.7714 7.21 17.5614 32.9434 13.0795 9.53174 12.3399 6.90184 9.18662 16.1621 19.8639 13.8682 9.88637 17.5689 6.97211 5.96837 4.56304 6.4444 4.03429 5.11586 11.6005 9.2009 7.44035 4.57915 4.61241
internal_count=692 341 351 191 45 146 314 96 79 118 63 95 160 218 141 105 197 78 63 47 73 44 59 134 107 87 54 53
is_linear=0
shrinkage=0.05


Tree=34
num_leaves=30
num_cat=0
split_feature=10 7 27 4 20 5 33 28 32 6 10 10 4 24 27 0 21 32 24 25 21 25 10 12 25 33 21 10 10
split_gain=33.5176 13.7063 18.0622 10.4167 6.87474 5.01323 1.79281 1.33404 0.885783 0.772963 0.394915 0.27768 0.273174 0.257972 0.110597 0.00601791 0.00545186 0.00248846 0.00154332 0.000817199 0.000658228 0.00028984 0.000166298 8.44132e-05 6.61498e-05 1.07007e-05 8.86318e-06 3.94451e-06 4.771e-07
threshold=7.3105976581573495 2.5000000000000004 7.5000000000000009 258.50000000000006 2786.0000000000005 96310.000000000015 1.0000000180025095e-35 275.50000000000006 1.5000000000000002 10518528.000000002 6.5393822193145761 6.3983678817749032 34.500000000000007 0.99998325109481823 6.5000000000000009 473088.00000000006 211694.00000000003 1.5000000000000002 0.9984528422355653 0.59235385060310375 364938.00000000006 1.2997657060623171 7.8895068168640146 1.3982166647911074 0.65694978833198558 2.5000000000000004 700534.00000000012 7.9061548709869394 5.9638442993164071
decision_type=2 2 2 2 2 2 2 2 2 2 2 2 2 2 2 2 2 2 2 2 2 2 2 2 2 2 2 2 2
left_child=1 2 3 5 6 9 -5 14 13 -1 16 12 -4 -8 15 20 17 19 28 -3 22 24 -2 -22 -19 27 -27 -25 -14
right_child=7 10 11 4 -6 -7 8 -9 -10 -11 -12 -13 18 -15 -16 -17 -18 21 -20 -21 23 -23 -24 25 -26 26 -28 -29 -30
leaf_value=-0.028243394783319782 0.05599894044534829 -0.056060349158485567 -0.032816771364852899 0.10217222789945567 -0.022849032802337271 0.015347053696788529 0.079611896510345462 0.016190241559663594 0.03561478044045728 -0.063748767292666333 -0.080641527947811376 -0.065805387057205053 -0.054996769319937855 0.057513825439199563 0.06770116630005045 0.058374287348803781 -0.058831778789735945 -0.054992180659370331 -0.056834802201505476 -0.057303263465475721 0.055318263820848791 -0.05590516973819383 0.055429245705805943 0.054839188178590438 -0.055345326475503026 0.055086919393292633 0.054930280040907067 0.054927537309116231 -0.055032457627409492
leaf_weight=2.80143751204014 2.3467239364981749 2.3044872060418147 1.7377434149384479 2.3716407418251029 2.8800715655088416 6.442176952958107 2.2500457018613798 2.2520885542035094 3.9819023087620735 3.3851980268955231 1.8929377049207676 4.6041476875543594 2.1476217210292821 3.1975434496998787 2.0903787016868582 1.6794894114136685 1.9149356260895718 2.7218255996704102 1.6715331524610517 3.103416420519352 1.7336573749780644 1.7567237317562101 2.8206863775849342 2.1718814969062787 2.5858623310923576 1.6744375303387644 1.9603908210992811 3.0201661810278893 1.6605782881379125
leaf_count=23 25 24 16 12 18 31 17 13 38 23 12 28 26 29 17 15 17 33 17 29 20 19 32 27 30 20 24 37 20
internal_value=2.6751e-05 -0.0206191 -0.00457949 0.0177701 0.0464102 -0.0155245 0.0633129 0.0526258 0.0535393 -0.0476712 -0.0591725 -0.0562109 -0.0500904 0.0666411 0.0568343 0.0555293 -0.0563478 -0.0559664 -0.0555683 -0.0567736 0.0552256 -0.0553485 0.055688 0.0549993 -0.0551642 0.0549366 0.0550024 0.0548906 -0.0550123
internal_weight=77.1617 55.4118 39.1316 27.31 14.6812 12.6288 11.8011 21.7499 9.42949 6.18664 16.2802 11.8216 7.21748 5.44759 19.4978 17.4074 14.3873 12.4723 5.47973 5.4079 15.7279 7.06441 5.16741 10.5605 5.30769 8.82688 3.63483 5.19205 3.8082
internal_count=692 462 298 191 114 77 96 230 84 46 164 107 79 46 217 200 152 135 63 53 185 82 57 128 63 108 44 64 46
is_linear=0
shrinkage=0.05


Tree=35
num_leaves=28
num_cat=0
split_feature=18 26 27 23 25 19 3 3 11 28 11 11 27 28 18 24 0 5 24 3 33 18 5 4 19 25 0
split_gain=27.3653 12.2197 6.06728 4.07913 7.20588 3.96198 3.16122 5.65648 1.66273 0.771213 1.20041 0.428869 0.386435 0.859643 0.10714 0.00407246 0.00197215 0.00127596 0.00021441 0.000145087 3.31063e-05 7.09428e-05 8.03466e-06 6.41422e-06 5.32276e-06 5.59262e-06 2.27927e-06
threshold=87552.000000000015 1.0000000180025095e-35 8.5000000000000018 0.63830566406250011 0.75166326761245739 127466.66796875001 4.5000000000000009 3.5000000000000004 5.1407732963562021 98.500000000000014 3.5737384557724003 4.6926512718200692 7.5000000000000009 151.50000000000003 75520.000000000015 2.9921875000000004 262676.00000000006 15836.500000000002 2.5667613744735722 5.5000000000000009 2.5000000000000004 260352.00000000003 6313.5000000000009 430.50000000000006 6012.1213378906259 0.55145031213760387 411648.00000000006
decision_type=2 2 2 2 2 2 2 2 2 2 2 2 2 2 2 2 2 2 2 2 2 2 2 2 2 2 2
left_child=6 2 3 4 -2 12 7 -1 -5 -6 -11 14 13 16 15 19 17 -3 -18 -8 22 -22 26 24 25 -21 -20
right_child=1 5 -4 8 9 -7 11 -9 -10 10 -12 -13 -14 -15 -16 -17 18 -19 20 23 21 -23 -24 -25 -26 -27 -28
leaf_value=-0.05745460766304758 -0.023079200017643908 0.056823052700985283 -0.060671453610289333 -0.048663016386046178 0.065444120532699296 -0.013765291543578443 -0.055203461973801431 0.033400929111296031 0.0012262836195195532 0.063306642472699778 0.013672379915335459 -0.03323067357327536 0.075517630553023518 0.025634868897452846 -0.068144781195073389 -0.056984599342837922 0.055254582024280831 0.055078268383053644 0.054658096893664014 -0.05484367758866359 0.054689626716416223 0.055088779918577468 0.054746748789716283 -0.054713492306766434 -0.054888186906532389 -0.054728447455665498 0.054580217220370576
leaf_weight=3.5868738815188435 5.481457903981215 2.4496418908238544 3.8837110698223105 3.5194081887602797 4.1425116360187513 2.4727681279182425 2.8037396892905262 3.2793126106262207 3.1784183382987976 2.2271828055381775 2.6888378858566284 2.1902733296155921 1.7470450699329365 2.8687883317470542 1.8510732874274243 2.9582801535725585 2.5692325979471198 1.8310786932706831 2.4158204197883593 2.0111939162015897 2.8216224312782288 1.8385293781757353 2.215818852186203 2.2040928825736046 1.6975179463624952 2.2101276963949203 1.5373229160904882
leaf_count=33 38 24 30 22 26 14 33 20 20 21 23 16 8 29 13 31 30 22 31 25 36 22 28 28 21 28 20
internal_value=2.41634e-05 0.0213605 -0.00321016 0.00729766 0.0221701 0.0462822 -0.0429103 -0.0140617 -0.0249883 0.0495512 0.036159 -0.05396 0.0529422 0.0510227 -0.0568453 -0.0553389 0.0551424 0.0560767 0.0548439 -0.0548933 0.0547465 0.0548471 0.0546705 -0.0547863 -0.0548134 -0.0547833 0.0546278
internal_weight=74.6817 49.8892 25.1215 21.2378 14.54 24.7677 24.7925 6.86619 6.69783 9.05853 4.91602 17.9263 22.2949 20.5479 15.736 13.885 17.6791 4.28072 13.3983 10.9267 10.8291 4.66015 6.16896 8.12293 5.91884 4.22132 3.95314
internal_count=692 444 180 150 108 264 248 53 42 70 44 195 250 242 179 166 213 46 167 135 137 58 79 102 74 53 51
is_linear=0
shrinkage=0.05


Tree=36
num_leaves=31
num_cat=0
split_feature=10 7 27 4 23 0 10 19 32 18 28 10 24 27 10 18 19 3 24 19 24 32 10 23 28 21 29 12 24 28
split_gain=29.6956 12.7719 16.1502 9.38749 5.19092 4.50779 2.78424 1.73777 0.632237 0.500103 0.482783 0.363255 0.27042 0.222341 0.090084 0.0135968 0.00607518 0.000660331 0.000564479 0.000436395 0.000174713 0.00015329 0.000121516 3.81265e-05 3.47145e-05 4.4978e-05 1.81699e-05 7.57401e-06 5.24568e-06 2.92098e-08
threshold=7.3105976581573495 2.5000000000000004 7.5000000000000009 258.50000000000006 0.93412640690803539 678668.00000000012 6.5818047523498544 127466.66796875001 3.5000000000000004 94976.000000000015 55.000000000000007 6.5393822193145761 3.4566261768341069 7.5000000000000009 6.6711206436157235 115456.00000000001 24288.000000000004 4.5000000000000009 2.7689521312713627 7347.1999511718759 1.0056279301643374 1.5000000000000002 6.0228445529937753 0.58496093750000011 62.500000000000007 577052.00000000012 1.0000000180025095e-35 2.5162132978439335 5.0357227325439462 133.50000000000003
decision_type=2 2 2 2 2 2 2 2 2 2 2 2 2 2 2 2 2 2 2 2 2 2 2 2 2 2 2 2 2 2
left_child=1 2 3 5 8 6 9 13 10 -1 -5 16 14 18 15 19 17 -3 20 29 23 -19 -23 -2 27 -26 -24 28 -20 -4
right_child=7 11 12 4 -6 -7 -8 -9 -10 -11 -12 -13 -14 -15 -16 -17 -18 21 24 -21 -22 22 26 -25 25 -27 -28 -29 -30 -31
leaf_value=-0.039351418281161066 0.055093652561590059 -0.055931211405420969 -0.054481138632309502 0.059050671180848772 -0.017200350683089245 0.033319704508680263 0.0045724094874531893 0.0075240401299465163 0.043225788680144393 -0.068990797531347889 0.08559441212840857 -0.079691918339350798 -0.037455026831736564 0.073713838517743477 -0.068201359653319069 -0.059842474904568503 -0.057442433442871622 -0.055253924448925774 0.054413439001635061 -0.055438551570382071 0.055502064276553721 -0.055031933551209423 -0.054440342855732904 0.054773604515341884 0.054777738057780162 0.054445140148393745 -0.054676466874042963 0.054378017983133888 0.054534017435815929 -0.054472155468250752
leaf_weight=2.76047231256962 1.752769760787497 1.8793254494667033 2.2645740658044802 4.9298913553357107 2.7019610777497283 3.4745405167341223 3.0479964762926102 2.0114893764257422 3.779416561126709 2.9377895221114159 2.6252710670232773 1.8041144609451283 1.8214615881443013 1.7014607191085804 1.9127251058816908 1.7473188936710355 3.891036018729209 2.0346377491950989 1.4902782663702949 1.7200575917959211 2.0076227635145187 2.2116640955209732 1.7224176526069643 1.9836732223629949 2.2212518900632858 1.8741114959120748 1.5460174977779386 2.8113400414586067 2.2849671170115471 1.5071878954768179
leaf_count=27 21 20 30 39 15 17 16 12 38 17 22 12 14 8 10 13 38 24 20 20 23 27 23 25 28 25 20 38 30 20
internal_value=2.34725e-05 -0.0198354 -0.00410837 0.0171805 0.0450763 -0.01486 -0.0339999 0.0516158 0.059922 -0.0546323 0.0682741 -0.0586399 -0.055049 0.0565084 -0.0585507 -0.0560008 -0.0557811 -0.0550929 0.0547262 -0.0547785 0.0551259 -0.0548833 -0.0547457 0.0549237 0.0545112 0.0546255 -0.054552 0.0544402 0.0544864 -0.0544775
internal_weight=72.4588 52.3199 37.2307 26.2573 14.0365 12.2208 8.74626 20.139 11.3346 5.69826 7.55516 15.0892 10.9733 18.1275 9.15186 7.23914 13.2851 9.39406 16.426 5.49182 5.74407 7.51474 5.4801 3.73644 10.6819 4.09536 3.26844 6.58659 3.77525 3.77176
internal_count=692 462 298 191 114 77 60 230 99 44 61 164 107 218 93 83 152 114 210 70 69 94 70 46 141 53 43 88 50 50
is_linear=0
shrinkage=0.05


Tree=37
num_leaves=31
num_cat=0
split_feature=10 7 27 4 20 14 19 33 0 4 10 24 24 27 10 18 19 3 24 19 24 11 20 27 23 28 21 23 21 28
split_gain=27.8839 12.1459 15.1316 8.71621 6.91933 4.7682 1.72634 1.44977 1.12114 0.638838 0.31879 0.278393 0.257051 0.185452 0.0752043 0.0114748 0.00518434 0.000559241 0.000479791 0.000371702 0.000148755 0.000144437 8.55871e-05 7.69606e-05 3.23569e-05 2.94914e-05 3.82092e-05 4.50364e-06 4.53284e-06 2.47949e-08
threshold=7.3105976581573495 2.5000000000000004 7.5000000000000009 258.50000000000006 3124.0000000000005 1.5000000000000002 127466.66796875001 1.0000000180025095e-35 239580.00000000003 270.50000000000006 6.5393822193145761 3.4566261768341069 0.99998325109481823 7.5000000000000009 6.6711206436157235 115456.00000000001 24288.000000000004 4.5000000000000009 2.7689521312713627 7347.1999511718759 1.0056279301643374 2.8339161872863774 54.000000000000007 4.5000000000000009 0.58496093750000011 62.500000000000007 577052.00000000012 0.76110839843750011 426234.00000000006 133.50000000000003
decision_type=2 2 2 2 2 2 2 2 2 2 2 2 2 2 2 2 2 2 2 2 2 2 2 2 2 2 2 2 2 2
left_child=1 2 3 5 7 8 13 -5 -1 12 16 14 -9 18 15 19 17 -3 20 29 24 -19 -23 -24 -2 27 -27 -20 -29 -4
right_child=6 10 11 4 -6 -7 -8 9 -10 -11 -12 -13 -14 -15 -16 -17 -18 21 25 -21 -22 22 23 -25 -26 26 -28 28 -30 -31
leaf_value=-0.018068116695900652 0.054820877136534996 -0.055609300541455568 -0.054243531812916079 0.096128372989307334 -0.03147133672963718 0.032361693187901205 0.0071661440036498037 0.073313009903922033 -0.054943796031503928 0.034346527593192094 -0.07825166119844941 -0.036391349415135214 0.051752646504526337 0.072075662356283363 -0.067021575302471159 -0.059274870674382467 -0.057039014805633996 -0.054265526330745266 0.054153638561282968 -0.055147308419338736 0.055206557212360244 -0.055040834672420762 -0.054845941398164934 -0.054366087141689029 0.054519283391585044 0.054523227817706868 0.054209601914203313 0.054177351136193055 0.054288273231308942 -0.054235063836219767
leaf_weight=4.3361693248152751 1.6753721982240741 1.7977560013532619 2.1633266210556017 2.3008749186992636 2.4855188876390448 3.7532130554318419 2.0064819753170005 2.6376225948333722 3.9287246093153954 3.3462998196482658 1.746908701956271 1.7819825932383526 2.9050422832369804 1.6543208509683598 1.8506492376327512 1.677612707018852 3.7267823666334143 2.0261221006512642 2.5480749979615194 1.6445915699005125 1.9196732640266416 1.809276759624481 1.7285235449671748 1.617493115365505 1.895507752895355 2.1225335225462918 1.7902598455548284 1.6355917230248453 2.1081893667578697 1.439790330827236
leaf_count=32 21 20 30 12 15 26 12 22 19 35 12 14 30 8 10 13 38 28 36 20 23 22 22 22 25 28 25 23 29 20
internal_value=2.14481e-05 -0.0194679 -0.00401611 0.0166914 0.043992 -0.0143737 0.0510749 0.0607541 -0.035597 0.0515976 -0.0582248 -0.0544093 0.0620127 0.056153 -0.0580679 -0.0556752 -0.0554713 -0.0548206 0.0544747 -0.0545244 0.0548516 -0.0546232 -0.0547638 -0.054614 0.0546608 0.0542719 0.0543797 0.0542049 0.0542398 -0.0542401
internal_weight=70.0603 50.7043 36.2514 25.6935 13.6754 12.0181 19.356 11.1898 8.26489 8.88896 14.4529 10.558 5.54266 17.3495 8.77597 6.92532 12.706 8.97917 15.6952 5.24771 5.49055 7.18142 5.15529 3.34602 3.57088 10.2046 3.91279 6.29186 3.74378 3.60312
internal_count=692 462 298 191 114 77 230 99 51 87 164 107 52 218 93 83 152 114 210 70 69 94 66 44 46 141 53 88 52 50
is_linear=0
shrinkage=0.05


Tree=38
num_leaves=31
num_cat=0
split_feature=10 7 27 4 20 14 28 33 0 32 22 24 10 24 0 10 18 10 21 32 22 22 22 9 18 10 11 5 9 0
split_gain=26.171 11.5695 14.173 8.08035 6.44854 4.3501 1.58495 1.29242 1.04273 0.822903 0.895836 0.297049 0.279748 0.189727 0.100849 0.0631911 0.00972887 0.00535584 0.00422819 0.00131878 0.000631233 0.000313544 0.000245054 0.000121571 7.28302e-05 5.54548e-05 3.80297e-05 8.59145e-06 5.90616e-06 1.71944e-06
threshold=7.3105976581573495 2.5000000000000004 7.5000000000000009 258.50000000000006 3124.0000000000005 1.5000000000000002 275.50000000000006 1.0000000180025095e-35 239580.00000000003 1.5000000000000002 41444.798828125007 4.0526170730590829 6.5393822193145761 0.99998325109481823 553848.00000000012 6.6711206436157235 115456.00000000001 7.7113487720489511 222654.00000000003 1.5000000000000002 19474.466796875004 7596.1271972656259 149206.12500000003 0.10818690434098245 156672.00000000003 5.9970734119415292 6.7238924503326425 5632.0000000000009 2.0310854911804204 433920.00000000006
decision_type=2 2 2 2 2 2 2 2 2 2 2 2 2 2 2 2 2 2 2 2 2 2 2 2 2 2 2 2 2 2
left_child=1 2 3 5 7 8 14 -5 -1 13 -11 15 18 -9 17 16 21 -2 19 20 -3 -4 24 25 -19 -21 27 -24 -29 -30
right_child=6 12 11 4 -6 -7 -8 9 -10 10 -12 -13 -14 -15 -16 -17 -18 22 -20 23 -22 -23 26 -25 -26 -27 -28 28 29 -31
leaf_value=-0.017306646328860593 0.057107804567672421 -0.054998194232388956 -0.054022312265548447 0.093087824220831228 -0.03017467704322524 0.030910709779787379 0.0096900566746610534 0.076233117923784358 -0.053093020733711777 0.0077674526541720501 0.055757548545207362 -0.034524771682523506 -0.076888914322413321 0.0559556599659259 0.06810082859573989 -0.065936230355345946 -0.058744761657423088 0.054744109151644585 -0.057647465256315013 -0.054370022446411974 -0.056197332715925898 -0.054871914169868419 0.053914237260240139 -0.054592242811857573 0.054318299074085079 -0.053960681590734 0.054260634325723915 0.054103890203930721 0.054017318720269873 0.053943809602214149
leaf_weight=4.3015124797821063 1.7665809690952361 2.8449531942605955 3.5142960622906667 2.2583058178424826 2.4632886052131644 3.7334410995244971 2.1050832644104949 2.0258662551641446 3.8640515133738518 1.8025699257850649 2.1116147488355637 1.6712366938590992 1.6904130429029454 2.6790882647037506 1.5046140924096096 1.7886288017034528 1.6098292693495748 1.72377748787403 1.5186040624976147 1.4636341482400896 1.7867019623517988 1.5715699195861814 2.6928936615586263 2.6313218027353287 2.405597560107708 1.9033418372273443 1.5112599134445188 1.6097809448838232 1.9264185428619387 1.3550888523459432
leaf_count=32 20 35 51 12 15 26 13 17 19 17 24 13 12 29 10 10 13 22 15 20 19 20 40 35 33 28 21 23 28 20
internal_value=2.05578e-05 -0.0190686 -0.00391308 0.0161564 0.0428747 -0.0137991 0.0505468 0.0594173 -0.0342412 0.0505953 0.033657 -0.0537921 -0.0578313 0.0646868 0.0557606 -0.0575874 -0.0553571 0.054522 -0.0551796 -0.054827 -0.0554608 -0.0542848 0.0541766 -0.0543376 0.0544961 -0.0541386 0.0540316 0.053986 0.0540254 0.053987
internal_weight=67.8354 49.2343 35.3953 25.2397 13.3407 11.899 18.6011 10.8774 8.16556 8.61914 3.91418 10.1556 13.839 4.70495 16.496 8.48432 6.6957 14.9914 12.1486 10.63 4.63166 5.08587 13.2248 5.9983 4.12938 3.36698 9.09544 7.58418 4.89129 3.28151
internal_count=692 462 298 191 114 77 230 99 51 87 41 107 164 46 217 94 84 207 152 137 54 71 187 83 55 48 132 111 71 48
is_linear=0
shrinkage=0.05


Tree=39
num_leaves=30
num_cat=0
split_feature=10 7 27 20 8 2 19 32 11 14 24 10 27 10 18 19 8 24 19 11 24 20 27 28 21 25 18 24 0
split_gain=24.5708 11.022 13.2821 6.59807 5.1065 5.43405 1.80664 1.57804 0.999118 0.358079 0.305466 0.245443 0.145023 0.0529531 0.00822829 0.00378236 0.000403705 0.000364829 0.000293384 0.000104584 9.80077e-05 6.14343e-05 5.6476e-05 2.11977e-05 2.72913e-05 1.6809e-05 3.10984e-06 5.36848e-06 5.81986e-08
threshold=7.3105976581573495 2.5000000000000004 7.5000000000000009 3304.0000000000005 3.5000000000000004 17368.000000000004 127466.66796875001 1.5000000000000002 4.6336965560913095 1.5000000000000002 4.0526170730590829 6.5393822193145761 7.5000000000000009 6.6711206436157235 115456.00000000001 24288.000000000004 4.5000000000000009 2.7689521312713627 7526.4001464843759 2.8339161872863774 1.0056279301643374 54.000000000000007 4.5000000000000009 62.500000000000007 577052.00000000012 0.86845913529396068 351232.00000000006 5.0357227325439462 55560.000000000007
decision_type=2 2 2 2 2 2 2 2 2 2 2 2 2 2 2 2 2 2 2 2 2 2 2 2 2 2 2 2 2
left_child=1 2 3 4 -1 7 12 9 -9 -6 13 15 17 14 18 16 -3 20 28 -18 25 -21 -23 26 -25 -2 27 -19 -4
right_child=6 11 10 -5 5 -7 -8 8 -10 -11 -12 -13 -14 -15 -16 -17 19 23 -20 21 -22 22 -24 24 -26 -27 -28 -29 -30
leaf_value=-0.025487523300613636 0.054320744735584917 -0.055022314529356291 -0.053813894829383174 -0.045449830407730589 0.079611964670305013 -0.011423593305460956 0.0046507139961937333 0.011864231326641217 0.054265712278196904 0.057628934502944401 -0.033494223196462919 -0.075597114015731229 0.069945872331982753 -0.064935550815970078 -0.058249141580211189 -0.056301997664513562 -0.053827177375293633 0.053729143990380368 -0.054657912996541359 -0.054516725648010411 0.054663056394191424 -0.054346118307485619 -0.053915764780339839 0.054055342419921097 0.053777791880060648 0.05409361100203125 0.053720198651835506 0.05384859624692459 -0.053800809980985291
leaf_weight=3.8509453982114854 1.5291806571185618 1.6437399238347987 1.5803225636482223 3.7493724673986426 3.9225146546959895 4.1732183024287215 1.952913500368594 2.6579017639160156 2.9107619598507881 3.5101134553551674 1.6373971849679936 1.6347489058971394 1.5874123126268376 1.7269462198019025 1.5440156459808347 3.4162553846836081 1.8476083204150198 1.6141050606966003 1.4388679489493368 1.6520551294088361 1.7530532777309416 1.5779899284243586 1.4748852625489233 1.9360444322228434 1.6325224936008451 1.7430023699998853 1.8684660792350767 2.2541899159550667 1.8383387029170988
leaf_count=22 21 20 24 23 28 32 12 24 27 35 13 12 8 10 13 38 28 25 19 22 23 22 22 28 25 25 29 34 28
internal_value=2.08657e-05 -0.0186837 -0.00381274 0.0156538 0.0265501 0.0382182 0.0500381 0.0541524 0.0340276 0.0692303 -0.0531968 -0.0574578 0.0556065 -0.0571657 -0.0550696 -0.0549043 -0.0543217 0.0540181 -0.054059 -0.0541459 0.0543614 -0.0542711 -0.0541382 0.0538327 0.0539284 0.0541998 0.0537732 0.0537988 -0.0538069
internal_weight=65.6589 47.788 34.5407 24.7748 21.0255 17.1745 17.8709 13.0013 5.56866 7.43263 9.76589 13.2473 15.918 8.12849 6.40154 11.6125 8.19628 14.3306 4.85753 6.55254 5.02524 4.70493 3.05288 9.30533 3.56857 3.27218 5.73676 3.86829 3.41866
internal_count=692 462 298 191 168 146 230 114 51 63 107 164 218 94 84 152 114 210 71 94 69 66 44 141 53 46 88 59 52
is_linear=0
shrinkage=0.05


Tree=40
num_leaves=31
num_cat=0
split_feature=10 7 27 4 20 5 28 33 23 4 24 10 24 0 10 18 10 18 3 24 22 5 22 18 10 23 12 9 5 22
split_gain=23.0698 10.5005 12.4532 7.17472 5.65819 4.29632 1.66661 1.12362 0.678501 0.611711 0.31391 0.215263 0.198468 0.0834065 0.0444477 0.00696599 0.00387245 0.00315923 0.000847052 0.000361202 0.000228305 0.0001957 0.000177479 5.30529e-05 5.0683e-05 2.93068e-05 9.76047e-06 3.95983e-06 3.75393e-06 1.06598e-06
threshold=7.3105976581573495 2.5000000000000004 7.5000000000000009 258.50000000000006 3124.0000000000005 96310.000000000015 275.50000000000006 1.0000000180025095e-35 0.63830566406250011 270.50000000000006 4.0526170730590829 6.5393822193145761 0.99998325109481823 553848.00000000012 6.6711206436157235 115456.00000000001 7.7113487720489511 214272.00000000003 4.5000000000000009 3.7617187500000004 7596.1271972656259 5333.0000000000009 149206.12500000003 156672.00000000003 5.9489688873291025 0.95987954735755932 2.1607319116592412 4.5908083915710458 6347.0000000000009 205051.46093750003
decision_type=2 2 2 2 2 2 2 2 2 2 2 2 2 2 2 2 2 2 2 2 2 2 2 2 2 2 2 2 2 2
left_child=1 2 3 5 7 8 13 -5 -1 12 14 17 -9 16 15 20 -2 18 -3 21 -4 -20 23 -18 -23 27 -26 28 -24 -30
right_child=6 11 10 4 -6 -7 -8 9 -10 -11 -12 -13 -14 -15 -16 -17 22 -19 19 -21 -22 24 25 -25 26 -27 -28 -29 29 -31
leaf_value=-0.026911896676011512 0.056353679442244502 -0.055135057950669975 -0.053611027330112963 0.08924476595512422 -0.028114592464488681 0.015913784234075672 0.007226902680633052 0.070102116509516463 -0.061838615107930567 0.031478695703225479 -0.032483577521634964 -0.074370686283393703 0.050060147360289298 0.066690406350862222 -0.064011056723585522 -0.05778530442628365 0.054254780901727619 -0.056963292876750699 -0.054418140623647353 -0.054801057294746915 -0.054369932233726617 -0.053987854208299324 0.053519880903050238 0.053874336650171599 -0.053734451391289129 0.053836045143090087 -0.053554920243312876 0.053658431181314983 0.053627465910522545 0.053566057804410976
leaf_weight=2.7064863666892069 1.6180568188428903 2.4877226725220662 3.2035524025559408 2.1829921454191199 2.3828420862555495 6.0910625159740448 2.0504653304815283 2.390736058354376 2.8597873225808144 3.1214505955576897 1.6047657579183576 1.5800129882991303 2.5557170435786247 1.4444139599800099 1.6658424139022825 1.480203181505203 1.5736636146903031 1.2978196181356896 1.3897242173552511 1.3632001765072344 1.4349010959267614 1.4230178222060201 2.826020669192074 2.1938840299844742 1.2775630652904513 1.3135154433548448 1.8581932261586187 1.2704498171806333 1.6388482414186003 1.2424828484654424
leaf_count=25 20 30 51 12 15 31 13 22 21 35 13 12 30 10 10 13 22 14 19 18 20 21 46 33 20 20 30 20 26 20
internal_value=2.16934e-05 -0.0183163 -0.00371682 0.0151855 0.0412881 -0.0131033 0.0495276 0.0574208 -0.0448562 0.04881 -0.0526192 -0.0571036 0.0597469 0.0552636 -0.0567702 -0.0547988 0.0540569 -0.0546451 -0.0543381 -0.054067 -0.0538458 -0.0538987 0.0537487 0.0540332 -0.0537404 0.0536194 -0.0536281 0.0535786 0.0535608 0.053601
internal_weight=63.5294 46.3576 33.6803 24.2911 12.6337 11.6573 17.1718 10.2509 5.56627 8.0679 9.38926 12.6773 4.94645 15.1213 7.7845 6.11866 13.6769 11.0972 9.79942 7.3117 4.63845 5.9485 12.0589 3.76755 4.55877 8.29132 3.13576 6.9778 5.70735 2.88133
internal_count=692 462 298 191 114 77 230 99 46 87 107 164 52 217 94 84 207 152 138 108 71 90 187 55 71 132 50 112 92 46
is_linear=0
shrinkage=0.05


Tree=41
num_leaves=31
num_cat=0
split_feature=10 7 27 20 3 2 19 33 17 6 23 10 27 22 10 5 19 3 22 11 11 11 10 20 27 33 22 10 10 10
split_gain=21.6663 10.0045 11.6752 5.71322 4.74734 4.76933 1.87741 0.631057 0.806133 0.288751 0.275691 0.188716 0.114358 0.0446571 0.0378902 0.00554926 0.00276834 0.000290293 0.000235868 0.000211747 7.59884e-05 7.26124e-05 7.15875e-05 4.42027e-05 4.15325e-05 4.96644e-06 5.68847e-06 1.40821e-06 4.5692e-07 2.14757e-07
threshold=7.3105976581573495 2.5000000000000004 7.5000000000000009 3304.0000000000005 3.5000000000000004 17368.000000000004 127466.66796875001 1.0000000180025095e-35 768.00000000000011 4831838208.000001 0.82552084326744091 6.5393822193145761 7.5000000000000009 41444.798828125007 6.6711206436157235 49406.500000000007 24288.000000000004 4.5000000000000009 160454.10156250003 2.7872670888900761 2.8339161872863774 6.7747480869293222 7.8895068168640146 54.000000000000007 4.5000000000000009 2.5000000000000004 219621.00000000003 7.946333885192872 5.9970734119415292 7.9047651290893564
decision_type=2 2 2 2 2 2 2 2 2 2 2 2 2 2 2 2 2 2 2 2 2 2 2 2 2 2 2 2 2 2
left_child=1 2 3 4 -1 7 12 -6 -9 14 13 16 18 -10 15 19 17 -3 22 28 -19 25 -2 -22 -25 27 -27 29 -4 -20
right_child=6 11 9 -5 5 -7 -8 8 10 -11 -12 -13 -14 -15 -16 -17 -18 20 21 -21 23 -23 -24 24 -26 26 -28 -29 -30 -31
leaf_value=-0.025266931729666778 0.054077617651657743 -0.054499441359612079 -0.053417797700868123 -0.043366299295004532 0.072009825161919644 -0.010162593330885391 0.0023135459842443962 0.028057745240620092 0.043994103068104431 -0.034742645852995406 0.073477361151427972 -0.073204883929600062 0.068102980282878728 0.055129804722588042 -0.063035321153474821 -0.057422380986774352 -0.055649391092755851 -0.05343689251288021 0.053315893530062712 -0.054220849065489199 -0.054051368688666779 0.053792790498109394 0.053692706495208402 -0.053901803087967916 -0.053515285398343507 0.05351347188515429 0.053373350815746207 0.053391570797653859 -0.053458433794713101 0.05334437157814928
leaf_weight=3.8066322356462541 2.4700710140168693 1.5007013194262961 1.6169914193451389 3.5944780185818663 3.0321217253804233 4.079449549317359 1.9024918526411045 3.8069956079125387 1.6978928372263911 1.9007785879075525 1.8869411870837209 1.5262816734611977 1.5197556763887394 1.9166044667363165 1.7630358338356016 1.3046161755919454 3.1276235915720463 1.6834989786148069 1.5160123109817494 1.2312305383384226 1.5071753337979314 1.2975121475756166 2.3641323335468769 1.4394265711307528 1.3438816703855989 1.2865166887640955 1.6574969701468942 1.3081012144684789 1.2089645080268381 1.17519761249423
leaf_count=22 36 20 27 23 19 32 12 35 23 19 13 12 8 24 11 12 38 28 26 18 22 20 37 22 22 21 28 22 20 20
internal_value=1.91569e-05 -0.0179588 -0.00362908 0.01472 0.0250425 0.0367057 0.0490312 0.052199 0.0457459 -0.0520573 0.0579861 -0.0567668 0.055121 0.0498989 -0.0566766 -0.0545857 -0.0544004 -0.0538777 0.0536121 -0.0536736 -0.0537216 0.0534495 0.0538894 -0.0538333 -0.0537152 0.0533853 0.0534346 0.053349 -0.0534352 0.0533283
internal_weight=61.4726 44.9753 32.8467 23.8211 20.2266 16.42 16.4973 12.3406 9.30843 9.02562 5.50144 12.1286 14.5948 3.6145 7.12484 5.3618 10.6023 7.47468 13.075 4.05719 5.97398 8.24084 4.8342 4.29048 2.78331 6.94332 2.94401 3.99931 2.82596 2.69121
internal_count=692 462 298 191 168 146 230 114 95 107 60 164 218 47 88 77 152 114 210 65 94 137 73 66 44 117 49 68 47 46
is_linear=0
shrinkage=0.05


Tree=42
num_leaves=30
num_cat=0
split_feature=10 7 4 20 0 32 14 19 33 10 10 10 19 14 0 10 19 12 15 4 11 0 20 19 23 22 9 12 18
split_gain=20.3414 9.53934 10.0297 7.42773 5.90702 2.44486 2.23992 1.85489 0.927607 0.36607 0.317574 0.165351 0.0593712 0.0356872 0.00616032 0.00257994 0.00236811 0.000473727 0.000246822 0.000131846 6.48541e-05 5.05417e-05 3.7568e-05 3.41699e-05 9.36744e-06 7.39406e-06 2.13129e-06 7.12504e-07 1.47128e-07
threshold=7.3105976581573495 2.5000000000000004 258.50000000000006 4006.0000000000005 641536.00000000012 1.5000000000000002 2.5000000000000004 127466.66796875001 1.5000000000000002 6.6439590454101571 6.6374311447143564 6.5393822193145761 13550.933593750002 3.5000000000000004 466432.00000000006 7.7160685062408456 24288.000000000004 2.2229280471801762 4.5000000000000009 270.50000000000006 2.8339161872863774 54064.000000000007 54.000000000000007 13550.933593750002 0.95880532264709484 199465.87500000003 3.9537070989608769 2.312430858612061 351232.00000000006
decision_type=2 2 2 2 2 2 2 2 2 2 2 2 2 2 2 2 2 2 2 2 2 2 2 2 2 2 2 2 2
left_child=1 2 4 6 5 -1 8 13 10 -10 -4 16 17 14 15 -2 18 -7 -3 -17 -20 -19 -22 -24 25 -21 28 -23 -27
right_child=7 11 3 -5 -6 12 -8 -9 9 -11 -12 -13 -14 -15 -16 19 -18 21 20 24 22 27 23 -25 -26 26 -28 -29 -30
leaf_value=-0.012290232189131084 0.055567999557556702 -0.054261220410649395 0.086126338140345482 -0.046228180716320975 0.02133531249657987 -0.054562336536586591 0.005378501835954912 0.0021996773943012749 0.02343686433503862 0.055378366728191679 0.059988081047876875 -0.072095628895301828 -0.06163486777178484 0.062727386455216569 0.057256227969015194 0.053676181201573719 -0.055350795106929945 -0.053741812228546841 -0.053258081756575662 0.053316697475677244 -0.053838655469763165 -0.053326859261726839 -0.053359890993485863 -0.053720456985680003 0.053378497325646736 0.053154848424098594 0.053236028627158941 -0.053380723193146823 0.053178750509168198
leaf_weight=4.3410061076283482 1.529038231819867 1.4336198568344096 2.6635843813419324 2.6043442636728278 4.6979608908295623 1.4048242755234222 2.407014623284339 1.9009684324264515 1.6211319640278818 2.0081417113542557 2.061426218599081 1.473614715039729 4.5316531248390675 1.3027421124279488 1.3291308842599381 2.4615646786987764 2.9907307848334312 1.263440649956465 1.6066344529390333 1.6875990107655523 1.4391906075179575 1.2779779471457007 1.4662959985435011 1.1906087845563886 1.2399085871875284 1.5070854611694815 1.7692744247615335 1.1815886981785295 1.1239763610064981
leaf_count=29 21 20 15 17 25 20 24 12 19 24 26 12 37 11 19 39 38 20 28 29 22 22 25 19 21 27 31 20 20
internal_value=1.88159e-05 -0.0175932 -0.00353612 0.0295399 -0.0271788 -0.0434581 0.0478765 0.0485339 0.060121 0.0411107 0.0747227 -0.0564468 -0.057465 0.0548477 0.0540361 0.0536579 -0.0541697 -0.05378 -0.0536747 0.0533596 -0.0535273 -0.0534848 -0.0536329 -0.0535215 0.0532532 0.0532277 0.0531936 -0.0533527 0.0531651
internal_weight=59.5161 43.6648 32.0641 13.3656 18.6985 14.0005 10.7613 15.8513 8.35428 3.62927 4.72501 11.6007 9.65948 13.9503 12.6476 11.3184 10.1271 5.12783 7.13635 9.78941 5.70273 3.72301 4.0961 2.6569 7.32784 6.08794 4.40034 2.45957 2.63106
internal_count=692 462 298 125 173 148 108 230 84 43 41 164 119 218 207 188 152 82 114 167 94 62 66 44 128 107 78 42 47
is_linear=0
shrinkage=0.05


Tree=43
num_leaves=31
num_cat=0
split_feature=10 7 27 20 15 2 19 32 17 24 29 10 27 30 10 18 19 15 24 19 24 24 32 10 28 24 10 12 24 28
split_gain=19.1018 9.0977 10.448 4.86397 4.40064 4.15273 1.83384 1.54253 0.86617 0.347836 0.308385 0.144794 0.0823984 0.0347959 0.0298629 0.00497891 0.00202654 0.000209996 0.000201442 0.000179763 5.20341e-05 4.61736e-05 3.88477e-05 2.61855e-05 1.09161e-05 1.42284e-05 6.25885e-06 2.68267e-06 1.65734e-06 2.51584e-08
threshold=7.3105976581573495 2.5000000000000004 7.5000000000000009 3304.0000000000005 3.5000000000000004 17368.000000000004 127466.66796875001 1.5000000000000002 3328.0000000000005 4.0526170730590829 1.0000000180025095e-35 6.5393822193145761 7.5000000000000009 1.0000000180025095e-35 6.6711206436157235 115456.00000000001 24288.000000000004 4.5000000000000009 2.7689521312713627 7526.4001464843759 2.9133226871490483 1.0056279301643374 1.0000000180025095e-35 5.9638442993164071 62.500000000000007 4.0291795730590829 7.8895068168640146 2.5162132978439335 5.0357227325439462 136.00000000000003
decision_type=2 2 2 2 2 2 2 2 2 2 2 2 2 2 2 2 2 2 2 2 2 2 2 2 2 2 2 2 2 2
left_child=1 2 3 4 -1 7 12 10 -9 14 -6 16 18 -12 15 19 17 -3 21 29 22 26 -19 -24 27 -26 -2 28 -20 -4
right_child=6 11 9 -5 5 -7 -8 8 -10 -11 13 -13 -14 -15 -16 -17 -18 20 24 -21 -22 -23 23 -25 25 -27 -28 -29 -30 -31
leaf_value=-0.0248920131582572 0.053482211712120843 -0.054036555135827752 -0.053075316889574925 -0.040931095509028653 0.081806760303623521 -0.0089062299928908926 0.0020913286049076317 0.0071026604841584878 0.048341706185950517 -0.029271685389543112 0.063178838571222251 -0.071039382971815168 0.065963063399716831 0.054371927324288284 -0.062094968532925676 -0.056810892140588147 -0.055069181984816418 -0.053510173279887899 0.05302872605815856 -0.053799832343279411 -0.053641417743804092 0.053749582852520655 -0.053358982470794375 -0.05305975340024556 0.0530603187484203 0.053279654898490139 0.053330369315202825 0.053001066917137608 0.053108452327000989 -0.053065632750464088
leaf_weight=3.7633518204093077 1.2681988291442379 1.3692277818918208 1.7466840334236606 3.4246129542589179 2.136577792465685 3.9721922427415839 1.8995190113782872 2.3271296843886375 2.8117056339979172 1.4896129406988619 2.218786109238863 1.4220583923161019 1.42565357685089 2.2679704055190086 1.5226074457168577 1.3349733129143713 2.8590510822832584 1.1630876362323759 1.0768069475889208 1.2086654826998708 1.156695671379566 1.456993371248245 1.167829427868128 1.955179017037153 1.5214518606662752 1.4384493008255956 1.4598884321749208 2.0285379514098167 1.6517436094582079 1.0886584036052225
leaf_count=22 21 20 32 23 11 32 12 15 36 13 20 12 8 32 10 13 38 19 20 19 19 23 20 36 28 25 25 38 30 20
internal_value=1.6154e-05 -0.0172328 -0.00344862 0.0140258 0.0236785 0.0352957 0.048053 0.0502231 0.0296665 -0.0511837 0.0661722 -0.0561424 0.0546037 0.0587271 -0.0559131 -0.0541633 -0.053952 -0.0534831 0.053243 -0.0532893 -0.0533438 0.0535223 -0.0532635 -0.0531716 0.0530915 0.0531669 0.053401 0.0530446 0.053077 -0.0530716
internal_weight=57.6339 42.4067 31.3135 22.9223 19.4977 15.7344 15.2272 11.7622 5.13884 8.3912 6.62333 11.0931 13.3277 4.48676 6.90159 5.37898 9.67107 6.81202 11.9021 4.04401 5.44279 4.18508 4.2861 3.12301 7.71699 2.9599 2.72809 4.75709 2.72855 2.83534
internal_count=692 462 298 191 168 146 230 114 51 107 63 164 218 52 94 84 152 114 210 71 94 69 75 56 141 53 46 88 50 52
is_linear=0
shrinkage=0.05


Tree=44
num_leaves=31
num_cat=0
split_feature=10 7 21 0 21 32 28 21 5 12 23 10 10 0 9 23 10 19 3 28 21 32 10 24 10 23 12 11 10 11
split_gain=17.9375 8.67517 6.06188 6.18613 5.22989 3.76485 1.88944 1.82506 1.26775 0.40088 0.23277 0.138756 0.0824548 0.0658908 0.00428683 0.00255852 0.00203557 0.00176649 0.000185364 0.000151443 9.21839e-05 4.6049e-05 3.94473e-05 3.09787e-05 8.91084e-06 8.13387e-06 5.09055e-06 1.54492e-06 1.7838e-06 1.93204e-07
threshold=7.3105976581573495 2.5000000000000004 89228.000000000015 239580.00000000003 341395.00000000006 1.5000000000000002 275.50000000000006 513054.00000000006 77060.500000000015 1.4333977699279787 0.33203125000000006 6.5557200908660898 6.5393822193145761 553848.00000000012 2.6069017648696904 0.46093750000000006 7.7113487720489511 24288.000000000004 4.5000000000000009 113.50000000000001 156598.00000000003 1.5000000000000002 6.0228445529937753 2.7689521312713627 5.9638442993164071 0.95880532264709484 2.24290943145752 6.5211443901062021 7.9718329906463632 5.5418665409088144
decision_type=2 2 2 2 2 2 2 2 2 2 2 2 2 2 2 2 2 2 2 2 2 2 2 2 2 2 2 2 2 2
left_child=1 2 5 8 -5 -1 13 -6 -4 -7 -10 17 15 16 -12 19 -2 18 -3 -11 -18 -20 -23 -22 -21 27 -24 28 29 -25
right_child=6 11 3 4 7 9 -8 -9 10 12 14 -13 -14 -15 -16 -17 20 -19 21 24 23 22 26 25 -26 -27 -28 -29 -30 -31
leaf_value=0.010992608648391897 0.055092301270002801 -0.053824574941789528 0.021752758607852776 -0.060569287360823343 0.043561008084289962 -0.027410142099628866 0.0011615145527269037 -0.0070132879856865064 0.078383930950414349 -0.05367989765650738 0.053704759036013065 -0.071294191535556883 -0.067566659135826199 0.064866375330047701 0.057322987016370966 -0.055844215084451192 0.053427392668567143 -0.054803459232240628 -0.053404420271565715 -0.052911097876874459 0.053135365620838919 -0.053268012821822842 -0.053015842278248286 0.052874450018498581 -0.053098088218330286 0.05303729731521472 -0.05286849807553741 0.05293870868941121 0.052930589919754634 0.052848076745722318
leaf_weight=3.4663802683353442 1.3519298098981369 1.307449534535406 3.1585043705999869 3.5638308078050596 2.9594250097870827 1.4079272039234636 1.9075925424695004 4.4906993135809898 1.5352401360869405 1.2418647147715094 2.2119831442832951 1.2793469168245781 1.4063668735325334 1.3735135346651066 1.2995821610093115 1.2390676401555536 1.2466520331799973 2.7324663512408733 1.4093780033290384 1.2477963715791704 2.0978356860578042 1.5318912118673327 1.1660442948341372 1.0277820490300658 1.3018225617706773 1.1290291920304296 1.1787864714860914 1.2580718286335466 1.0976844727993009 2.1410311907529831
leaf_count=26 20 20 34 23 17 12 13 26 16 20 35 10 10 10 15 16 21 38 24 24 38 27 22 20 24 21 23 24 21 42
internal_value=1.76473e-05 -0.0168942 -0.00336118 0.0137308 -0.0107534 -0.0324028 0.0475658 0.0130764 0.046596 -0.0515778 0.0621439 -0.0558528 -0.0568639 0.054523 0.0550438 -0.0538717 0.0532714 -0.0537345 -0.0532915 -0.0532271 0.0530251 -0.0531597 -0.0530707 0.0529678 -0.0530066 0.052915 -0.0529418 0.05289 0.0528757 0.0528566
internal_weight=55.767 41.1359 30.5305 19.2193 11.014 11.3112 14.6311 7.45012 8.20531 7.84485 5.04681 10.6054 6.43692 12.7235 3.51157 5.03055 11.35 9.32602 6.59355 3.79148 9.99809 5.2861 3.87672 8.75143 2.54962 6.6536 2.34483 5.52457 4.2665 3.16881
internal_count=692 462 298 166 66 132 230 43 100 106 66 164 94 217 50 84 207 154 116 68 187 96 72 166 48 128 45 107 83 62
is_linear=0
shrinkage=0.05


Tree=45
num_leaves=31
num_cat=0
split_feature=18 7 27 28 23 20 8 8 12 9 0 4 25 18 29 27 28 18 9 24 8 18 27 4 25 12 24 5 28 12
split_gain=16.0153 10.3021 7.55739 3.83155 2.28533 3.31916 2.26691 3.57445 0.579266 0.438382 0.305159 0.238537 0.728305 0.0685342 0.0318792 0.0168951 0.0158526 0.00464699 0.00186711 0.000494859 0.000446217 0.000338178 0.000108799 0.00016376 2.38429e-05 1.32762e-05 4.20099e-06 1.21856e-06 2.38494e-07 1.16678e-07
threshold=85248.000000000015 2.5000000000000004 11.500000000000002 2.0000000000000004 0.9163326919078828 13372.000000000002 4.5000000000000009 3.5000000000000004 1.3779053092002871 3.1739019155502324 2174036.0000000005 258.50000000000006 0.93234333395957958 75520.000000000015 1.0000000180025095e-35 4.5000000000000009 169.00000000000003 58112.000000000007 0.061893649399280555 4.2312884330749521 4.5000000000000009 145152.00000000003 7.5000000000000009 280.50000000000006 1.3660135269165041 2.3223783969879155 1.8596191406250002 6280.0000000000009 121.50000000000001 1.7660902738571169
decision_type=2 2 2 2 2 2 2 2 2 2 2 2 2 2 2 2 2 2 2 2 2 2 2 2 2 2 2 2 2 2
left_child=6 2 3 -2 8 -6 7 -1 -5 13 11 12 -10 17 -13 -3 18 19 21 22 24 -16 23 -8 -20 -25 28 -26 -24 -29
right_child=1 15 -4 4 5 -7 9 -9 10 -11 -12 14 -14 -15 16 -17 -18 -19 20 -21 -22 -23 26 25 27 -27 -28 29 -30 -31
leaf_value=-0.055233993075082866 -0.015286742209345556 -0.055388893875654904 -0.05211575866210514 0.025252505922573984 -0.014528677958647492 0.062938263889784338 -0.053629798501913684 0.026396944269097625 0.058236763299701934 -0.02386641475280564 0.07370504343506161 0.061652400698055568 0.019364494302233332 -0.066180821438590054 0.053933332744393297 -0.062127281984090899 0.047351191745506942 -0.05653728858810976 0.052996669354486298 -0.05410232879898335 0.053873167517963554 0.054844204972890755 -0.052741348032437664 -0.052803911270645647 0.05269337149325766 -0.053047897890007203 -0.052878584216582508 0.052740044274684532 -0.052771763324252929 0.05276375068700126
leaf_weight=2.5673824734985855 3.3781408518552807 1.6266278848052018 2.7200549803674212 2.2854975610971513 3.7694199904799452 2.1837980709969997 1.2877143770456299 2.807479701936245 2.6673505157232347 1.2668287120759476 1.4804232046008099 1.1592543460428704 2.1978125274181366 1.2093721479177464 1.9899755381047706 2.1727817356586456 1.1391872838139523 1.1403806619346131 1.0577919371426103 1.1411067619919775 1.1867912895977495 2.088368397206068 1.0830337218940265 1.1541158445179465 1.5517543964087965 1.078631669282913 1.0229391232132909 1.0341698303818705 1.5917952843010423 1.0419948101043699
leaf_count=33 17 22 21 24 31 35 21 20 34 10 10 12 19 11 30 29 20 15 20 18 18 31 22 23 32 20 20 21 32 21
internal_value=1.59866e-05 0.0187165 0.0277108 0.0348978 0.0412157 0.0138882 -0.0395726 -0.0125953 0.049007 -0.0516802 0.0519267 0.0500428 0.0406764 -0.0549704 0.053763 -0.0592424 0.0529383 -0.0535432 0.0535779 -0.0531348 0.0530071 0.0543998 -0.0529818 -0.0531808 0.0527878 -0.0529218 -0.0527924 0.0527269 -0.0527594 0.0527519
internal_weight=54.082 36.7312 32.9318 30.2117 26.8336 5.95322 17.3508 5.37486 20.8804 11.9759 18.5949 17.1145 4.86516 10.7091 12.2493 3.79941 11.09 9.49972 9.95085 8.35934 5.8725 4.07834 7.21823 3.52046 4.68571 2.23275 3.69777 3.62792 2.67483 2.07616
internal_count=692 447 396 375 358 66 245 53 292 192 268 258 53 182 205 51 193 171 173 156 112 61 138 64 94 43 74 74 54 42
is_linear=0
shrinkage=0.05


Tree=46
num_leaves=31
num_cat=0
split_feature=10 5 27 33 32 3 28 0 28 0 9 21 10 0 0 28 10 20 11 10 27 27 21 24 24 11 5 9 12 0
split_gain=15.968 6.28672 5.21524 4.01463 3.83785 3.87378 1.8376 1.74217 1.73228 1.67298 0.445601 0.421752 0.816197 0.140424 0.0577164 0.0484624 0.0150892 0.00171886 0.00168109 0.00154727 0.000223931 0.000257625 7.1451e-05 2.82236e-05 2.22072e-05 1.23014e-05 2.16407e-06 1.91878e-06 7.05648e-07 3.73379e-07
threshold=7.3105976581573495 77060.500000000015 7.5000000000000009 1.0000000180025095e-35 1.5000000000000002 3.5000000000000004 275.50000000000006 444160.00000000006 45.500000000000007 464896.00000000006 3.4144024848937993 341395.00000000006 6.6437258720397958 144088.00000000003 553848.00000000012 169.00000000000003 6.6374311447143564 1818.0000000000002 4.6336965560913095 7.7113487720489511 7.5000000000000009 4.5000000000000009 156598.00000000003 2.1761068105697636 2.7689521312713627 6.7238924503326425 5632.0000000000009 2.0310854911804204 2.2785618305206303 433920.00000000006
decision_type=2 2 2 2 2 2 2 2 2 2 2 2 2 2 2 2 2 2 2 2 2 2 2 2 2 2 2 2 2 2
left_child=1 4 3 7 5 -1 14 -3 -7 10 13 12 -5 15 19 16 17 20 -14 -2 21 -6 -21 28 -24 26 -26 -28 -22 -29
right_child=6 2 -4 11 9 8 -8 -9 -10 -11 -12 -13 18 -15 -16 -17 -18 -19 -20 22 23 -23 24 -25 25 -27 27 29 -30 -31
leaf_value=-0.055750521317959101 0.054610488365486792 0.013894938538448021 -0.058136161562721181 0.007457098634898263 -0.052891978926240139 0.049224538591645307 0.0008975713444385648 -0.040064100093245313 -0.0061241988460950959 0.0070175218367370222 -0.024477115220962072 0.065885461213016736 0.053116670249644705 -0.065940378947430198 0.064182092473303087 -0.043592207387054993 -0.059191096083210326 -0.055213075524130864 0.055527155344093117 0.05309971324348256 -0.052636017226885705 -0.053813430495067149 0.052825456427483403 -0.052922960696179779 0.052556209663492587 0.052790414515555099 0.05267860564330426 0.052614841289489012 -0.052579679727203135 0.052572484399172108
leaf_weight=2.6308036334812659 1.2427289523184288 3.8084524869918805 2.456580512225627 1.3702629692852495 1.7075444646179661 2.4612159393727779 1.8778768591582764 2.463529147207737 3.3213377185165882 1.2835022434592236 1.2734843492507923 2.2906035929918289 1.6831490658223631 2.5699901655316344 1.2869534790515889 1.2419877126812924 1.2678211852908132 1.0069405622780321 1.2683600820600984 1.1424059197306613 1.3788652196526534 1.3648704774677751 1.9132388606667516 1.0798672102391718 1.8960629962384699 0.99931013211607922 1.0604106336832049 1.1799803189933302 0.93117393180727948 0.93062066659331311
leaf_count=33 20 30 24 18 34 28 13 13 36 8 9 13 31 29 10 23 10 15 16 21 29 22 38 21 41 20 22 25 20 20
internal_value=1.53482e-05 -0.0162724 0.00862857 0.0213582 -0.0325145 -0.0054505 0.0467978 -0.00729927 0.0174338 -0.0475878 -0.0526582 0.0485404 0.0393473 -0.0555181 0.0541954 -0.0528339 -0.0541476 -0.0532916 0.0541525 0.0529554 -0.0529922 -0.0533013 0.0527299 -0.0527119 0.0526769 0.0526301 0.0525985 0.0526237 -0.0526133 0.0525962
internal_weight=52.3899 38.8603 15.3409 12.8844 23.5194 8.41336 13.5296 6.27198 5.78255 15.106 13.8225 6.61238 4.32177 12.5491 11.6517 9.97907 8.73708 7.46926 2.95151 10.3648 6.46232 3.07241 9.12203 3.38991 7.97962 6.06638 5.06707 3.17101 2.31004 2.1106
internal_count=692 462 145 121 317 97 230 43 64 220 212 78 65 203 217 174 151 141 47 207 126 56 187 70 166 128 108 67 49 45
is_linear=0
shrinkage=0.05


Tree=47
num_leaves=31
num_cat=0
split_feature=10 7 27 3 25 24 5 18 5 24 10 27 5 10 18 10 18 5 3 3 0 22 22 12 10 12 21 12 10 0
split_gain=14.9945 7.91817 9.34669 3.25427 3.4403 5.50781 1.87627 1.34883 0.979151 0.389468 0.096537 0.0855582 0.0777299 0.0421035 0.00522287 0.00183191 0.0011146 0.000954562 0.000363682 0.000294201 0.000233256 0.000157922 7.52804e-05 3.06915e-05 2.64351e-05 5.831e-06 2.82826e-06 1.1295e-06 3.98834e-07 3.74176e-07
threshold=7.5057497024536142 2.5000000000000004 7.5000000000000009 3.5000000000000004 1.0183655619621279 2.6682128906250004 77060.500000000015 100096.00000000001 284841.50000000006 4.0526170730590829 6.5557200908660898 8.5000000000000018 123666.50000000001 6.7673652172088632 115456.00000000001 7.0505237579345712 214272.00000000003 4976.0000000000009 5.5000000000000009 4.5000000000000009 102248.00000000001 7800.6667480468759 11487.418457031252 1.3779053092002871 6.0228445529937753 2.3022958040237431 402349.00000000006 1.9918320775032046 7.9061548709869394 425472.00000000006
decision_type=2 2 2 2 2 2 2 2 2 2 2 2 2 2 2 2 2 2 2 2 2 2 2 2 2 2 2 2 2 2
left_child=1 2 3 -1 7 -6 -7 -5 11 13 16 17 15 14 21 -9 18 -2 20 23 22 -4 -3 -19 -20 -26 -25 29 -29 -28
right_child=8 10 9 4 5 6 -8 12 -10 -11 -12 -13 -14 -15 -16 -17 -18 19 24 -21 -22 -23 -24 26 25 -27 27 28 -30 -31
leaf_value=-0.024153914552361877 0.05412914716379285 -0.052889341826482618 -0.052493584509387431 0.019995986383835054 -0.056686979109011895 -0.0070314830253099389 0.055558201265590371 0.055523314717312026 0.015385664935693492 -0.026516188608526899 -0.068568532723034134 0.067701076072153185 0.06643566808349792 -0.063891738979764176 -0.056319530245179432 0.053296938267629136 -0.054850717601920909 0.052769269949650643 -0.052808354719700613 0.053301782627871067 -0.053969600778697981 -0.053246177310828063 -0.053385504591427872 0.052537361998271172 -0.05259847478262783 -0.052420945755026885 0.05249791013516393 0.05240172849114122 0.052445878680929717 0.052454610771492251
leaf_weight=4.4040154442191186 1.3004305697977523 1.6345594674348816 2.397755209356546 3.5776602402329463 2.8042359352111808 1.9795574210584161 3.0303412340581417 2.0792603194713597 1.9012840576469887 1.3768732286989687 1.176025379449128 1.0879347771406163 2.1658863127231598 1.3109916970133779 1.4271533861756323 1.6628593169152734 0.96358196437358845 1.0399309881031511 1.2374207414686682 1.4839154481887815 1.1012075990438459 0.98273947089910496 1.4362231791019437 1.2819278687238691 0.9261236824095247 0.92401818186044693 1.1324278041720393 0.91813434287905726 1.1550357230007646 0.89192446693778027
leaf_count=28 23 32 53 27 20 18 39 25 24 13 10 6 12 9 15 30 14 21 25 27 17 18 25 28 20 21 25 21 26 20
internal_value=1.50502e-05 -0.0152539 -0.00240535 0.014219 0.0239876 -0.000578769 0.0308272 0.044225 0.0483512 -0.0505424 -0.0551692 0.0544412 0.0588972 -0.055949 -0.0537832 0.054534 -0.0532529 0.0528738 -0.0530408 0.0526673 -0.0533453 -0.0527124 -0.0531214 0.0525206 -0.0526295 -0.0525098 0.0524725 0.0524523 0.0524263 0.0524788
internal_weight=50.7914 38.5985 29.1993 21.7038 17.2998 7.81413 5.0099 9.48567 12.1929 7.49551 9.39916 10.2917 5.90801 6.11864 4.80765 3.74212 8.22313 9.20373 7.25955 7.9033 4.17199 3.38049 3.07078 6.41938 3.08756 1.85014 5.37945 4.09752 2.07317 2.02435
internal_count=692 471 307 199 171 77 57 94 221 108 164 197 67 95 86 55 154 191 140 168 74 71 57 141 66 41 120 92 47 45
is_linear=0
shrinkage=0.05


Tree=48
num_leaves=31
num_cat=0
split_feature=10 7 27 4 20 5 19 29 33 18 18 10 27 10 21 19 19 24 24 32 5 19 10 19 10 28 12 9 5 33
split_gain=14.1184 7.33828 7.93714 5.16801 4.74374 3.44772 1.92429 1.03387 0.894016 0.76474 0.394414 0.0914298 0.0498289 0.0162888 0.00262427 0.00176582 0.00109247 0.000348855 0.000132024 0.00010466 5.32474e-05 3.02164e-05 2.94271e-05 1.46318e-05 1.03434e-05 8.10363e-06 9.41789e-06 6.95577e-06 1.32633e-06 1.00064e-06
threshold=7.3105976581573495 2.5000000000000004 7.5000000000000009 258.50000000000006 4006.0000000000005 40976.000000000007 127466.66796875001 1.0000000180025095e-35 1.0000000180025095e-35 101120.00000000001 558080.00000000012 6.6222393512725839 7.5000000000000009 6.6664593219757089 140300.00000000003 13781.333496093752 24288.000000000004 1.4560546875000002 2.7689521312713627 1.5000000000000002 7832.0000000000009 11315.200195312502 7.7366316318511972 11315.200195312502 6.0351512432098398 76.500000000000014 1.4196273088455202 2.0310854911804204 5632.0000000000009 2.5000000000000004
decision_type=2 2 2 2 2 2 2 2 2 2 2 2 2 2 2 2 2 2 2 2 2 2 2 2 2 2 2 2 2 2
left_child=1 2 3 5 8 -1 12 -7 -5 -10 13 16 18 15 17 20 19 -11 22 23 -4 24 -2 -3 -21 26 -20 -24 -28 -30
right_child=6 11 10 4 -6 7 -8 -9 9 14 -12 -13 -14 -15 -16 -17 -18 -19 25 21 -22 -23 27 -25 -26 -27 28 -29 29 -31
leaf_value=-0.053466219790652136 0.052990507668341395 -0.052847546929519817 -0.052371485757187343 0.083011934033575097 -0.03687154165346259 -0.011920432077875862 -0.0027181839832980583 0.026501803668214599 0.014366879587758015 0.053986985203129383 -0.023727690193844235 -0.068705076801013773 0.063071241135992051 -0.059512954759792083 0.056127434043538753 -0.054697222220896694 -0.053986994115580972 0.053012642810862168 0.052509360048127854 -0.052533380803545165 -0.052824130348144344 -0.052722930095340403 0.052746256453130663 -0.053112292447025512 -0.05231721331598297 0.052524825744429293 0.052299533219202915 0.052568546122437582 0.052328848181206949 0.052393074320259463
leaf_weight=3.4003514014184528 1.0891650840640053 1.0663050077855571 2.1609086543321605 1.9532977491617183 1.7595143169164646 3.3960026428103447 1.7531934529542912 3.6140806376934052 1.5957149863243101 1.8151969946920872 1.2618148773908613 1.0610039681196211 1.2700332850217808 1.3090662658214567 1.2737793177366254 1.3115668594837187 2.3215186595916748 1.8600485064089298 0.90822090581059445 1.0408060438930995 0.92905164137482632 1.2864761836826799 1.3696146644651892 1.0221905149519441 1.1816413216292856 0.90963496640324581 1.8065033331513403 0.92083679139614094 1.4445598833262923 1.0452727079391477
leaf_count=36 21 21 50 12 12 19 12 22 10 29 10 8 8 10 16 18 38 35 20 23 19 27 28 19 28 20 43 20 34 24
internal_value=1.56207e-05 -0.0156536 -0.00289592 0.0126663 0.0378544 -0.0121519 0.045858 0.00788833 0.0533264 0.0444666 -0.0490264 -0.0549218 0.05377 -0.0546164 0.0541717 -0.0531601 -0.0530751 0.0534939 0.0525258 -0.0526969 -0.0525076 -0.0525301 0.0527766 -0.0529771 -0.0524184 0.0523871 0.0523631 0.0526748 0.0523321 0.0523558
internal_weight=49.1374 36.6203 27.6404 20.668 10.2576 10.4104 12.517 7.01008 8.49804 6.54474 6.97241 8.97994 10.7638 5.71059 4.94902 4.40153 7.91894 3.67525 9.49381 5.59742 3.08996 3.50892 3.37962 2.0885 2.22245 6.11419 5.20456 2.29045 4.29634 2.48983
internal_count=692 462 298 191 114 77 230 41 102 90 107 164 218 97 80 87 156 64 210 118 69 78 69 40 51 141 121 48 101 58
is_linear=0
shrinkage=0.05


Tree=49
num_leaves=31
num_cat=0
split_feature=10 7 27 4 20 0 10 5 32 0 18 24 29 10 27 10 30 18 27 18 32 3 9 5 12 9 21 21 12 25
split_gain=13.2632 7.18644 8.25751 4.85802 3.8954 2.99763 2.21938 1.00602 0.80008 0.610624 0.472827 0.436646 0.259217 0.0790135 0.0664521 0.0343448 0.0193042 0.00403964 0.000879733 0.000831813 0.000334101 0.000300838 0.000112503 0.00011176 3.86063e-05 1.7032e-05 1.30524e-05 2.64539e-06 1.22372e-06 5.65884e-07
threshold=7.5057497024536142 2.5000000000000004 7.5000000000000009 258.50000000000006 4006.0000000000005 678668.00000000012 6.5818047523498544 284841.50000000006 1.5000000000000002 208640.00000000003 94976.000000000015 4.4993300437927255 1.0000000180025095e-35 6.6222393512725839 8.5000000000000018 6.7673652172088632 1.0000000180025095e-35 115456.00000000001 6.5000000000000009 214272.00000000003 1.5000000000000002 4.5000000000000009 0.099957302212715163 14608.000000000002 2.0387133359909062 5.408424139022828 50076.000000000007 402349.00000000006 1.9918320775032046 0.57984551787376415
decision_type=2 2 2 2 2 2 2 2 2 2 2 2 2 2 2 2 2 2 2 2 2 2 2 2 2 2 2 2 2 2
left_child=1 2 3 5 8 6 10 14 12 -10 -1 15 -5 19 18 17 -14 23 21 20 22 25 -3 29 -22 27 -26 -2 -29 -4
right_child=7 13 11 4 -6 -7 -8 -9 9 -11 -12 -13 16 -15 -16 -17 -18 -19 -20 -21 24 -23 -24 -25 26 -27 -28 28 -30 -31
leaf_value=-0.032219604858330801 0.052284085952580522 -0.052896017771946524 -0.052238605734552773 0.080693264913763302 -0.026169064565320907 0.030894266465152725 0.0071176838615360826 0.013628080701387402 0.010313249157500077 0.053343855090217197 -0.064478009311510848 -0.02293036890349312 0.060919235102858293 -0.067720557491796396 0.066106521124743384 -0.062878417884734736 0.053276820285816741 -0.055745133458853957 0.054104067470616427 -0.054362279821902185 -0.052665392116522249 0.053029068388185309 -0.05354489671531263 -0.05291995967833503 -0.052220518355645722 0.052455178812496707 -0.052444072020702184 0.052230331929949504 0.052172598498749639 -0.052290623281298659
leaf_weight=2.1345082223415428 1.2901561595499496 1.8348170593380912 1.3945765569806097 1.7445401251316051 1.9325925894081581 3.0766096413135529 2.8069148622453213 1.8386612609028805 1.5301371663808825 1.7876023687422273 2.4281639084219933 1.2598703429102895 1.5645950436592102 1.0235577821731565 1.0215027034282673 1.2265128120779989 1.7510284520685673 1.3213571049273012 0.87051536515355099 0.88001374527811993 1.114665109664202 1.6176908351480959 1.0504273809492586 0.89318646863102902 1.5425211638212206 0.93453063815832127 1.1321666501462457 1.7979391962289812 1.8750386163592336 0.83641910925507534
leaf_count=27 31 36 34 8 16 17 19 24 13 32 17 12 18 8 6 9 32 15 16 14 24 32 18 18 38 21 26 44 47 20
internal_value=1.4693e-05 -0.0146961 -0.00230754 0.0134719 0.0378197 -0.0105596 -0.0278655 0.0474547 0.0525805 0.0334982 -0.0493869 -0.0495569 0.0650919 -0.0546837 0.054066 -0.0554712 0.0568832 -0.0534275 0.0525993 -0.0529174 -0.0527269 0.052425 -0.0531323 -0.0524473 -0.0524182 0.0522594 -0.0523151 0.0522225 0.0522009 -0.0522581
internal_weight=47.5128 36.2668 27.6886 20.7567 10.3105 10.4462 7.36959 11.246 8.3779 3.31774 4.56267 6.93192 5.06016 8.57817 9.40737 5.67205 3.31562 4.44554 8.38587 7.55461 6.6746 7.51536 2.88524 3.12418 3.78935 5.89766 2.67469 4.96313 3.67298 2.231
internal_count=692 471 307 199 119 80 63 221 103 45 44 108 58 164 197 96 50 87 191 156 142 175 54 72 88 143 64 122 91 54
is_linear=0
shrinkage=0.05


Tree=50
num_leaves=31
num_cat=0
split_feature=10 7 27 4 20 18 32 32 18 17 11 14 12 10 10 27 18 18 18 32 22 22 25 27 22 14 9 5 9 33
split_gain=12.4931 7.0848 8.01336 5.07766 4.02736 3.04858 2.18766 0.742465 0.722965 0.540663 0.165647 0.130616 0.103716 0.0929157 0.0682755 0.062428 0.00197553 0.00164285 0.000713002 0.000285538 0.000144245 6.98766e-05 3.3095e-05 1.02494e-05 1.70753e-05 4.99431e-06 2.99238e-06 1.63336e-06 6.8411e-07 2.61723e-07
threshold=7.6910860538482675 2.5000000000000004 8.5000000000000018 258.50000000000006 4006.0000000000005 365056.00000000006 2.5000000000000004 1.5000000000000002 121088.00000000001 17920.000000000004 2.6771810054779057 1.5000000000000002 2.2670115232467656 6.6711206436157235 6.6222393512725839 8.5000000000000018 380416.00000000006 115456.00000000001 214272.00000000003 1.5000000000000002 20854.077148437504 149206.12500000003 1.3943323493003847 4.5000000000000009 6952.5998535156259 1.5000000000000002 4.5908083915710458 5632.0000000000009 2.0310854911804204 3.5000000000000004
decision_type=2 2 2 2 2 2 2 2 2 2 2 2 2 2 2 2 2 2 2 2 2 2 2 2 2 2 2 2 2 2
left_child=1 2 3 5 7 6 -1 11 -9 15 12 -5 -4 17 18 16 21 -12 19 20 -3 25 23 24 -21 -2 27 -23 -29 -30
right_child=9 14 10 4 -6 -7 -8 8 -10 -11 13 -13 -14 -15 -16 -17 -18 -19 -20 22 -22 26 -24 -25 -26 -27 -28 28 29 -31
leaf_value=-0.0044949079100590674 0.052376752578618263 -0.052689018304600758 -0.052157053154491741 0.070217958789252216 -0.025720151268212615 0.023503614610508108 -0.059191921559961405 0.0065188745965882311 0.053310666298570536 0.015322256208874381 -0.052614258002221581 0.054228836582013232 -0.027701445570770356 -0.069379505058563481 -0.066791208746158071 0.065736300309787665 0.054830663040154687 -0.05517841965775705 -0.054136679771712305 -0.052120293927894447 -0.053435665382534296 0.052061710471930672 -0.052566690645167273 -0.052093368369973261 -0.05244281114193429 0.052524935120239619 0.052209492661380009 0.052165516708409278 0.052088664230285735 0.052129235252383971
leaf_weight=3.8655740879476124 1.028997261077164 1.7135591842234119 0.94871600717306026 3.0823776237666589 2.0751060284674159 4.0925893858075142 3.4682439416646957 1.4276327081024649 1.9572368338704107 1.0058166310191143 1.5221969075500967 2.1810824424028397 0.79838378727436066 1.480305068194866 0.98684145882725705 1.0065945684909818 0.8176005147397517 1.0594143979251383 0.84049514308571804 0.78051353991031713 1.0391202755272386 1.4449554681777956 0.85507335141301144 1.1117825657129285 0.8654555007815361 1.2709255479276178 0.80968370288610447 0.83480900898575816 0.76915524154901482 0.82269474864006042
leaf_count=31 24 36 24 29 18 23 37 12 36 19 34 35 17 10 8 6 12 13 14 20 18 38 19 29 20 28 20 21 20 21
internal_value=1.24021e-05 -0.0135676 -0.00158563 0.0121227 0.0368345 -0.0110688 -0.0303617 0.051844 0.0335753 0.0500509 -0.0538555 0.0635924 -0.0409814 -0.0593929 -0.0544571 0.0540178 0.0525053 -0.0536665 -0.052768 -0.0525872 -0.0529709 0.052233 -0.0522949 -0.0522107 -0.0522899 0.0524586 0.0521221 0.0521038 0.0521289 0.0521096
internal_weight=45.9629 36.1517 27.9589 22.1498 10.7234 11.4264 7.33382 8.64833 3.38487 9.81123 5.80902 5.26346 1.7471 4.06192 8.19284 8.80542 7.79882 2.58161 7.206 6.3655 2.75268 6.98122 3.61282 2.75775 1.64597 2.29992 4.6813 3.87161 2.42666 1.59185
internal_count=692 483 319 221 130 91 68 112 48 209 98 64 41 57 164 190 184 47 156 142 54 172 88 69 40 52 120 100 62 41
is_linear=0
shrinkage=0.05


Tree=51
num_leaves=31
num_cat=0
split_feature=10 7 4 0 20 28 10 25 32 11 10 29 32 10 0 11 29 10 19 28 25 32 22 19 11 19 10 19 12 5
split_gain=11.7919 6.33704 5.93777 5.90184 4.80808 1.96671 1.79487 2.0317 1.60986 1.37026 0.41042 0.195424 0.0839289 0.0589882 0.0343871 0.0138563 0.00855221 0.00089905 0.000687791 0.000339075 7.61283e-05 6.49495e-05 4.97111e-05 1.90156e-05 1.07221e-05 9.23196e-06 6.55837e-06 3.20116e-06 2.85638e-06 1.65954e-06
threshold=7.3105976581573495 2.5000000000000004 258.50000000000006 2174036.0000000005 4006.0000000000005 275.50000000000006 6.4663562774658212 1.0074170231819155 1.5000000000000002 4.6336965560913095 5.8343298435211191 1.0000000180025095e-35 1.5000000000000002 6.6222393512725839 553848.00000000012 3.3246505260467534 2.5000000000000004 7.7113487720489511 24288.000000000004 111.50000000000001 0.62453612685203563 1.5000000000000002 149206.12500000003 11315.200195312502 6.7238924503326425 11315.200195312502 6.0351512432098398 52245.333984375007 2.2819143533706669 5632.0000000000009
decision_type=2 2 2 2 2 2 2 2 2 2 2 2 2 2 2 2 2 2 2 2 2 2 2 2 2 2 2 2 2 2
left_child=1 2 3 6 8 14 10 -8 11 -10 -1 -4 -12 18 17 -13 19 -2 21 -14 28 25 27 26 29 -3 -23 -19 -21 -24
right_child=5 13 4 -5 -6 -7 7 -9 9 -11 12 15 16 -15 -16 -17 -18 22 -20 20 -22 23 24 -25 -26 -27 -28 -29 -30 -31
leaf_value=-0.029200008682867751 0.053690532207006293 -0.052430212791662045 0.078189612290376409 0.05949358481753915 -0.039676145389182113 -0.0049916390364749931 0.018208603383009569 -0.041922617514088628 -0.0084781981259879347 0.052781540933214771 -0.068194195377060451 0.053133269451638133 -0.05333546066411729 -0.06591349169507589 0.061587394747861325 0.059926589714762869 -0.057914395746089378 0.05225769933208968 -0.053401745369879697 -0.052022354268738628 -0.052682041491582544 -0.052165683956345257 0.051960021485899836 -0.052326842731109692 0.052198868329339537 -0.052656007811132222 -0.051980754541454358 0.052375482085944614 -0.052157414371231441 0.052026508536929618
leaf_weight=1.7219915688037888 1.0507934726774673 0.92451095208525547 1.5272269546985606 1.9018149077892292 2.1874837055802336 1.6990356370806683 2.6756723299622536 2.9574222974479198 2.0234791897237305 1.6630957201123235 1.297391429543495 1.6377779692411425 1.1630017682909968 0.95089521259069432 1.1391078010201443 1.3857391737401483 0.97784498333930958 1.1394104138016703 2.0200885720551014 0.78459263220429443 0.83009087294340123 0.90216192230582271 1.4516667090356348 1.1155553013086317 0.84201117232441891 0.88704188913106918 1.0231565572321413 1.1684691272675989 0.78130778297781944 2.6552217826247215
leaf_count=19 20 21 7 11 17 13 16 27 27 24 8 31 22 8 10 19 11 28 38 21 18 23 40 27 21 19 28 27 20 71
internal_value=1.08169e-05 -0.0148736 -0.00280302 -0.02285 0.0262174 0.0445333 -0.0347234 -0.0133608 0.0437159 0.0191574 -0.0506491 0.0636108 -0.0569798 -0.0542415 0.0534407 0.0562468 -0.0537729 0.0523236 -0.0526265 -0.052635 -0.0522949 -0.0523038 0.0521257 -0.0521626 0.0520363 -0.0525408 -0.0520674 0.0523173 -0.0520897 0.052003
internal_weight=44.4851 33.3393 25.5159 15.0911 10.4248 11.1457 13.1893 5.63309 8.23732 3.68657 7.55622 4.55074 5.83423 7.82341 9.44668 3.02352 4.53684 8.30757 6.87252 3.55899 2.39599 4.85243 7.25678 3.04087 4.9489 1.81155 1.92532 2.30788 1.5659 4.10689
internal_count=692 462 298 173 125 230 162 43 108 51 119 57 100 164 217 50 92 207 156 81 59 118 187 78 132 40 51 55 41 111
is_linear=0
shrinkage=0.05


Tree=52
num_leaves=31
num_cat=0
split_feature=10 7 4 0 20 32 10 25 17 17 24 0 29 25 28 10 0 25 28 22 28 18 32 22 22 12 10 16 12 9
split_gain=11.1202 6.42352 6.98778 5.58956 4.01973 1.56033 1.49 2.77153 1.42952 0.559219 0.40252 0.892758 0.127027 0.060263 0.0512375 0.0509546 0.0244176 0.0199113 0.00992202 0.00556009 0.000639251 0.000526045 0.00020884 0.000105247 4.7323e-05 2.43045e-05 7.91808e-06 3.65074e-06 2.58381e-06 2.24204e-06
threshold=7.6910860538482675 2.5000000000000004 258.50000000000006 2174036.0000000005 4006.0000000000005 1.5000000000000002 6.4663562774658212 1.0074170231819155 2816.0000000000005 17920.000000000004 0.99714457988739025 58492.000000000007 1.0000000180025095e-35 1.1405360698699953 55.000000000000007 6.6222393512725839 553848.00000000012 0.9534277915954591 260.00000000000006 30578.777343750004 114.50000000000001 214272.00000000003 1.5000000000000002 20854.077148437504 149206.12500000003 2.0387133359909062 5.9638442993164071 1.0000000180025095e-35 2.3592357635498051 4.5908083915710458
decision_type=2 2 2 2 2 2 2 2 2 2 2 2 2 2 2 2 2 2 2 2 2 2 2 2 2 2 2 2 2 2
left_child=1 2 3 6 5 12 10 -8 -7 16 11 20 -4 -10 -12 21 18 -14 24 -16 -1 22 23 -3 27 -24 -27 -2 -28 -26
right_child=9 15 4 -5 -6 8 7 -9 13 -11 14 -13 17 -15 19 -17 -18 -19 -20 -21 -22 -23 25 -25 29 26 28 -29 -30 -31
leaf_value=-0.053878650767089004 0.052146036605001181 -0.052421017503374627 0.072712981483822076 0.057636466863077135 -0.029194094185209764 -0.017412554932452497 0.019617843392186942 -0.047442390747191032 0.036681687072281498 0.013322863791658294 -0.066108610353644612 0.010856657045845444 0.053227189704395265 0.053067736930501576 -0.053200573941980828 -0.065084168159107517 0.061175290256518126 0.061413956975297383 0.05786401009615956 -0.057551579525868285 -0.052017207292396478 -0.053723565633008834 -0.052277987538360174 -0.053089548639057273 0.051894911250276156 -0.052110610738492713 -0.051983168854769835 0.052285532335118345 -0.051853678408727399 0.05199058128462733
leaf_weight=1.0737418532371541 1.018442537635561 1.5582530461251729 1.8398001044988612 1.8658638298511494 2.380104959011077 1.5362796485424044 2.8444707728922367 3.3615710362792015 1.0832183659076693 0.96042093262076456 1.6292753256857393 0.76908158510923375 2.0281716398894791 1.1641036234796045 1.6931325607001784 0.91575254872441281 0.95895738899707783 1.1718066707253454 0.81527072936296452 1.2964819148182867 0.80852385610342015 0.76658279821276654 0.96636979281902347 0.94620021805167187 3.6560163125395775 0.76895850524306331 0.72436140850186326 0.86943337321281422 0.82284802570939064 0.73561419919133175
leaf_count=18 26 36 10 11 22 14 19 29 17 19 12 17 38 23 36 8 9 17 10 14 22 14 24 18 104 20 20 21 24 20
internal_value=1.01115e-05 -0.0130748 -0.00154917 -0.023471 0.0284707 0.0440258 -0.0347008 -0.0167061 0.019759 0.0493862 -0.0500614 -0.0345331 0.0622441 0.0451696 -0.0589751 -0.0540365 0.0536868 0.0562251 0.0526747 -0.0550874 -0.0530791 -0.0524928 -0.0523297 -0.0526736 0.0520009 -0.0520674 -0.0519795 0.0522103 -0.0519143 0.0519109
internal_weight=43.0291 34.015 26.5456 15.3421 11.2035 8.82338 13.4763 6.20604 3.7836 9.01416 7.27024 2.65135 5.03978 2.24732 4.61889 7.46933 8.05373 3.19998 7.09478 2.98961 1.88227 6.55357 5.78699 2.50445 6.27951 3.28254 2.31617 1.88788 1.54721 4.39163
internal_count=692 483 319 178 141 119 167 48 54 209 119 57 65 40 62 164 190 55 181 50 40 156 142 54 171 88 64 47 44 124
is_linear=0
shrinkage=0.05


Tree=53
num_leaves=31
num_cat=0
split_feature=10 21 27 17 25 8 8 10 23 17 27 11 10 5 10 27 23 0 11 22 22 8 10 21 22 10 11 5 23 10
split_gain=10.4735 4.79859 4.0985 2.76974 3.12924 1.85637 2.591 1.74067 2.45983 0.562082 0.442308 0.401445 0.132618 0.121472 0.0656589 0.0418148 0.00295963 0.00110021 0.00057345 4.68934e-05 3.09943e-05 2.77998e-05 1.14819e-05 4.43026e-06 2.66053e-06 3.39732e-06 1.98914e-06 9.24337e-07 2.92156e-07 1.17793e-08
threshold=7.6910860538482675 89228.000000000015 8.5000000000000018 5376.0000000000009 0.72882944345474254 4.5000000000000009 3.5000000000000004 6.6406595706939706 0.63830566406250011 17920.000000000004 6.5000000000000009 4.6926512718200692 6.9685943126678476 320275.50000000006 6.9049172401428232 8.5000000000000018 0.87917479872703563 468992.00000000006 4.1811749935150155 149206.12500000003 2596.202026367188 7.5000000000000009 6.2554597854614267 263960.00000000006 3428.727172851563 6.028372287750245 6.7107856273651132 5632.0000000000009 0.89404296875000011 7.9045174121856698
decision_type=2 2 2 2 2 2 2 2 2 2 2 2 2 2 2 2 2 2 2 2 2 2 2 2 2 2 2 2 2 2
left_child=1 5 3 4 13 6 -1 8 -6 15 12 14 -9 -3 16 17 20 19 -14 23 -7 22 -22 -2 -23 -26 27 29 -29 -21
right_child=9 2 -4 -5 7 11 -8 10 -10 -11 -12 -13 18 -15 -16 -17 -18 -19 -20 26 21 24 -24 -25 25 -27 -28 28 -30 -31
leaf_value=-0.053928356535813682 0.052045795227483344 -0.026572244539024972 -0.053710629741374728 -0.05369112242131785 0.038217146452028262 -0.05234195133915015 0.024182913357024535 0.0720174768321966 -0.030912904509433299 0.012773398250537193 0.032222204855844747 -0.024220356101644108 0.052367575815648951 -0.0099395494853881036 -0.067058034705120631 0.063443259339445071 -0.055394348441297259 0.053954558572940826 0.054025024623164303 0.051760786740528121 -0.052222099547541978 -0.05182642797066267 -0.052003796661232705 0.052195521826296935 -0.05201326383545013 -0.051865596472838872 0.051889290280162814 0.051804388928274839 0.051845241286830435 0.051770014824196721
leaf_weight=1.8704532124102105 1.1914161890745147 2.0751669295132222 2.7780187018215647 1.4768268130719651 3.3434262089431268 0.85233183950185587 2.4551750160753727 1.6068546101450922 2.091937655583024 0.95187141373753537 2.0376223362982273 1.3183472640812395 1.2752648144960406 2.3305242359638214 0.87121704965829838 0.93032008409500111 0.75367169268429268 0.74097992852330197 0.88334163278341282 0.68988651782274313 1.4753750264644625 0.88389878347516093 1.0178897697478531 0.84406230226159085 0.73449739068746545 0.82924238219857216 0.70086808502674092 1.2096421532332895 0.68574171513319004 0.69335869327187538
leaf_count=32 32 30 33 13 35 21 20 12 24 19 35 14 31 11 7 6 14 13 16 21 37 26 28 21 20 24 20 36 20 21
internal_value=9.19316e-06 -0.0128343 0.00262244 0.0117629 0.0179419 -0.0363812 -0.00959333 0.0319432 0.0116107 0.0490168 0.0509873 -0.0496446 0.0611417 -0.0177739 -0.0541629 0.0535051 -0.0524469 0.0521366 0.0530458 0.0519127 -0.0520635 -0.0520155 -0.052133 0.0521079 -0.0518958 -0.051935 0.0518128 0.0517965 0.0518192 0.0517654
internal_weight=41.5992 32.9611 19.899 17.121 15.6441 13.0621 4.32563 11.2384 5.43536 8.63815 5.80308 8.73647 3.76546 4.40569 7.41812 7.68628 6.54691 6.75596 2.15861 6.01498 5.79324 4.9409 2.49326 2.03548 2.44764 1.56374 3.9795 3.27863 1.89538 1.38325
internal_count=692 483 240 207 194 243 52 153 59 209 94 191 59 41 177 190 170 184 47 171 156 135 65 53 70 44 118 98 56 42
is_linear=0
shrinkage=0.05


Tree=54
num_leaves=31
num_cat=0
split_feature=10 18 27 25 17 3 3 4 21 17 0 0 10 27 10 23 18 23 11 22 28 20 11 24 24 21 11 5 4 5
split_gain=9.85504 4.74718 3.99952 1.92622 3.67123 1.7617 2.48853 1.66391 2.76601 0.564545 0.485049 0.217975 0.130187 0.0355099 0.0130569 0.00400818 0.00100188 0.000245182 8.68258e-05 3.91036e-05 2.96357e-05 5.35499e-05 1.06087e-05 1.05285e-05 5.21739e-06 3.83203e-06 1.59239e-06 8.75994e-07 7.43821e-07 2.94029e-07
threshold=7.6910860538482675 89344.000000000015 8.5000000000000018 0.72882944345474254 5376.0000000000009 4.5000000000000009 3.5000000000000004 264.50000000000006 270319.50000000006 17920.000000000004 128332.50000000001 300800.00000000006 6.6406595706939706 8.5000000000000018 6.9049172401428232 0.93412640690803539 380416.00000000006 0.74890136718750011 4.4911358356475839 149206.12500000003 95.500000000000014 78.000000000000014 4.1728971004486093 2.6580256223678593 0.98677754402160656 263960.00000000006 6.7107856273651132 5632.0000000000009 148.50000000000003 6357.5000000000009
decision_type=2 2 2 2 2 2 2 2 2 2 2 2 2 2 2 2 2 2 2 2 2 2 2 2 2 2 2 2 2 2
left_child=1 5 3 -3 7 6 -1 8 -5 13 14 12 -9 16 15 18 19 22 20 25 21 -7 -14 24 -22 -2 27 -21 -26 -29
right_child=9 2 -4 4 -6 10 -8 11 -10 -11 -12 -13 17 -15 -16 -17 -18 -19 -20 26 23 -23 -24 -25 28 -27 -28 29 -30 -31
leaf_value=-0.053659529252706534 0.051942175253001904 -0.016357459437399118 -0.052789999058792982 -0.024566151720010893 -0.052516360854528238 -0.052304549499549303 0.022933426059576181 0.033341316069481174 0.047188521623823164 0.012241995440196033 -0.012949788135148724 0.072718545208102323 0.052501361881077492 0.062653255843005004 -0.058791050965471436 -0.055916531096669914 0.053849840743406097 0.053352847839945254 -0.052549036040773558 0.051674925237152038 -0.051925738969943652 -0.051777291143432207 0.052280138330902018 -0.052023427626732392 -0.051788073034603269 0.052086826636587237 0.051793764482748944 0.051751394462346889 -0.051722046377087841 0.051712620504813324
leaf_weight=1.8644272312521923 1.1355139091610889 4.2892163749784293 2.7379808723926535 2.5685388110578042 1.4354306869208802 1.230485370382665 2.4593831337988377 1.2038176730275152 2.8149448111653328 0.94374320283532132 0.82923967018723477 1.0487696006894109 1.1142209786921746 0.89582219719886769 0.91925206780433644 0.73874026164412487 0.67583441734313954 0.96182688698172558 0.67468923702836026 1.1915087196975953 0.69589072838425714 0.79120724648237217 1.0550843104720113 0.72973379120230664 1.2648986764252184 0.76718802005052555 0.66788490116596211 0.84936908632516894 0.64357691816985596 1.1521769911050794
leaf_count=34 32 39 34 27 13 30 20 18 20 19 8 13 25 6 8 11 12 19 16 38 20 24 26 20 38 20 20 26 20 36
internal_value=8.40356e-06 -0.0125463 0.0031736 0.0124647 0.0225957 -0.0360864 -0.0100935 0.0326092 0.0129533 0.0486428 -0.0492811 0.0522643 0.0473157 0.0533261 -0.0531996 -0.0524403 0.0520285 0.0526884 -0.0520145 0.051815 -0.0519472 -0.0520982 0.0523938 -0.0518556 -0.0518085 0.0520005 0.0517236 0.0517089 -0.0517658 0.0517291
internal_weight=40.3504 32.0714 19.2298 16.4919 12.2026 12.8415 4.32381 10.7672 5.38348 8.27904 8.51771 5.38372 4.33495 7.3353 7.68847 6.76922 6.43948 3.13113 6.03048 5.76364 5.35579 2.02169 2.16931 3.3341 2.60437 1.9027 3.86094 3.19305 1.90848 2.00155
internal_count=692 483 234 200 161 249 54 148 47 209 195 101 88 190 187 179 184 70 168 172 152 54 51 98 78 52 120 100 58 62
is_linear=0
shrinkage=0.05


Tree=55
num_leaves=31
num_cat=0
split_feature=10 7 4 0 20 19 10 25 32 17 10 29 10 12 10 32 30 19 10 19 19 17 32 0 24 10 24 20 24 10
split_gain=9.28913 5.47547 4.69014 4.72054 3.92953 1.99063 1.60442 1.5957 1.42406 1.55912 0.510891 0.126057 0.0792366 0.0620357 0.0387482 0.0112943 0.0100699 0.00696262 0.00400551 0.000578356 0.000351253 9.91108e-05 4.21549e-05 4.18556e-05 3.47247e-05 1.52587e-05 7.91204e-06 5.84907e-06 1.94626e-06 1.04563e-06
threshold=7.3105976581573495 2.5000000000000004 258.50000000000006 2174036.0000000005 4006.0000000000005 127466.66796875001 6.4663562774658212 1.0074170231819155 1.5000000000000002 768.00000000000011 5.8101189136505136 1.0000000180025095e-35 6.6440589427948007 2.9752675294876103 6.6222393512725839 4.5000000000000009 1.0000000180025095e-35 30799.644531250004 7.6989610195159921 30799.644531250004 7526.4001464843759 1280.0000000000002 1.5000000000000002 49732.000000000007 2.7689521312713627 6.0228445529937753 0.99983930587768566 16933.000000000004 2.6015625000000004 7.9218397140502939
decision_type=2 2 2 2 2 2 2 2 2 2 2 2 2 2 2 2 2 2 2 2 2 2 2 2 2 2 2 2 2 2
left_child=1 2 3 6 8 15 10 -8 11 -10 -1 -4 -11 17 19 18 -13 20 -2 21 23 22 -3 -12 26 -24 -20 29 -27 -26
right_child=5 14 4 -5 -6 -7 7 -9 9 12 13 16 -14 -15 -16 -17 -18 -19 24 -21 -22 -23 25 -25 27 28 -28 -29 -30 -31
leaf_value=-0.02174216802421244 0.054978221048598098 -0.052095530427635629 0.073966878780929821 0.055085724391350704 -0.03705630206084453 -0.0093342490100057091 0.016244118649431458 -0.038851297515468959 -0.027238003853704208 0.03378891925303127 -0.052191978784047258 0.058686794200392217 0.053192973253944821 -0.067205181139664269 -0.063598675773714794 0.058815183841226172 0.052431553100004469 -0.057199236467646145 0.051847636477033679 -0.053197040794060083 -0.053022471428834789 -0.052502396790004381 -0.05190012772896635 -0.051744131972533774 0.051628896121152949 -0.051601470299764043 0.052053355192973633 0.051800465837489186 -0.051717790116526045 0.051688378631155274
leaf_weight=1.3736631870269826 1.1433454416692237 1.3513417001813643 1.4324923604726771 1.7743345797061909 2.0000284016132355 1.5328717231750477 2.58242367208004 2.6760249268263578 1.2171981409192087 1.0157147012650969 0.84804203547537405 1.2490033302456141 1.0914683900773523 1.0024708136916158 0.8604220151901244 0.7221984528005122 1.3269393816590309 0.92070832103490818 1.1598425358533857 1.2203984726220367 1.0646556634455917 0.73989706113934506 1.0002658925950529 1.3558199778199194 2.3809097334742551 0.8997574523091314 0.78287144564092148 0.76130632869899262 0.59903014823794365 1.0712361838668583
leaf_count=15 21 36 7 11 17 12 16 27 10 20 22 18 21 6 8 7 32 11 34 25 23 17 29 42 78 30 21 23 19 34
internal_value=8.34332e-06 -0.0138273 -0.00222865 -0.0209621 0.0250664 0.042874 -0.0323742 -0.0117939 0.0420104 0.0178151 -0.0488578 0.0620767 0.0438397 -0.0560322 -0.053696 0.0528505 0.0554645 -0.0533586 0.0522604 -0.0522296 -0.0522767 -0.0519724 -0.0518705 -0.0519165 0.0517557 -0.0517489 0.0519305 0.051675 -0.051648 0.0516474
internal_weight=39.1567 29.6021 22.931 13.5981 9.33284 9.55458 11.8238 5.25845 7.33282 3.32438 6.56536 4.00844 2.10718 5.1917 6.67111 8.02171 2.57594 4.18923 7.29951 5.81069 3.26852 4.59029 3.8504 2.20386 6.15617 2.49905 1.94271 4.21345 1.49879 3.45215
internal_count=692 462 298 173 125 230 162 43 108 51 119 57 41 104 164 218 50 98 211 156 87 131 114 64 190 78 55 135 49 112
is_linear=0
shrinkage=0.05


Tree=56
num_leaves=31
num_cat=0
split_feature=10 27 21 12 17 21 2 22 19 10 12 0 5 12 11 10 10 10 10 27 19 17 3 12 5 24 24 11 21 5
split_gain=8.78412 4.18006 3.78367 2.6361 2.93379 2.42903 3.80597 3.47864 1.90278 3.34482 1.28153 0.670144 0.354989 0.407488 0.158215 0.135202 0.0752312 0.0554816 0.0348213 0.0291979 0.00177194 0.00163279 0.000638282 6.52091e-05 5.9913e-05 3.15365e-05 6.02709e-06 4.53851e-06 3.42518e-06 6.7415e-07
threshold=7.6910860538482675 8.5000000000000018 89228.000000000015 3.2052499055862431 5376.0000000000009 311811.00000000006 17368.000000000004 47176.984375000007 11724.799804687502 6.4869177341461191 2.0387133359909062 769792.00000000012 77060.500000000015 2.8817828893661503 2.6771810054779057 5.9970734119415292 6.7254662513732919 6.6441054344177255 6.6664593219757089 8.5000000000000018 34905.599609375007 2816.0000000000005 4.5000000000000009 2.3010416030883794 5333.0000000000009 2.7689521312713627 0.99983930587768566 6.7238924503326425 402349.00000000006 5666.0000000000009
decision_type=2 2 2 2 2 2 2 2 2 2 2 2 2 2 2 2 2 2 2 2 2 2 2 2 2 2 2 2 2 2
left_child=1 2 8 4 5 6 7 12 9 10 -1 19 -4 17 15 -3 20 -14 21 25 23 -10 -12 -16 -24 26 -2 28 -27 -30
right_child=11 14 3 -5 -6 -7 -8 -9 18 -11 22 -13 13 -15 16 -17 -18 -19 -20 -21 -22 -23 24 -25 -26 27 -28 -29 29 -31
leaf_value=0.0069457548463965207 0.051754326137411572 -0.051610697906887243 0.029332713534271443 -0.043518633010570962 -0.0511379312140978 0.056024253684983073 -0.049226077470761347 -0.039866117327912266 -0.052477965492889793 0.060608983218414639 -0.053467902902223044 0.0029033449729911781 0.039548174868477649 0.086245249993069817 -0.052207539958493171 -0.020210177569884226 -0.068474308777506182 0.054929819681425067 -0.064075855476913177 0.061638982952403713 -0.054380668638566582 -0.055247801510295381 -0.052227207388974975 -0.051600652266882541 -0.051631359631111921 0.051655527355375201 0.051927831266234598 0.051713379699861062 0.051511487699260144 0.05156304945559427
leaf_weight=1.3639177307486585 1.1052152961492532 0.75487045198678859 1.4549630731344203 1.9356223940849293 1.3567091561853875 4.4394824542105189 2.0328170321881771 1.393041832372546 1.0058217160403735 1.2573204282671211 0.93377241306006942 0.74315965175628651 1.1040115654468543 0.96860102377831925 0.84983825683593772 0.62799588404595852 1.0482493452727792 1.2500522974878547 1.4062329232692716 0.83662544190883625 1.1977485287934539 1.1295966338366268 0.67756085097789753 0.92372243292629719 1.1180022060871122 0.83488755486905608 0.91481726989150036 0.63455274514853943 1.1959945280104878 1.3489113319665191
leaf_count=16 34 25 31 11 13 37 32 15 25 12 18 8 20 24 23 16 8 24 11 6 18 19 17 31 37 27 26 20 42 46
internal_value=8.55052e-06 -0.0120811 -0.00340805 0.0111729 0.0187346 0.0262326 0.0101102 0.0296575 -0.0295378 -0.0107203 -0.0326304 0.048007 0.049929 0.0589479 -0.051939 -0.0373509 -0.0569578 0.0477161 -0.0579664 0.0528854 -0.0528949 -0.0539432 -0.0524076 -0.0518915 -0.0518562 0.0516718 0.0518329 0.0515907 0.0515676 0.0515388
internal_weight=37.8441 30.23 24.8275 15.9353 13.9997 12.643 8.20349 6.17067 8.89222 5.35057 4.09325 7.61416 4.77763 3.32266 5.40242 1.38287 4.01956 2.35406 3.54165 6.871 2.97131 2.13542 2.72934 1.77356 1.79556 6.03438 2.02003 4.01435 3.37979 2.54491
internal_count=692 483 362 207 196 183 146 114 155 100 88 209 99 68 121 41 80 44 55 201 72 44 72 54 54 195 60 135 115 88
is_linear=0
shrinkage=0.05


Tree=57
num_leaves=31
num_cat=0
split_feature=7 4 0 19 18 0 18 4 5 32 5 32 0 12 19 0 23 0 9 28 19 26 19 28 20 19 28 0 3 11
split_gain=8.4618 6.91797 3.86896 2.51292 3.91334 2.78367 3.8027 2.49787 1.20244 0.860047 0.728789 0.552682 1.44287 0.482887 0.382506 0.444517 0.0594205 0.0141139 0.0113785 0.00491823 0.00144469 0.000494622 0.000446833 0.000321217 4.6771e-05 3.4139e-05 2.88857e-05 2.38806e-05 1.22665e-05 9.22617e-06
threshold=2.5000000000000004 258.50000000000006 2174036.0000000005 208384.00000000003 85248.000000000015 239580.00000000003 360960.00000000006 280.50000000000006 57463.000000000007 1.0000000180025095e-35 78026.000000000015 3.5000000000000004 367264.00000000006 2.6530140638351445 11724.799804687502 124884.00000000001 0.074218750000000014 196248.00000000003 2.8991600275039677 322.00000000000006 13550.933593750002 1.0000000180025095e-35 23645.867187500004 33.500000000000007 17430.500000000004 11315.200195312502 111.50000000000001 81408.000000000015 7.5000000000000009 3.4041860103607182
decision_type=2 2 2 2 2 2 2 2 2 2 2 2 2 2 2 2 2 2 2 2 2 2 2 2 2 2 2 2 2 2
left_child=1 2 3 4 13 9 -7 11 -9 -6 -10 14 -13 18 -3 -16 -17 22 20 21 26 -18 25 -23 -14 28 -1 -27 29 -2
right_child=17 7 -4 -5 5 6 -8 8 10 -11 -12 12 24 -15 15 16 19 -19 -20 -21 -22 23 -24 -25 -26 27 -28 -29 -30 -31
leaf_value=-0.052025347652259114 -0.05183527073717982 0.078776581196784323 0.05258751359332469 -0.076363260574895925 0.079891925794512278 -0.063766550333289693 0.031534226681936325 -0.031204758497732944 0.05205079176194221 0.024214703493612148 -0.0067929901784843129 -0.023758299791625335 0.051527459392109981 -0.014949911782553471 0.017336791182065554 0.066533001176218506 0.05325037550946489 -0.057416140427207801 -0.058347533408500386 0.05655842870349416 -0.054369746363591299 0.052736202731289816 -0.053019871134414545 0.051512774681697175 0.052030272053401751 -0.052127908257577418 -0.051646489627177217 -0.051734467859528156 -0.051467502948201641 -0.051570398477547942
leaf_weight=0.72056212462485092 0.71025599539279916 1.3985547348856906 2.0255799293518058 1.8076913952827443 1.2859439887106421 2.0282618291676044 2.1630314327776432 1.6571145057678216 1.1709289476275446 1.5057491846382616 0.95562049373984326 0.88721867278218303 1.5635091383010151 0.98665619641542424 0.89992715604603279 0.96581741422414769 0.74247231706976924 1.6228831093758342 1.0607369113713501 0.7421932779252528 0.68223634548485268 0.70578765310347114 0.84709765017032612 2.2370097450911999 0.65676498599350441 0.75218276306986787 1.6672255434095857 0.79153919965028763 0.83075050637125958 0.6120993085205555
leaf_count=20 21 10 16 10 23 18 27 15 31 21 13 9 55 14 21 6 14 30 11 12 11 18 17 79 19 20 55 25 30 21
internal_value=6.4656e-06 0.0108016 -0.0119732 -0.0213759 -0.0131613 0.0111803 -0.014584 0.035686 0.000725857 0.0498614 0.0256078 0.0479348 0.0301389 -0.0463767 0.0551243 0.049868 0.0552962 -0.0534136 -0.0538831 0.052845 -0.0523406 0.0520972 -0.0519841 0.0518062 0.0516762 -0.0517467 -0.0517608 -0.0519262 -0.0516181 -0.0517127
internal_weight=36.6834 30.5166 15.9337 13.9081 12.1004 6.98299 4.19129 14.5829 3.78366 2.79169 2.12655 10.7993 3.10749 5.11742 7.69176 6.29321 5.39328 6.16681 4.13076 4.42746 3.07002 3.68527 4.54393 2.9428 2.22027 3.69683 2.38779 1.54372 2.15311 1.32236
internal_count=692 528 226 210 200 89 45 302 59 44 44 243 83 111 160 150 129 164 97 123 86 111 134 97 74 117 75 45 72 42
is_linear=0
shrinkage=0.05


Tree=58
num_leaves=31
num_cat=0
split_feature=18 27 26 23 25 11 9 25 0 20 12 5 9 18 24 27 9 28 20 24 21 5 25 27 27 27 11 21 0 12
split_gain=7.58365 3.63042 2.44277 1.7465 2.21907 2.0084 1.64176 1.6174 1.13327 0.738055 1.19721 0.679972 0.357461 0.267934 0.105186 0.0111867 0.00965137 0.00547817 0.00102356 0.000638589 0.000473697 0.000206899 0.0001562 1.76947e-05 3.30342e-05 1.62758e-05 3.68117e-06 2.96911e-06 1.38465e-06 3.48482e-07
threshold=87552.000000000015 11.500000000000002 1.0000000180025095e-35 0.53710937500000011 0.75166326761245739 5.1997933387756357 4.4132595062255868 0.67923668026924144 128332.50000000001 15.500000000000002 2.8184688091278081 284841.50000000006 1.4476134181022646 165376.00000000003 0.99920049309730541 7.5000000000000009 3.3905515670776372 61.500000000000007 2424.0000000000005 2.4926975965499882 263960.00000000006 28369.500000000004 1.2888735532760622 8.5000000000000018 4.5000000000000009 5.5000000000000009 6.7238924503326425 402349.00000000006 67536.000000000015 1.9918320775032046
decision_type=2 2 2 2 2 2 2 2 2 2 2 2 2 2 2 2 2 2 2 2 2 2 2 2 2 2 2 2 2 2
left_child=6 2 3 4 14 -5 8 -4 9 10 -1 15 13 -6 -2 19 17 -11 22 20 21 -9 23 24 -19 26 27 -21 -25 -29
right_child=1 -3 7 5 12 -7 -8 11 -10 16 -12 -13 -14 -15 -16 -17 -18 18 -20 25 -22 -23 -24 28 -26 -27 -28 29 -30 -31
leaf_value=0.023331536811285043 -0.00036153549976135232 -0.049129115289466251 -0.027524848344456995 -0.047845605571325479 0.037571019355410802 0.020917654106673442 0.031119539978268263 0.052552593717273145 0.008168596197840574 -0.055830972970085352 -0.052472549841157401 0.014245388077364649 0.022017699380864588 0.065899443888345829 -0.017560488883623018 0.058194120631782691 -0.058359001121532722 -0.051470159760726608 -0.053651055852862464 0.051493235300564183 0.053557064390965615 0.0515071541904559 -0.052400512090902546 -0.051450445391442501 -0.051936121527563252 0.051703306869574452 0.051545160324192818 0.051399475281740784 -0.051542546354989338 0.051358197441048727
leaf_weight=0.91438701190053917 1.6678328868001755 1.9881438221782435 0.80357672832906146 2.5057089440524569 1.6926141493022444 1.8428602851927278 0.88434278592467386 1.0021405462175592 1.095113396644593 1.1893381737172601 1.2102806102484462 1.3735322020947931 1.4795644767582414 1.6467568278312681 1.903694426640868 0.78085254132747639 0.88988821581006039 0.73848565854132198 0.8296850137412547 0.72946847975254137 0.7306110095232724 0.89675254374742497 0.70782064087688912 1.2570626828819511 0.78436807356774807 0.64902461878955353 0.57597053796052922 0.90012362785637412 0.60424355044960965 1.1837247423827646
leaf_count=14 25 24 10 30 35 18 7 25 14 20 31 24 24 12 16 7 9 27 17 26 15 32 19 46 23 21 20 34 21 46
internal_value=4.81154e-06 0.0156196 0.0213755 0.00701141 0.0203395 -0.0187047 -0.0342379 0.0403854 -0.039893 -0.0456606 -0.019849 0.046571 0.0424762 0.0515407 -0.00952892 0.0525319 -0.0534941 -0.0527856 -0.0520497 0.0518688 0.0524752 0.0520589 -0.051725 -0.0515838 -0.0517102 0.0514739 0.05143 0.0514064 -0.0514803 0.051376
internal_weight=35.458 24.353 22.3648 12.739 8.39046 4.34857 11.105 9.62578 10.2207 9.12556 2.12467 8.8222 4.81894 3.33937 3.57153 7.44867 7.00089 6.111 4.92167 6.66782 2.6295 1.89889 4.09198 3.38416 1.52285 4.03831 3.38929 2.81332 1.86131 2.08385
internal_count=692 444 420 160 112 48 248 260 241 227 45 250 71 47 41 226 182 173 153 219 72 57 136 117 50 147 126 106 67 80
is_linear=0
shrinkage=0.05


Tree=59
num_leaves=31
num_cat=0
split_feature=7 4 10 0 4 10 27 10 10 32 10 0 29 18 11 10 8 28 10 26 18 11 32 0 20 17 25 25 0 12
split_gain=7.79885 6.18951 3.79493 4.14914 2.29418 2.24791 1.81007 1.91531 0.561986 0.534976 1.4823 0.356908 0.343763 0.287246 0.178627 0.0254657 0.00686827 0.00435992 0.00367903 0.00055302 0.000486828 0.000153055 9.69961e-05 6.59726e-05 5.96191e-05 4.3633e-05 1.61017e-05 7.49544e-06 6.83059e-06 3.61713e-06
threshold=2.5000000000000004 258.50000000000006 7.8300440311431894 2174036.0000000005 280.50000000000006 6.6406595706939706 7.5000000000000009 6.4663562774658212 5.8411495685577401 3.5000000000000004 7.3105976581573495 332984.00000000006 1.0000000180025095e-35 88320.000000000015 5.4928717613220224 6.6222393512725839 5.5000000000000009 322.00000000000006 6.5818047523498544 1.0000000180025095e-35 214272.00000000003 4.1926124095916757 1.5000000000000002 96041.000000000015 998.00000000000011 14848.000000000002 1.3943323493003847 0.61848086118698131 116480.00000000001 2.8434805870056157
decision_type=2 2 2 2 2 2 2 2 2 2 2 2 2 2 2 2 2 2 2 2 2 2 2 2 2 2 2 2 2 2
left_child=1 2 3 6 9 -6 7 8 -1 12 -11 -7 -3 -14 18 20 -4 19 21 -15 22 27 23 -2 -21 29 28 -8 -24 -12
right_child=15 4 16 -5 5 11 14 -9 -10 10 25 -13 13 17 -16 -17 -18 -19 -20 24 -22 -23 26 -25 -26 -27 -28 -29 -30 -31
leaf_value=-0.016332423493044916 -0.051777487184459986 0.070938128779160017 0.058119953750529002 0.05049013322944737 -0.048618623479825783 0.051974622714627841 -0.051386470595311755 0.0076125324120100554 -0.058834361064959179 -0.028035538910240933 0.051325918063145681 0.011720417484886458 0.02001856573030621 0.053076474620894334 -0.078042484469821885 -0.061663456403368858 0.052069315617028281 0.056151340093285776 -0.055449225830082063 0.051828444976103241 -0.053208424619045881 -0.052363404933755846 -0.051388509666021265 -0.052392012032852757 0.051335214343384228 0.051908155928371127 -0.051751074590036056 -0.051598090598149821 -0.051599088037056054 0.051487807667390896
leaf_weight=1.1971144899725934 1.1945218462496985 2.2080217618495208 0.92268723249435314 1.7612998411059368 1.406733870506286 1.125677675008774 1.1016285140067346 3.8089083041995764 2.2202788814902306 0.81616296619176898 1.0312924198806288 1.0779458358883856 0.81144526600837696 0.69170480966568026 0.88078238070011128 0.77621835842728604 0.95388499461114407 0.6943133883178233 0.9005640149116515 0.91090250201523337 0.64204065315425385 0.65029926039278496 1.2923204340040686 0.68845494650304306 1.8712812829762695 0.52323098108172406 0.59178055636584748 0.67470221407711495 0.54856393299996842 0.51851696148514737
leaf_count=13 37 22 14 13 17 31 42 32 28 7 41 11 10 14 5 8 28 12 11 28 14 17 50 17 74 16 19 23 19 19
internal_value=3.14754e-06 0.010619 -0.0114854 -0.0209468 0.03496 0.000760917 -0.0319507 -0.01677 -0.0439459 0.0472128 0.0290418 0.0322835 0.054517 0.0472357 -0.0580203 -0.0532423 0.0550443 0.0525342 -0.05272 0.0518113 -0.0519238 -0.0517071 -0.0517327 -0.0520022 0.0514967 0.0515134 -0.0515242 -0.0514669 -0.0514513 0.0513801
internal_weight=34.4933 28.7594 15.0722 13.1956 13.6872 3.61036 11.4343 7.2263 3.41739 10.0769 2.8892 2.20362 7.18767 4.97965 4.20798 5.7339 1.87657 4.1682 3.32719 3.47389 4.95768 2.42663 4.31564 1.88298 2.78218 2.07304 2.43266 1.77633 1.84088 1.54981
internal_count=692 528 226 184 302 59 171 73 41 243 83 42 160 138 98 164 42 128 93 116 156 82 142 54 102 76 88 65 69 60
is_linear=0
shrinkage=0.05


Tree=60
num_leaves=31
num_cat=0
split_feature=7 4 10 0 4 10 22 32 0 32 32 11 5 0 18 5 20 23 10 8 19 0 19 14 9 9 10 20 20 0
split_gain=7.37579 5.79761 3.56191 3.83976 2.17177 2.09336 1.59858 2.19559 2.78173 0.646004 0.528121 1.84768 0.415329 0.357958 0.120386 0.0722256 0.0560242 0.0448033 0.0219502 0.00593079 0.00418937 0.0007003 0.000419906 0.000120867 6.56225e-05 6.31546e-05 3.49243e-05 3.30451e-05 1.93315e-05 1.25961e-05
threshold=2.5000000000000004 258.50000000000006 7.8300440311431894 2174036.0000000005 280.50000000000006 6.6406595706939706 149419.96875000003 1.0000000180025095e-35 553848.00000000012 1.5000000000000002 1.5000000000000002 3.9229928255081181 27088.000000000004 332984.00000000006 226816.00000000003 101063.00000000001 88.000000000000014 0.86693522334098827 6.6222393512725839 5.5000000000000009 13550.933593750002 380672.00000000006 30799.644531250004 2.5000000000000004 2.0881394147872929 0.29871648550033575 7.8193881511688241 617.50000000000011 54.000000000000007 50952.000000000007
decision_type=2 2 2 2 2 2 2 2 2 2 2 2 2 2 2 2 2 2 2 2 2 2 2 2 2 2 2 2 2 2
left_child=1 2 3 6 10 -6 7 -1 9 -9 16 -12 14 -7 -13 20 -3 21 22 -4 25 23 24 27 28 29 -16 -18 -2 -11
right_child=18 4 19 -5 5 13 -8 8 -10 15 11 12 -14 -15 26 -17 17 -19 -20 -21 -22 -23 -24 -25 -26 -27 -28 -29 -30 -31
leaf_value=0.025120223655631959 -0.051632274122468735 0.068142425245627261 0.057718099645580868 0.04897978333134817 -0.047825084794597093 0.051874669402223045 -0.070777443705759696 -0.013608340484146797 0.039039474688860015 -0.051652004906588257 -0.04676426226969041 0.076373209889647783 0.020953561454349443 0.011104607066434291 0.051738820815732389 -0.068964922198589532 0.051703924152574181 0.064508098000299038 -0.061058899451579197 0.051965846638911628 -0.054843290090585722 0.053458285584254299 -0.052719979078137906 0.052231342638828386 -0.052063806693139272 -0.052066972256604616 0.051307924141829303 0.051238555168545932 -0.051379949864996055 -0.051365698262924503
leaf_weight=1.9353266060352341 1.3167451340705154 1.0384006798267345 0.88364339061081298 1.7257470414042462 1.3597714677453034 1.0727888420224192 2.0734279789030543 1.1095196492969988 1.0791400298476217 0.58922986313700709 0.60864710435271252 0.61348042078316245 1.1281800568103788 1.0807633399963377 0.66120775975286994 0.86284299194812764 0.72821391373872824 0.96553018502891053 0.74548705294728268 0.90912450850009918 1.8073203675448892 0.7713011261075734 1.0298050865530965 0.76082220301032055 0.58559192158281792 0.58758758939802636 1.6281790081411598 0.80111175589263439 1.7923292722553013 1.1038078926503656
leaf_count=21 44 6 14 13 17 31 14 11 10 20 5 16 26 11 22 6 24 8 8 28 28 17 25 19 17 18 66 34 70 43
internal_value=1.61207e-06 0.0104152 -0.0112285 -0.0204235 0.0344303 0.00074597 -0.0311672 -0.0221169 -0.0349217 -0.0480917 0.0466243 0.0344373 0.0466979 0.0314142 0.0567033 -0.0558198 0.0577872 0.055117 -0.0530853 0.0548011 -0.0530452 0.0521552 -0.0518271 0.0517164 -0.0515783 -0.0516203 0.0514324 0.0514601 -0.0514868 -0.0514653
internal_weight=33.3551 27.8851 14.6667 12.874 13.2184 3.51332 11.1482 9.07477 7.13945 6.06031 9.70507 4.63969 4.03105 2.15355 2.90287 4.95079 5.06538 4.02698 5.46996 1.79277 4.08795 3.06145 4.72447 2.29015 3.69467 2.28063 2.28939 1.52933 3.10907 1.69304
internal_count=692 528 226 184 302 59 171 157 136 126 243 135 130 42 104 115 108 102 164 42 109 94 156 77 131 81 88 58 114 63
is_linear=0
shrinkage=0.05


Tree=61
num_leaves=31
num_cat=0
split_feature=7 27 10 12 5 2 25 10 18 0 25 25 10 10 11 0 18 19 10 9 9 22 25 20 22 19 17 0 10 11
split_gain=6.97663 5.16117 2.90059 2.70425 4.32569 2.264 1.62264 1.54567 0.757359 3.13705 0.482792 0.418277 0.0189186 0.00811132 0.00226202 0.00196104 0.000813042 0.000360455 0.000137824 0.00011357 5.63395e-05 2.73064e-05 2.2436e-05 1.65667e-05 8.25758e-06 6.03524e-06 5.46786e-06 2.57341e-06 1.02842e-06 7.17577e-07
threshold=2.5000000000000004 7.5000000000000009 7.3105976581573495 3.2052499055862431 77060.500000000015 17368.000000000004 0.98827463388443004 7.5057497024536142 345088.00000000006 239580.00000000003 1.4124556183815005 0.92937353253364574 6.6222393512725839 6.6711206436157235 4.643662929534913 769792.00000000012 115456.00000000001 30799.644531250004 7.7113487720489511 0.15775315463542941 2.0881394147872929 9388.3750000000018 1.2002312541007998 54.000000000000007 16386.066894531254 10060.799804687502 14848.000000000002 284696.00000000006 6.0228445529937753 6.5383236408233651
decision_type=2 2 2 2 2 2 2 2 2 2 2 2 2 2 2 2 2 2 2 2 2 2 2 2 2 2 2 2 2 2
left_child=1 2 3 4 5 6 -1 10 9 11 13 -6 17 16 19 18 21 20 -4 -13 23 -3 27 25 28 -2 29 -20 -25 -24
right_child=12 7 15 -5 8 -7 -8 -9 -10 -11 -12 14 -14 -15 -16 -17 -18 -19 22 -21 -22 -23 26 24 -26 -27 -28 -29 -30 -31
leaf_value=0.031008061081542627 -0.051443230287210345 -0.051254255943450427 0.052057407725809857 -0.049301445094995511 0.097835124323292277 -0.055992372479462864 -0.026180544777866382 0.013105929425775329 0.06946026161296022 -0.02893450582928335 -0.011663766407090567 0.052421815775815499 -0.060487261725438217 -0.057102133946326288 0.055454653488364251 0.05457854233579329 -0.053359884597156737 -0.052582475255084409 0.05140663665398143 0.051472565696095512 -0.051959955938958892 -0.051686906183767527 0.051190504507328566 -0.051286044882685747 -0.051462517654228192 -0.051662635224587007 0.051390328385898555 0.051537910261476784 -0.051189278400587526 0.051252797139666122
leaf_weight=3.0707999952137524 0.64253191463649251 1.3108331523835657 0.70824733562767406 1.6904065310955037 0.71499610505998168 1.896369121968746 2.0808269716799259 1.5015229508280752 2.4254311621189117 1.3241558596491811 0.85240393318235863 0.6175084915012119 0.71566100791096676 1.0861863307654855 0.71711333096027363 0.53671856597065914 0.72026100009679783 0.98207783140242089 0.80877782404422738 0.64340033568441868 0.55811748281121243 0.50527142360806454 2.0645108297467241 0.48408371023833729 0.58864085189998139 0.61193727515637875 0.46478344313800324 0.69340678490698338 0.63442716002464294 0.59571119956672181
leaf_count=38 24 55 21 10 11 28 20 11 17 13 11 17 8 12 13 8 13 25 31 24 17 17 91 20 22 20 18 24 28 25
internal_value=-1.5999e-06 0.0102162 0.0218571 0.0103146 0.0177846 -0.00928489 0.00790864 -0.030791 0.0473977 0.0340771 -0.0455201 0.0650599 -0.0529359 -0.0534867 0.0532126 0.0516977 -0.0519384 -0.0517355 0.0514079 0.0519374 -0.0514991 -0.0513746 0.0513084 -0.0514123 -0.0513109 -0.0515503 0.0512321 0.0514672 -0.0512312 0.0512045
internal_weight=32.2471 27.0296 21.0532 15.181 13.4906 7.048 5.15163 5.97648 6.44261 4.01717 4.47496 2.69302 5.21748 3.62255 1.97802 5.87216 2.53637 4.50182 5.33544 1.26091 3.51974 1.8161 4.62719 2.96162 1.70715 1.25447 3.12501 1.50218 1.11851 2.66022
internal_count=692 528 409 191 181 86 58 119 95 78 108 65 164 97 54 218 85 156 210 41 131 72 189 114 70 44 134 55 48 116
is_linear=0
shrinkage=0.05


Tree=62
num_leaves=31
num_cat=0
split_feature=7 4 10 0 4 10 22 32 0 32 28 0 0 5 5 20 10 3 19 10 19 20 28 20 9 20 22 19 21 19
split_gain=6.60053 5.24715 3.23593 3.40013 1.93582 1.90358 1.44263 1.95136 2.47339 0.615746 0.538431 0.319547 0.20053 0.206654 0.0611638 0.0396562 0.0163046 0.00503007 0.00323818 0.000678668 0.000309477 0.000288673 6.712e-05 6.49234e-05 4.83807e-05 1.4201e-05 7.08644e-06 5.17166e-06 4.97228e-06 2.65151e-06
threshold=2.5000000000000004 258.50000000000006 7.8300440311431894 2174036.0000000005 280.50000000000006 6.6406595706939706 149419.96875000003 1.0000000180025095e-35 553848.00000000012 1.5000000000000002 100.50000000000001 332984.00000000006 94740.000000000015 4340.5000000000009 101063.00000000001 88.000000000000014 6.6222393512725839 5.5000000000000009 13550.933593750002 7.6910860538482675 30799.644531250004 382.50000000000006 111.50000000000001 19370.000000000004 2.0881394147872929 54.000000000000007 16386.066894531254 10060.799804687502 394086.00000000006 3514.1818847656255
decision_type=2 2 2 2 2 2 2 2 2 2 2 2 2 2 2 2 2 2 2 2 2 2 2 2 2 2 2 2 2 2
left_child=1 2 3 6 10 -6 7 -1 9 -9 12 -7 -3 -14 18 -15 20 -4 22 21 24 -17 -11 28 25 27 -27 -2 -21 -24
right_child=16 4 17 -5 5 11 -8 8 -10 14 -12 -13 13 15 -16 19 -18 -19 -20 23 -22 -23 29 -25 -26 26 -28 -29 -30 -31
leaf_value=0.022569403341357056 -0.051370936833564612 0.02880474340701555 0.057287376954211155 0.046851583894496264 -0.046961097311492887 0.051688532969365403 -0.069094041289269353 -0.01327400421733687 0.036575482458830896 -0.051846882071961392 0.023497099121404998 0.011973086631880465 0.094316291884259634 0.063845244333218892 -0.067854451337561295 0.051867178788003038 -0.059946591334236458 0.051772413991137134 -0.054432032839719237 0.051306923396508164 -0.052452158190247011 0.053182196566275153 -0.051172975106991092 0.051821131140026566 -0.051861485290505972 -0.051169689821947854 -0.051389297312101213 -0.051579026627932227 0.051141581031823861 -0.05131637966584255
leaf_weight=1.938378792256122 0.61203368380665757 0.7986556962132435 0.82839531451463588 1.6459021940827359 1.273750085383653 0.97329002991318736 1.9623106829822052 1.0647525563836095 1.0356345251202581 0.75417357310652811 2.1023636180907488 1.0559664517641065 0.32377022504806507 0.77013968676328648 0.82179517671465863 0.88207988627254941 0.68674209341406811 0.82543087191879749 1.6633286587893961 0.5623477157205351 0.93644368648529042 0.79209079220890999 0.55949648655951001 0.4452607724815606 0.53188034892082203 1.0652062986046074 0.56071016564965237 0.58301249146461487 2.3753911554813385 0.76043351553380489
leaf_count=21 24 5 14 13 17 31 14 11 10 25 37 11 4 5 6 27 8 28 28 23 25 17 25 16 17 48 22 20 109 31
internal_value=-5.31428e-07 0.0100204 -0.0110997 -0.0199926 0.0337131 0.000948957 -0.0304108 -0.0215821 -0.0344331 -0.047509 0.0456684 0.0310218 0.0523754 0.0554358 -0.0555042 0.0532756 -0.0527937 0.0545348 -0.0527886 0.051666 -0.0516485 0.0524893 -0.0514706 0.0512585 -0.0514241 -0.0513416 -0.0512454 -0.0514725 0.0511732 -0.0512556
internal_weight=31.1912 26.2151 13.86 12.2062 12.3551 3.30301 10.5603 8.59799 6.65961 5.62398 9.0521 2.02926 6.94974 6.15108 4.55923 5.82731 4.97603 1.65383 3.73743 5.05717 4.28929 1.67417 2.0741 3.383 3.35284 2.82096 1.62592 1.19505 2.93774 1.31993
internal_count=692 528 226 184 302 59 171 157 136 126 243 42 206 201 115 197 164 42 109 192 156 44 81 148 131 114 70 44 132 56
is_linear=0
shrinkage=0.05


Tree=63
num_leaves=31
num_cat=0
split_feature=7 4 10 0 4 10 19 5 25 32 11 28 0 0 28 0 20 10 32 8 23 10 0 19 11 28 28 17 20 10
split_gain=6.24286 4.89858 3.03924 3.14708 1.82119 1.77051 1.35672 1.88757 3.61419 0.551633 1.74175 0.558795 0.38522 0.320548 0.102468 0.0490565 0.0210824 0.0140509 0.00461114 0.00434211 0.00136149 0.000821263 0.000482647 0.000265782 8.8838e-05 2.12935e-05 1.80834e-05 1.61151e-05 8.79666e-06 3.66349e-06
threshold=2.5000000000000004 258.50000000000006 7.8300440311431894 2174036.0000000005 280.50000000000006 6.6406595706939706 146976.00000000003 38911.000000000007 1.0092352628707888 1.5000000000000002 3.9229928255081181 145.50000000000003 140032.00000000003 332984.00000000006 83.500000000000014 94740.000000000015 106.00000000000001 6.6222393512725839 2.5000000000000004 5.5000000000000009 0.76428222656250011 6.3354051113128671 380672.00000000006 24288.000000000004 3.5302884578704838 70.500000000000014 111.50000000000001 768.00000000000011 54.000000000000007 5.9489688873291025
decision_type=2 2 2 2 2 2 2 2 2 2 2 2 2 2 2 2 2 2 2 2 2 2 2 2 2 2 2 2 2 2
left_child=1 2 3 6 9 -6 7 12 -9 15 -11 14 18 -7 25 -3 -17 23 -1 -4 22 26 24 27 -18 -12 -20 28 -2 -30
right_child=17 4 19 -5 5 13 -8 8 -10 10 11 -13 -14 -15 -16 16 20 -19 21 -21 -22 -23 -24 -25 -26 -27 -28 -29 29 -31
leaf_value=-0.056163232930560004 -0.051360830388314217 0.068460014234499378 0.056927562360064687 0.045413641118142153 -0.046151325711967631 0.051603512954530431 -0.068307729871973991 0.046692643038314052 -0.043857807043062552 -0.046184156292267603 0.051113910696145196 0.0085181629860812888 -0.011945222604101337 0.011342095983584254 0.075903504585094539 0.06155264482614832 0.051912955485693128 -0.059435074613178998 -0.051523590349006367 0.051684110160652386 0.054653982866672328 -0.053300508909111213 0.053140593651017046 -0.052161925840079608 0.051164636354933783 0.051493994556263592 -0.051185999900040524 -0.051559384236516494 -0.05127087162359794 -0.051102695872976833
leaf_weight=0.84254265576601595 0.90738851018249977 0.77143308520316889 0.7928486019372929 1.6139402836561192 1.2323535159230226 0.92730897292494763 1.8620514124631871 2.205574493855238 2.202309487387538 0.61111646145582188 1.8024642691016208 0.80749559402465809 0.69105196371674527 1.0588998794555662 0.51480194367468346 0.85108122043311629 0.85045400448143549 0.6587289310991763 0.60253413021564517 0.78648176789283752 0.6391100026667117 0.72485282272100438 0.69803461991250504 1.2835438214242456 0.74320852011442184 0.46318468451499928 1.1610851343721149 0.47262846864759911 0.49839540757238843 0.92450053058564663
leaf_count=10 36 4 14 13 17 31 13 21 26 5 85 14 12 11 13 9 25 8 22 28 19 15 17 38 34 18 52 17 21 44
internal_value=-5.9705e-06 0.00980875 -0.0108566 -0.0195018 0.0330883 0.000928301 -0.0296816 -0.0211496 0.00145095 0.0449146 0.0318433 0.0451333 -0.0459181 0.0301391 0.055767 0.056969 0.054625 -0.0526584 -0.0529661 0.0543164 0.0526133 -0.0518837 0.0520442 -0.051566 0.051564 0.0511916 -0.0513013 -0.0512932 -0.0512392 -0.0511616
internal_weight=30.2014 25.4562 13.4853 11.9059 11.9709 3.21856 10.292 8.42995 4.40788 8.75238 4.19906 3.58795 4.02207 1.98621 2.78045 4.55332 3.78189 4.74519 3.33101 1.57933 2.93081 2.48847 2.2917 4.08646 1.59366 2.26565 1.76362 2.80291 2.33028 1.4229
internal_count=692 528 226 184 302 59 171 158 47 243 135 130 111 42 116 108 104 164 99 42 95 89 76 156 59 103 74 118 101 65
is_linear=0
shrinkage=0.05


Tree=64
num_leaves=31
num_cat=0
split_feature=10 27 18 12 21 22 2 19 10 17 0 28 10 12 10 10 27 28 17 22 19 3 20 19 20 25 12 21 25 11
split_gain=5.71418 3.00406 2.79218 2.14321 2.17601 3.55934 3.14402 1.60275 2.35022 2.04758 0.692687 0.297612 0.296723 0.125084 0.0400792 0.0233364 0.0142019 0.00315901 0.00230931 0.00115969 0.000982121 0.000437057 4.99825e-05 2.9278e-05 1.53594e-05 1.50466e-05 6.17547e-06 9.57825e-07 8.22669e-07 6.49482e-07
threshold=7.6910860538482675 8.5000000000000018 89344.000000000015 3.2052499055862431 311811.00000000006 47176.984375000007 17368.000000000004 11724.799804687502 6.4869177341461191 768.00000000000011 1249896.5000000002 22.000000000000004 6.6433546543121347 2.8014343976974492 6.7673652172088632 6.7673652172088632 8.5000000000000018 243.50000000000003 3328.0000000000005 8667.3334960937518 34905.599609375007 4.5000000000000009 18723.500000000004 11315.200195312502 78.000000000000014 0.94791331887245189 2.8817828893661503 402349.00000000006 0.61848086118698131 6.5211443901062021
decision_type=2 2 2 2 2 2 2 2 2 2 2 2 2 2 2 2 2 2 2 2 2 2 2 2 2 2 2 2 2 2
left_child=1 2 7 4 5 6 11 8 9 19 16 -4 -13 14 20 18 22 26 -9 21 23 -1 25 28 -23 -2 -14 -27 -3 -29
right_child=10 13 3 -5 -6 -7 -8 15 -10 -11 -12 12 17 -15 -16 -17 -18 -19 -20 -21 -22 24 -24 -25 -26 27 -28 29 -30 -31
leaf_value=-0.052917616189765662 0.05127619568140504 -0.051073870379305414 0.074276281818817166 -0.040513408056326278 0.049482415817110437 -0.043157535864976587 -0.056220046384262805 -0.051689633750620911 0.052727389222585234 0.045850039867277918 -0.0076526601502486056 0.016160040398898189 0.051578301415077001 -0.030875228702907292 -0.066143606656954193 -0.063314456087962781 0.058984899048402428 0.055852765138649618 -0.055188600744194655 -0.054321797274364883 -0.053429424959048288 -0.051457062235038931 0.051595897524457549 -0.051545389610594933 -0.051104403977074865 0.051093721655072658 0.051352084754421379 0.051007041106446951 -0.051148107028888605 0.051070122811058251
leaf_weight=0.57345483079553705 0.93192318454384748 0.84317042306065626 0.97823919169604634 1.7172182500362385 3.910180876031518 2.6253278609365225 0.84938530810177315 0.84105551242828402 1.1505839619785545 0.67866444401442994 0.53545992821454991 0.78185648098588023 0.61669177561998345 0.68558437749743451 0.59136459976434697 0.92751819640398014 0.67529089748859394 0.62243919819593418 1.0734068565070627 0.58910329639911641 0.6672573797404765 0.5350392237305639 0.6004302967339753 0.50816733948886383 0.73000357486307621 0.68819518201053176 0.59063117206096649 1.4118681754916904 0.66951843537390232 0.57389709167182434
leaf_count=14 39 41 28 11 38 34 19 30 13 6 7 15 21 10 5 9 6 10 21 14 14 20 23 20 35 33 24 73 31 28
internal_value=-7.96042e-06 -0.010575 -0.00261649 0.0114291 0.0195565 0.00299277 0.0302856 -0.0277285 -0.00831622 -0.0309272 0.0463325 0.0507535 0.0419425 -0.0502983 -0.0543588 -0.0568051 0.0522541 0.0529593 -0.0536514 -0.0523912 -0.0517662 -0.0517726 0.0511735 -0.051217 -0.0512536 0.0511032 0.0514676 0.0510429 -0.0511067 0.0510253
internal_weight=29.1729 23.7559 19.7908 12.692 10.9748 7.06457 4.43924 7.09883 4.25685 3.10627 5.41706 3.58986 2.61162 3.96506 3.27948 2.84198 4.8816 1.82976 1.91446 2.4276 2.68811 1.8385 4.20631 2.02086 1.26504 3.60588 1.20732 2.67396 1.51269 1.98577
internal_count=692 483 362 200 189 151 117 162 102 89 209 98 70 121 111 60 202 55 51 83 106 69 196 92 55 173 45 134 72 101
is_linear=0
shrinkage=0.05


Tree=65
num_leaves=31
num_cat=0
split_feature=7 4 21 0 0 4 24 3 32 12 27 20 0 20 0 22 26 28 19 27 24 24 19 24 32 0 27 23 12 22
split_gain=5.67402 4.33196 2.37925 2.46945 2.84587 1.70757 1.62966 1.01001 0.779415 0.61648 0.58067 0.384368 0.190758 0.0475352 0.00535535 0.00492545 0.00120846 0.000945139 0.000179794 0.000105327 7.12431e-05 2.64332e-05 1.23881e-05 4.64013e-06 4.53832e-06 4.1714e-06 2.98574e-06 1.56632e-06 5.8458e-07 3.14399e-07
threshold=2.5000000000000004 258.50000000000006 89228.000000000015 239580.00000000003 2174036.0000000005 280.50000000000006 2.2431640625000004 5.5000000000000009 1.0000000180025095e-35 2.8014343976974492 6.5000000000000009 1561.0000000000002 63668.000000000007 88.000000000000014 196248.00000000003 20275.625000000004 1.0000000180025095e-35 80.500000000000014 23645.867187500004 9.5000000000000018 1.4560546875000002 0.99966397881507885 11315.200195312502 0.99884614348411571 1.0000000180025095e-35 82688.000000000015 4.5000000000000009 0.032348632812500007 1.6140123605728152 3428.727172851563
decision_type=2 2 2 2 2 2 2 2 2 2 2 2 2 2 2 2 2 2 2 2 2 2 2 2 2 2 2 2 2 2
left_child=1 2 9 8 7 10 -7 -5 -4 15 12 -8 -3 -14 18 17 -15 -1 22 -19 21 -18 24 29 -2 -24 28 -26 -22 -21
right_child=14 5 3 4 -6 6 11 -9 -10 -11 -12 -13 13 16 -16 -17 20 19 -20 23 26 -23 25 -25 27 -27 -28 -29 -30 -31
leaf_value=-0.053516261532646263 -0.051213962380863454 0.026710817233513481 0.080420584500533632 -0.051222561219507405 0.044038565403413506 -0.045616164860468156 0.051942405729956176 -0.0057661255022423237 0.021722173189797953 0.00010619570215182172 0.015806653521375402 0.0066828742373843258 0.063807963212097155 0.05297205005258232 -0.055278151407689435 -0.056901492498737272 0.051273098484714286 -0.051944459644255515 -0.052130220562594934 -0.05099675649688095 0.0510308193539456 0.051782530708152953 -0.051406378568537837 -0.051229541860313234 -0.050975016455005531 -0.051208678285443711 0.05112317942191355 -0.05110286967356651 0.050972828175696885 -0.051056007884436351
leaf_weight=0.67297727242112904 0.46042723767459381 0.74584501236676981 1.0438933297991737 2.7340907119214535 1.7030944935977457 1.1803826503455632 0.94055079668760277 2.2095940206199884 1.2341128736734388 0.66541218385100354 1.4692225065082309 0.93586836755275726 0.94749325141310681 1.1936193779110906 1.2089772820472715 0.61660645343363274 0.56986014358699344 0.50018362328410138 0.61613331921398629 0.40224482491612412 0.59070889279246408 0.46032363176345825 0.53443724662065484 0.4275011382997036 0.61845910549163796 0.53281746804714203 0.50126229971647251 0.39099785313010216 1.6440864503383634 0.50491426326334476
leaf_count=14 20 5 23 21 16 18 32 34 22 8 21 9 7 27 30 7 25 16 17 21 30 16 21 19 33 24 24 19 88 25
internal_value=-1.07044e-05 0.00956282 -0.0104001 0.00369443 -0.0117028 0.0322675 0.00041358 -0.0309057 0.0486206 -0.0435915 0.0442554 0.0293691 0.0505377 0.0535461 -0.0524488 -0.0528979 0.0515857 -0.0519135 -0.0513641 -0.0513256 0.0511463 0.0515007 -0.051178 -0.0510937 -0.0510839 -0.0513077 0.0510129 -0.0510245 0.0509882 -0.0510297
internal_weight=28.2561 23.8938 12.7146 8.92479 6.64678 11.1792 3.0568 4.94368 2.27801 3.78984 8.12242 1.87642 6.6532 5.90735 4.36225 3.12443 4.95986 2.50782 3.15327 1.83484 3.76624 1.03018 2.53714 1.33466 1.46988 1.06725 2.73606 1.00946 2.2348 0.907159
internal_count=692 528 226 116 71 302 59 55 45 110 243 41 222 217 164 102 210 95 134 81 183 41 117 65 72 45 142 52 118 46
is_linear=0
shrinkage=0.05


Tree=66
num_leaves=31
num_cat=0
split_feature=7 4 10 0 4 10 27 10 27 10 0 19 11 20 10 3 10 10 18 22 5 19 25 19 32 2 5 27 4 11
split_gain=5.36851 4.04565 2.64364 2.56919 1.61082 1.72113 1.57783 1.54772 0.58493 0.548832 0.203838 0.190371 0.0882498 0.0404159 0.00918506 0.00349354 0.00241726 0.0010683 0.000244084 0.000160576 0.000111649 5.31566e-05 2.12468e-05 9.20257e-06 3.8924e-06 3.6669e-06 3.3935e-06 2.38011e-06 1.06989e-06 5.49873e-07
threshold=2.5000000000000004 258.50000000000006 7.8300440311431894 2174036.0000000005 280.50000000000006 6.6112103462219247 7.5000000000000009 6.4663562774658212 6.5000000000000009 5.8186433315277108 63668.000000000007 65075.199218750007 5.6367735862731942 88.000000000000014 6.6222393512725839 5.5000000000000009 6.6276571750640878 6.9685943126678476 224000.00000000003 16386.066894531254 110512.00000000001 24288.000000000004 0.94905102252960216 11315.200195312502 1.0000000180025095e-35 17368.000000000004 10142.500000000002 4.5000000000000009 280.50000000000006 6.7107856273651132
decision_type=2 2 2 2 2 2 2 2 2 2 2 2 2 2 2 2 2 2 2 2 2 2 2 2 2 2 2 2 2 2
left_child=1 2 3 6 8 -6 7 9 10 -1 -3 -7 16 -12 18 -4 19 -15 21 26 22 23 -19 24 -2 -25 -8 29 -26 -24
right_child=14 4 15 -5 5 11 12 -9 -10 -11 13 -13 -14 17 -16 -17 -18 20 -20 -21 -22 -23 27 25 28 -27 -28 -29 -30 -31
leaf_value=-0.011541346743550233 -0.05115337026384547 0.025496282169667945 0.056499580348569625 0.041814530490662638 -0.054314233025792635 0.042538111388712101 -0.050975313064772258 0.0098439178843417255 0.015076161281117433 -0.056627770169433649 0.063000995776878371 0.01176838411096969 -0.072845148843425231 0.052957020344250455 -0.058113900779550934 0.051542469847166185 -0.054663238862771746 0.051284325860164751 -0.052482182257846011 -0.052100171671332331 0.0518948591310089 -0.051607322161468919 0.050925334013055712 -0.051319324982662479 -0.051035228349077193 -0.051130294972908753 -0.051148662643587764 0.05105695068842328 -0.050928445476129729 0.050990325038771746
leaf_weight=1.0661339797079619 0.43847763352096103 0.74239566177129557 0.7148622628301371 1.5249104723334301 0.96957687661051783 0.98164102807641063 0.95462455414235659 3.3315292373299599 1.4635400027036665 1.8396991621702907 0.91253400221467007 1.0302623882889745 0.65443777665495861 1.0012630820274351 0.58998667076230038 0.70688523724675179 0.75707054883241642 0.62173808366060335 0.4397904947400092 0.46872715651988972 0.41073140315711487 0.70212949067354191 1.7802540343254811 0.5253239646553991 0.40645094122737646 0.50144392065703869 0.40087431482970715 0.51272342912852753 0.554709542542696 0.39826843515038479
leaf_count=12 20 5 14 13 15 33 51 32 21 29 7 11 4 23 8 28 11 27 12 13 13 26 100 22 21 24 19 26 31 21
internal_value=-1.07493e-05 0.00934965 -0.0101245 -0.0184186 0.0316929 0.000409144 -0.0281145 -0.0134171 0.0435846 -0.0400858 0.0501244 0.0267814 -0.0564459 0.0533676 -0.0523348 0.0540349 -0.0522881 0.0515071 -0.0513792 -0.0513024 0.0511173 -0.0512242 0.0510209 -0.0511133 -0.0510299 -0.051227 -0.0510266 0.05096 -0.0509736 0.0509372
internal_weight=27.403 23.2447 12.4198 10.998 10.8249 2.98148 9.4731 6.23736 7.84345 2.90583 6.37991 2.0119 3.23573 5.63751 4.15831 1.42175 2.5813 4.72498 3.56833 1.82423 3.72372 3.12854 3.31298 2.42641 1.39964 1.02677 1.3555 2.69125 0.96116 2.17852
internal_count=692 528 226 184 302 59 171 73 243 41 222 44 98 217 164 42 94 210 156 83 187 144 174 118 72 46 70 147 52 121
is_linear=0
shrinkage=0.05


Tree=67
num_leaves=31
num_cat=0
split_feature=7 4 10 27 4 10 12 23 27 5 18 19 10 10 10 3 10 5 18 11 19 10 17 20 25 10 11 25 17 22
split_gain=5.07994 3.77768 2.48368 2.04521 1.52011 1.61282 1.49465 2.80942 0.588069 0.503648 0.213813 0.185969 0.0794785 0.0231423 0.00791202 0.00301781 0.000964469 0.000783789 0.000209491 7.57983e-05 4.56591e-05 3.18534e-05 8.88024e-06 5.37177e-06 2.25597e-06 1.91235e-06 1.19854e-06 1.08078e-06 2.89439e-07 1.32891e-07
threshold=2.5000000000000004 258.50000000000006 7.8300440311431894 8.5000000000000018 280.50000000000006 6.6112103462219247 2.8961431980133061 0.60693359375000011 6.5000000000000009 98512.000000000015 23296.000000000004 65075.199218750007 7.4684011936187753 6.8003742694854745 6.6222393512725839 5.5000000000000009 6.4184098243713388 113269.00000000001 224000.00000000003 4.1926124095916757 24288.000000000004 7.5057497024536142 768.00000000000011 54.000000000000007 1.3660135269165041 5.9489688873291025 6.7238924503326425 0.61848086118698131 11776.000000000002 3428.727172851563
decision_type=2 2 2 2 2 2 2 2 2 2 2 2 2 2 2 2 2 2 2 2 2 2 2 2 2 2 2 2 2 2
left_child=1 2 3 6 8 -6 7 9 10 -1 -3 -7 16 -12 18 -4 19 21 20 27 22 -15 23 -2 -23 -25 28 29 -26 -5
right_child=14 4 15 12 5 11 -8 -9 -10 -11 13 -13 -14 17 -16 -17 -18 -19 -20 -21 -22 24 -24 25 26 -27 -28 -29 -30 -31
leaf_value=0.018954761621398586 -0.051118161691730259 0.025625335372662761 0.056181751413387243 -0.050900127027085754 -0.05409136410700726 0.041801366156873937 -0.041359285626350176 -0.028685142725520037 0.014376563756159356 0.059064934546050253 0.058624283357885922 0.011149309268718818 -0.072568207097694876 0.051275314971492049 -0.057699550029835678 0.051466037372169607 -0.053733336267874035 0.053125331119283109 -0.052356870201880283 -0.051758514048873598 -0.051527011291636185 0.051022949290810672 -0.051275213639221856 -0.051033875570729151 0.050860411098928908 -0.050899840925607377 0.050975566670708197 -0.051024845921523156 0.050902236425403452 -0.050942857098019892
leaf_weight=1.5000223424285706 0.74989965092390853 0.80081108957528879 0.68374761287122854 0.36462962068617322 0.92599401995539699 0.94981076754629601 2.1519793402403593 2.8526038657873869 1.458162512630224 1.6364409103989599 1.4903251770883796 1.0330225452780721 0.59772180020809162 0.80988650955259878 0.56514082849025715 0.67338343523442745 0.48383457772433747 0.50022976100444783 0.41931763291358937 0.40155146829783905 0.66890093404799689 0.40473052021116052 0.39066168665885914 0.4093293212354181 1.0634982101619246 0.76061959844082594 0.37188562750816334 0.38718964345753193 0.67691432125866402 0.36320003122091293
leaf_count=25 36 9 14 21 15 33 17 38 21 16 21 11 3 36 8 28 10 12 12 14 26 21 17 21 64 44 20 20 39 20
internal_value=-1.52411e-05 0.0091488 -0.00989129 -0.0179454 0.0311143 0.000389365 -0.00561879 0.00722341 0.0429106 0.0398821 0.0497111 0.0258322 -0.0565699 0.0533384 -0.0522214 0.0538419 -0.0517896 0.05128 -0.0513105 -0.0511695 -0.0511632 0.0510026 -0.0510579 -0.0510137 0.0509148 -0.0509467 0.0508941 -0.0509574 0.0508767 -0.0509215
internal_weight=26.5454 22.5816 12.0963 10.7392 10.4853 2.90883 8.14105 5.98907 7.57644 3.13646 6.11828 1.98283 2.59813 5.31747 3.96387 1.35713 2.00041 3.82714 3.39873 1.51657 2.97941 3.32692 2.31051 1.91985 2.51703 1.16995 2.1123 1.11502 1.74041 0.72783
internal_count=692 528 226 184 302 59 96 79 243 41 222 44 88 213 164 42 85 192 156 75 144 180 118 101 144 65 123 61 103 41
is_linear=0
shrinkage=0.05


Tree=68
num_leaves=31
num_cat=0
split_feature=7 4 18 0 0 4 24 18 5 12 27 12 0 20 9 0 26 12 19 27 24 24 19 32 0 27 9 25 11 21
split_gain=4.80734 3.52391 2.1524 2.30651 1.81266 1.43409 1.44425 1.15451 0.751884 0.608009 0.589921 0.259376 0.23739 0.0306073 0.00406082 0.00348549 0.000771111 0.000539155 0.000111156 4.6457e-05 4.51048e-05 1.68486e-05 7.80582e-06 2.86558e-06 2.60645e-06 1.89357e-06 9.47933e-07 7.68031e-07 3.8033e-07 4.02661e-07
threshold=2.5000000000000004 258.50000000000006 85248.000000000015 239580.00000000003 2135876.0000000005 280.50000000000006 2.2431640625000004 361728.00000000006 79050.000000000015 2.8014343976974492 6.5000000000000009 1.7442519068717959 63668.000000000007 88.000000000000014 2.8991600275039677 196248.00000000003 1.0000000180025095e-35 2.5851089954376225 23645.867187500004 8.5000000000000018 1.4560546875000002 0.99966397881507885 11315.200195312502 1.0000000180025095e-35 82688.000000000015 4.5000000000000009 0.079586289823055281 0.61848086118698131 6.7107856273651132 402349.00000000006
decision_type=2 2 2 2 2 2 2 2 2 2 2 2 2 2 2 2 2 2 2 2 2 2 2 2 2 2 2 2 2 2
left_child=1 2 9 8 7 10 -7 -5 -4 14 12 -8 -3 -14 17 18 -15 19 22 -1 21 -18 23 -2 -24 28 -25 -21 29 -22
right_child=15 5 3 4 -6 6 11 -9 -10 -11 -12 -13 13 16 -16 -17 20 -19 -20 27 25 -23 24 26 -26 -27 -28 -29 -30 -31
leaf_value=-0.051492765870178175 -0.05104127232545147 0.022601450725472552 0.022449318676803245 -0.057654393562701738 0.031895084066182224 -0.044428554032687591 0.046500066049941481 -0.0062543890747273944 0.08263943429334536 0.00099415447592981197 0.013706843318655633 0.0077342342586087494 0.061747014525449555 0.052549248703574906 -0.055774576071987596 -0.054552654164345731 0.051091269744548674 -0.053023163065938433 -0.051816073995327741 -0.050875704344987518 0.050876028288916846 0.051528794675353456 -0.051205193664345394 -0.050837867895557325 -0.051037021500711266 0.050963815244728761 -0.050944963530630466 -0.050962648639148268 0.050894353530679941 0.050820792504682258
leaf_weight=0.49154835753143578 0.39759515225887321 0.72955038398504068 1.1533824820071443 1.8936685901135204 1.7597941458225248 1.1013468559831383 0.94249081984162308 2.5821083504706621 0.94310320634394873 0.64822907000780094 1.4530719406902788 0.79584562033414841 0.85020290687680233 1.0374132469296453 0.77610688284039486 1.0554871717467902 0.49195562396198544 0.46626323089003552 0.53224649839103211 0.69293980114161946 0.47216471284627948 0.39809451438486576 0.46150220371782769 0.53432303480803967 0.4600966377183795 0.43277183640748251 0.33689829614013433 0.40098541229963303 0.361024023965001 1.0953795798122881
leaf_count=18 20 5 28 23 17 18 19 31 16 8 21 22 7 27 11 30 25 11 17 41 28 16 21 33 24 24 19 22 21 69
internal_value=-1.51822e-05 0.00894432 -0.00963188 0.00415637 -0.0110975 0.0305311 0.000369722 -0.0280014 0.0495258 -0.042682 0.0422292 0.0287523 0.0492914 0.0530804 -0.0526939 -0.0521135 0.0513623 -0.0515285 -0.051168 -0.051089 0.0509836 0.051287 -0.0510105 -0.05093 -0.0511212 0.0508693 -0.0508793 -0.0509076 0.0508481 0.0508374
internal_weight=25.7476 21.9694 11.8081 8.33206 6.23557 10.1613 2.83968 4.47578 2.09649 3.47607 7.32163 1.73834 5.86856 5.13901 2.82784 3.77815 4.2888 2.05174 2.72266 1.58547 3.25139 0.89005 2.19042 1.26882 0.921599 2.36134 0.871221 1.09393 1.92857 1.56754
internal_count=692 528 226 115 71 302 59 54 44 111 243 41 222 217 103 164 210 92 134 81 183 41 117 72 45 142 52 63 118 97
is_linear=0
shrinkage=0.05


Tree=69
num_leaves=31
num_cat=0
split_feature=10 7 27 12 5 28 4 28 23 24 18 5 27 10 10 18 22 5 23 19 22 19 17 21 17 3 11 5 11 22
split_gain=4.56586 2.90307 2.84868 1.88356 3.16367 1.30179 0.811025 0.93857 0.925088 0.782766 0.338493 0.193119 0.00932283 0.00641232 0.00239051 0.000720929 0.000266476 0.00022721 0.000109326 4.17961e-05 2.86618e-05 1.74108e-05 1.21667e-05 3.22085e-06 2.14036e-06 2.10052e-06 2.08094e-06 1.93601e-06 4.01784e-07 1.55477e-07
threshold=7.3105976581573495 2.5000000000000004 8.5000000000000018 3.2052499055862431 77060.500000000015 275.50000000000006 258.50000000000006 80.500000000000014 0.60693359375000011 1.7871448993682864 184832.00000000003 230703.00000000003 7.5000000000000009 6.6374311447143564 6.6711206436157235 662016.00000000012 14838.856933593752 98512.000000000015 0.96495226025581371 30193.778320312504 160454.10156250003 55893.333984375007 1280.0000000000002 92079.000000000015 14848.000000000002 7.5000000000000009 3.4041860103607182 7832.0000000000009 6.5211443901062021 3428.727172851563
decision_type=2 2 2 2 2 2 2 2 2 2 2 2 2 2 2 2 2 2 2 2 2 2 2 2 2 2 2 2 2 2
left_child=1 2 3 4 6 12 8 -8 -1 11 -11 -6 15 17 16 18 27 19 20 22 21 -2 23 25 28 26 -3 29 -22 -4
right_child=5 13 14 -5 9 -7 7 -9 -10 10 -12 -13 -14 -15 -16 -17 -18 -19 -20 -21 24 -23 -24 -25 -26 -27 -28 -29 -30 -31
leaf_value=-0.00047532554849311569 0.050922586172788914 -0.050989985984620068 -0.050813025240491388 -0.046225141075877968 0.071013400647889607 -0.0076982937224330632 0.031280138329628497 -0.020225608638377787 -0.055355430071653312 0.041836640948305685 0.0012139389718163448 0.046353188615069506 0.059153180501770833 -0.057744409846919087 -0.054990358548240463 0.053245304311574648 -0.052134712971843689 -0.052189067513306209 0.05187273108005433 -0.051525695621154624 0.050779624592185768 0.051287395336851338 -0.051232559163567719 -0.05104505865410304 0.050936685267202665 -0.050796206338117093 -0.050847766069750083 -0.050981215394087689 0.050834908881060271 -0.0508579209757457
leaf_weight=1.5053317807614859 0.60872775595635154 0.54582729004323549 0.33047522604465418 1.491711027920245 1.4803725499659779 1.1496458575129507 1.8479913249611857 1.696465268731117 1.5674410723149774 0.89171949587762389 1.2068123035132883 1.7120838537812231 0.41108441352844227 0.42996861226856697 0.599897801876068 0.40711969137191761 0.67752343602478493 0.52370835375040758 0.34549171663820732 0.39209238532930601 1.2082633301615713 0.70682930015027523 0.36063476745039214 0.38370894175022829 0.31575081031769503 0.47819688171148289 0.48641311749815941 0.34418482799082994 0.45143688842654217 0.4630248611792922
leaf_count=26 35 29 21 10 35 13 31 14 25 33 12 17 4 6 8 8 19 16 13 16 80 31 16 20 18 31 30 19 28 28
internal_value=-1.84878e-05 -0.0114941 -0.00226896 0.00673998 0.0133748 0.0397374 -0.00966999 0.0066282 -0.02847 0.042196 0.0184756 0.0577884 0.0519793 -0.0520145 -0.052254 0.05125 -0.0513497 -0.0512375 0.0510266 -0.0510492 0.0509378 0.0511186 -0.0509664 -0.0509157 0.0508174 -0.0508828 -0.050923 -0.0508822 0.0507947 -0.0508392
internal_weight=25.0199 19.4156 15.815 13.3999 11.9082 5.60435 6.61723 3.54446 3.07277 5.29099 2.09853 3.19246 4.4547 3.60055 2.41511 4.04362 1.81521 3.17058 3.6365 2.64687 3.29101 1.31556 2.25478 1.89415 1.97545 1.51044 1.03224 1.13768 1.6597 0.7935
internal_count=692 462 298 203 193 230 96 45 51 97 45 52 217 164 95 213 87 158 205 142 192 66 126 110 126 90 59 68 108 49
is_linear=0
shrinkage=0.05


Tree=70
num_leaves=31
num_cat=0
split_feature=10 27 25 20 12 5 5 12 19 25 10 20 20 4 21 10 23 27 10 10 19 12 19 3 19 20 21 19 12 11
split_gain=4.28003 2.05951 1.74335 1.82147 1.74757 1.82497 1.5708 1.57562 1.29584 1.27012 1.38931 0.370211 0.278558 0.123963 0.0815838 0.0485034 0.0372817 0.006302 0.00212189 0.000297695 0.00021114 0.0001476 1.78089e-05 1.76199e-05 6.30076e-06 3.71401e-06 4.17858e-07 2.82077e-07 3.02018e-07 2.49155e-07
threshold=7.3105976581573495 8.5000000000000018 0.63633653521537792 3304.0000000000005 3.2052499055862431 30554.000000000004 9488.5000000000018 2.2749458551406865 127466.66796875001 0.66238051652908336 6.4663562774658212 11.000000000000002 236.00000000000003 270.50000000000006 189214.50000000003 6.2394337654113778 0.72428384423255932 8.5000000000000018 6.6711206436157235 7.6910860538482675 34905.599609375007 2.7377647161483769 11315.200195312502 4.5000000000000009 40484.572265625007 18723.500000000004 379146.00000000006 3421.0908203125005 2.3172663450241093 6.5211443901062021
decision_type=2 2 2 2 2 2 2 2 2 2 2 2 2 2 2 2 2 2 2 2 2 2 2 2 2 2 2 2 2 2
left_child=1 2 11 4 5 6 7 -4 17 -7 -11 -1 -12 -5 16 21 -14 19 20 -2 22 -13 27 25 -25 26 -21 -3 -29 -28
right_child=8 18 3 13 -6 9 -8 -9 -10 10 12 15 14 -15 -16 -17 -18 -19 -20 23 -22 -23 -24 24 -26 -27 29 28 -30 -31
leaf_value=-0.010846567817623644 0.052143577588653484 -0.050775232922217001 0.052523962887478362 -0.045190105042562961 -0.04269948951094002 0.079605978664108734 -0.054084589741773208 -0.026485360522500057 -0.0085750676250631423 -0.011081866867419604 0.018710462536824221 -0.050990230319680287 0.051674366072795533 -0.023796737795201358 0.066162501022896864 -0.069506618826993646 0.034672745626296603 0.056729663685642563 -0.054594102657956639 0.050823838118176548 -0.05207778397314692 -0.052190783015152897 -0.051197442065596101 0.050919305529182349 0.051181782876073327 0.050955092635402668 0.05074911757500087 -0.050858035789457613 -0.05079617353208056 0.050793529922703778
leaf_weight=0.57072653248907146 0.53875990584492628 0.34561766684055306 1.2872941531240929 1.3953992649912828 1.3433006033301342 1.2635035291314123 1.2865354642271993 1.2377179302275179 1.1217575408518312 1.829776396974921 0.80006719753146205 0.69596629217267014 0.98904490098357223 1.3154773553833363 0.77772815525531758 0.55993634834885586 0.47841526474803686 0.56400015950202931 0.59569034725427616 0.31491852179169733 0.52153294347226609 0.40499242581427097 0.40936485212296236 0.43531055096536864 0.48157825414091349 0.3197031458839773 1.1908192774280904 0.42555862013250589 0.36783171538263559 0.42976105213165272
leaf_count=20 17 23 25 20 9 9 30 37 12 36 16 39 39 20 6 5 19 6 9 20 15 14 21 25 22 18 82 26 24 28
internal_value=-1.85948e-05 -0.0112315 -0.00454404 0.00199636 0.0108311 0.0180579 -0.00911686 0.0137949 0.0392545 0.0349314 0.0233527 -0.0455875 0.044043 -0.0348088 0.0530702 -0.0575254 0.0461316 0.0518053 -0.0519644 0.0510569 -0.0512077 -0.0514319 -0.0509146 0.0508724 0.0510572 0.0507972 0.0507711 -0.0508129 -0.0508294 0.0507609
internal_weight=24.2981 18.9015 16.2359 14.0043 11.2934 9.95008 3.81155 2.52501 5.39661 6.13854 4.87503 2.23162 3.04526 2.71088 2.24519 1.6609 1.46746 4.27485 2.6656 3.71085 2.06991 1.10096 1.54837 3.17209 0.916889 2.2552 1.9355 1.13901 0.79339 1.62058
internal_count=692 462 344 266 226 217 92 62 230 125 116 78 80 40 64 58 58 218 118 212 109 53 94 195 47 148 130 73 50 110
is_linear=0
shrinkage=0.05


Tree=71
num_leaves=31
num_cat=0
split_feature=7 4 18 0 18 5 17 5 32 32 5 0 0 19 11 0 32 25 18 26 19 25 11 19 0 17 3 0 11 26
split_gain=4.18305 2.98748 1.84094 2.01802 2.16453 1.96767 1.77659 1.16548 0.613042 0.588758 0.553404 0.203812 0.291773 0.197736 0.00253588 0.00224359 0.00182572 0.00155109 0.000448185 0.000178564 8.4257e-05 5.52644e-05 2.63975e-05 5.79077e-06 5.16365e-06 2.80516e-06 2.14625e-06 1.61836e-06 1.43874e-06 1.87986e-07
threshold=2.5000000000000004 258.50000000000006 85248.000000000015 239580.00000000003 361728.00000000006 509383.00000000006 1.0000000180025095e-35 4144.5000000000009 1.0000000180025095e-35 4.5000000000000009 40976.000000000007 94740.000000000015 473088.00000000006 115968.00000000001 3.9012377262115483 196248.00000000003 2.5000000000000004 0.9500412940979005 52480.000000000007 1.0000000180025095e-35 23645.867187500004 1.3205285072326662 3.7640408277511601 11315.200195312502 50952.000000000007 14848.000000000002 7.5000000000000009 82688.000000000015 3.4041860103607182 2.5000000000000004
decision_type=2 2 2 2 2 2 2 2 2 2 2 2 2 2 2 2 2 2 2 2 2 2 2 2 2 2 2 2 2 2
left_child=1 2 10 8 -5 -6 -3 -8 -4 11 16 -9 13 14 17 20 -1 -13 22 -16 23 -21 24 26 -18 29 28 -25 -2 -23
right_child=15 6 3 4 5 -7 7 9 -10 -11 -12 12 -14 -15 19 -17 18 -19 -20 21 -22 25 -24 27 -26 -27 -28 -29 -30 -31
leaf_value=-0.054489899911317065 -0.050932154910118314 -0.054751791278074773 0.078017133705466257 -0.056714346266818809 0.037036510936049899 -0.03333185779791744 -0.015960192787558555 0.026694495168716456 0.021701743357176985 0.012130305493078948 -4.022259668391643e-05 0.051967764163210667 0.014167994994209419 0.083256179927963567 0.052011803501682698 -0.053911707898021369 -0.051019005024051968 0.055381014779261745 -0.052852246823095021 0.051264244109523571 -0.051628715676798102 0.050715490760305675 -0.05138642120124879 -0.051057488956686416 -0.050789935750331396 0.050887529500506262 -0.050722349872484244 -0.050916491366621346 -0.050787160729917596 0.050759170665630127
leaf_weight=0.67634393647313729 0.37293075677007415 0.58741032145917316 0.90727434772998083 1.7868253178894518 2.5028833355754614 1.6472431831061838 0.99063987098634054 0.94405160099267948 1.0340178199112413 1.3852264378219841 0.63718542084097851 0.66669501457363345 0.46816340927034605 0.56675327662378538 0.41693199425935779 0.94261712115257967 0.40167708043009021 0.66468339879065752 0.43067989032715548 0.73449420277029309 0.47571444325149048 1.2357129724696276 0.3399897115305065 0.40627867821604002 0.63483231421560049 0.31684786453843106 0.42103581596165895 0.40777405630797148 0.31611128896474838 0.30764569249004114
leaf_count=10 21 8 23 23 36 12 12 7 21 39 11 24 13 5 12 30 22 17 10 36 17 89 16 21 42 19 30 24 21 21
internal_value=-1.71749e-05 0.00852305 -0.00910745 0.00376692 -0.0107035 0.00910632 0.0294074 0.0350912 0.0480211 0.041653 -0.0416088 0.0481218 0.0518832 0.0554795 0.0518547 -0.0518447 -0.0522739 0.0536718 -0.0514446 0.0510513 -0.0510329 0.050897 -0.0510041 -0.0508856 -0.0508787 0.050752 -0.0508113 -0.0509869 -0.0508656 0.0507242
internal_weight=23.6267 20.2842 10.999 7.87824 5.93695 4.15013 9.28526 8.69785 1.94129 7.70721 3.12071 6.32198 5.37793 4.90976 4.34301 3.34246 2.48352 1.33138 1.80718 3.01163 2.39985 2.5947 1.3765 1.92413 1.03651 1.86021 1.11008 0.814053 0.689042 1.54336
internal_count=692 528 226 115 71 48 302 294 44 282 111 243 236 223 218 164 100 41 90 177 134 165 80 117 64 129 72 45 42 110
is_linear=0
shrinkage=0.05


Tree=72
num_leaves=31
num_cat=0
split_feature=7 4 10 0 17 27 10 20 11 28 10 24 4 18 10 0 20 10 27 28 10 18 10 4 19 19 17 17 25 20
split_gain=3.95943 2.77873 2.031 2.04425 1.65061 1.33934 1.2644 1.16176 2.0962 0.865483 0.503123 0.327536 0.199869 0.108102 0.0540473 0.0486834 0.00583917 0.00375258 0.00272678 0.00215582 0.00133483 0.000108134 6.52472e-05 7.398e-05 6.4305e-05 2.64654e-05 1.5826e-05 4.43352e-06 3.1469e-06 2.62237e-06
threshold=2.5000000000000004 258.50000000000006 7.8300440311431894 2174036.0000000005 1.0000000180025095e-35 7.5000000000000009 6.4663562774658212 1561.0000000000002 5.3011872768402108 76.500000000000014 5.8186433315277108 2.1184082031250004 799.00000000000011 22528.000000000004 7.4684011936187753 131304.00000000003 88.000000000000014 6.6222393512725839 4.5000000000000009 114.50000000000001 6.5818047523498544 224000.00000000003 7.6989610195159921 4754.5000000000009 14549.333496093752 24288.000000000004 17920.000000000004 768.00000000000011 1.024811923503876 54.000000000000007
decision_type=2 2 2 2 2 2 2 2 2 2 2 2 2 2 2 2 2 2 2 2 2 2 2 2 2 2 2 2 2 2
left_child=1 2 3 5 -3 6 10 13 9 -9 -1 -10 26 -6 20 -15 -17 21 -4 22 24 25 23 -18 28 27 -13 29 -7 -2
right_child=17 4 18 -5 7 14 -8 8 11 -11 -12 12 -14 15 -16 16 19 -19 -20 -21 -22 -23 -24 -25 -26 -27 -28 -29 -30 -31
leaf_value=-0.010057027193343676 -0.050884577435937474 -0.053412165562013982 0.051281492154785335 0.039109556872193654 0.073484446150376595 -0.050725974011086597 0.0099874640162695479 0.012272587809753731 0.017306607179581435 -0.052551914665015104 -0.055460768223551095 0.050697067812070222 0.092154081030614315 0.038006601540157926 -0.06939839121890938 0.057976194748699729 0.051884820680772971 -0.055903852328932163 0.056147280271614232 0.054836133634709495 -0.053703182798794602 -0.051882517794851396 0.050725352331852318 0.051097739919532363 -0.051565876411522854 -0.051236038996148127 0.051112506788063707 -0.051010028720600592 -0.050918841452153765 -0.050750402911075035
leaf_weight=0.99581917002797693 0.59761428181082032 0.57242187298834224 0.64437371585518011 1.4105254858732212 0.6054456420242772 0.73046744707971878 2.9777644136920571 1.027501190081239 0.62977503612637553 1.0320968478918073 1.5753888506442306 1.1484374227002261 0.3664436787366866 0.63023244403302703 0.56007832288742054 0.55989778786897693 0.56965038552880309 0.46586362086236466 0.52050723414868116 0.58754708804190148 0.66891060769557942 0.33901785314083088 0.38682612683624018 0.62732470966875553 0.35071056243032206 0.53941646963357914 0.28641535528004158 0.31054450850933779 0.29768968932330608 0.93221174459904432
leaf_count=12 36 8 33 13 7 52 32 29 13 12 29 85 2 35 3 5 20 8 9 13 12 12 28 30 13 26 15 17 18 65
internal_value=-1.94655e-05 0.00831808 -0.00887979 -0.0164695 0.0287579 -0.0260805 -0.0121909 0.0343192 0.0169021 -0.020212 -0.0378761 0.0483451 0.0591969 0.0540359 -0.0556348 0.050533 0.0534234 -0.0517575 0.0534557 0.0522495 -0.0518704 -0.0510471 0.0512899 0.0514723 -0.0509812 -0.0509281 0.05078 -0.0508378 -0.0507818 -0.0508028
internal_weight=22.9469 19.7623 10.7322 9.56735 9.03002 8.15683 5.54897 8.45759 4.49067 2.0596 2.57121 2.43107 1.8013 3.96692 2.60786 3.36148 2.73125 3.18467 1.16488 2.17135 2.04778 2.7188 1.5838 1.19698 1.37887 2.37979 1.43485 1.84037 1.02816 1.52983
internal_count=692 528 226 184 302 171 73 294 156 41 41 115 102 138 98 131 96 164 42 91 95 156 78 50 83 144 100 118 70 101
is_linear=0
shrinkage=0.05


Tree=73
num_leaves=31
num_cat=0
split_feature=7 27 10 12 5 10 20 12 24 0 5 12 9 10 10 0 10 18 19 19 3 0 17 20 20 24 10 21 11 22
split_gain=3.74922 2.57589 2.26444 1.56855 2.66912 1.03191 0.737756 0.916947 0.690103 0.287521 0.198468 0.128185 0.0133205 0.00323036 0.000599006 0.000561932 0.000216207 9.28702e-05 5.36266e-05 2.27461e-05 1.36319e-05 5.27738e-06 3.80909e-06 2.25255e-06 2.24117e-06 8.7607e-07 8.41105e-07 3.08615e-07 1.7432e-07 9.81182e-08
threshold=2.5000000000000004 8.5000000000000018 7.3105976581573495 3.2052499055862431 77060.500000000015 7.8220438957214364 2977.0000000000005 2.2963551282882695 1.7871448993682864 288644.00000000006 171180.50000000003 2.8014343976974492 4.1499738693237314 6.6222393512725839 6.4184098243713388 769792.00000000012 7.6910860538482675 224000.00000000003 12800.000000000002 24288.000000000004 4.5000000000000009 284696.00000000006 768.00000000000011 54.000000000000007 18723.500000000004 0.99837818741798412 5.9489688873291025 402349.00000000006 6.5211443901062021 3428.727172851563
decision_type=2 2 2 2 2 2 2 2 2 2 2 2 2 2 2 2 2 2 2 2 2 2 2 2 2 2 2 2 2 2
left_child=1 2 3 4 6 11 7 -1 10 -10 -6 12 14 17 18 16 -4 19 25 22 24 -22 23 -2 27 29 -25 -18 -29 -3
right_child=13 5 15 -5 8 -7 -8 -9 9 -11 -12 -13 -14 -15 -16 -17 20 -19 -20 -21 21 -23 -24 26 -26 -27 -28 28 -30 -31
leaf_value=0.023562233798742484 -0.050840740698629198 -0.050663117555298037 0.0519043623122886 -0.043511749809246998 0.071913183270627692 0.018917054975296103 -0.035162188684810698 -0.022972176526075333 0.040915301136401308 0.0014651661376712964 0.045154293920146013 -0.024984241417655439 -0.061367196996108868 -0.055604794928196838 -0.053188467815061063 0.052972850841647295 0.050700957191102472 -0.051788263577212092 -0.051486207647639642 -0.051174655948390615 0.050795617044142538 0.051051679511581641 -0.050959917722705785 -0.050779651366635571 0.050819851758409376 -0.050793721685061202 -0.050677581540474664 0.050640362355006907 0.050681463833558975 -0.050704328070672079
leaf_weight=2.3215484544634872 0.56894607655704044 0.25822148378938459 0.48443093057721842 1.4070244058966626 1.1778030069544914 0.74847282469272602 1.8927807640284298 1.9459478165954349 0.77508532628417004 1.1428971439599989 1.6832460965961216 0.48488683998584736 0.43600077927112568 0.44546624086797226 0.38809104356914748 0.37559088319540013 0.45916595123708281 0.32305586244910944 0.31120116543024778 0.51370875444263209 0.37813760247081507 0.43007037602365017 0.29568223003298033 0.31043513771146536 0.27566299587488163 0.27971005346626043 0.57694469392299652 0.84831465408205964 0.37070122640579939 0.32777545694261789
leaf_count=39 36 20 17 10 33 7 24 33 33 12 19 7 5 8 10 8 34 12 13 26 25 22 17 21 18 19 44 68 28 24
internal_value=-2.32267e-05 0.00813781 0.0163795 0.00618115 0.0125727 -0.0325523 -0.00918077 0.00234288 0.0406134 0.0174076 0.0561701 -0.0480491 -0.0536382 -0.0516719 -0.051485 0.0511419 0.05093 -0.0509952 -0.0509233 -0.0508821 0.0507592 0.0509319 -0.0507963 -0.0507631 0.0506877 -0.0507209 -0.0507133 0.050666 0.0506529 -0.0506862
internal_weight=22.237 19.2028 15.9684 12.3463 10.9393 3.23436 6.16028 4.2675 4.77903 1.91798 2.86105 2.48589 2.001 3.03424 1.565 3.62207 3.24648 2.58877 1.17691 2.26572 2.76205 0.808208 1.75201 1.45633 1.95384 0.865707 0.88738 1.67818 1.21902 0.585997
internal_count=692 528 423 203 193 105 96 72 97 45 52 98 91 164 86 220 212 156 76 144 195 47 118 101 148 63 65 130 96 44
is_linear=0
shrinkage=0.05


Tree=74
num_leaves=31
num_cat=0
split_feature=7 4 10 0 28 5 20 20 22 5 12 10 23 12 28 10 10 28 3 12 21 11 18 3 19 28 19 19 3 2
split_gain=3.54913 2.54489 1.84545 1.84604 1.19112 1.22986 1.20584 1.05113 1.043 1.3928 1.96727 0.504287 0.160201 0.0873879 0.0800191 0.0112892 0.00278079 0.00205293 0.0017741 0.00108014 0.00028255 0.000146433 7.977e-05 4.99272e-05 1.95513e-05 3.75334e-06 3.26349e-06 2.02859e-06 1.36144e-06 9.34659e-07
threshold=2.5000000000000004 258.50000000000006 7.8300440311431894 2174036.0000000005 100.50000000000001 4144.5000000000009 4006.0000000000005 496.00000000000006 149419.96875000003 40976.000000000007 2.3405556678771977 7.0828819274902353 0.96495226025581371 1.6825190186500552 74.500000000000014 7.0505237579345712 6.6222393512725839 75.500000000000014 5.5000000000000009 2.9327437877655034 783768.00000000012 4.4779634475708017 224000.00000000003 4.5000000000000009 24288.000000000004 114.50000000000001 11315.200195312502 4809.6967773437509 7.5000000000000009 17368.000000000004
decision_type=2 2 2 2 2 2 2 2 2 2 2 2 2 2 2 2 2 2 2 2 2 2 2 2 2 2 2 2 2 2
left_child=1 2 3 8 5 -3 7 -6 9 11 -11 17 14 -9 15 -7 22 -1 -4 -15 23 25 24 -17 26 -19 28 -27 -2 -28
right_child=16 4 18 -5 6 12 -8 13 -10 10 -12 -13 -14 19 -16 20 -18 21 -20 -21 -22 -23 -24 -25 -26 27 29 -29 -30 -31
leaf_value=-0.054105120149513103 -0.050743251957041463 -0.011380569618929977 0.055207434966831614 0.037452931879733517 -0.028630487298569863 0.05684108350374667 -0.042715898801734563 0.027682888403681102 -0.062873752471006281 -0.030961073475722623 0.043683677637244726 0.0063677284002191846 0.083517702673692226 0.051424885594451311 0.028996975691768796 0.050638338932038202 -0.055321391792095435 -0.050936464078078551 0.05113705786781092 0.054490547640052192 0.052479454328475818 -0.052019170797266201 -0.051698844617045853 0.051221564872216074 -0.051116374135492172 -0.050671831849821082 -0.050894348802299483 -0.050843830686839446 -0.050620366998468502 -0.050779618119124841
leaf_weight=0.93753425776959076 0.59444255661219381 0.8626952599734049 0.55636910162866005 1.3708222806453703 0.6755090709775694 1.330570692196489 0.9534170776605605 0.49466029554605473 1.5037975534796713 1.872168777510524 1.6700920723378656 0.43449165672063816 0.41557541396468867 0.66803076304495312 0.37788195908069599 1.4219686472788455 0.42585647106170643 0.35053710825741269 0.51595466490834951 0.50417142082005739 0.28373064845800389 0.32065613567829121 0.30781834013760079 0.49457452632486809 0.48919798433780659 0.45047079585492611 0.36209762934595346 0.27674610260874033 0.36305084824562073 0.34823170676827431
leaf_count=17 42 11 14 13 8 23 11 17 14 28 17 10 11 32 22 115 8 21 28 16 12 11 12 24 26 35 22 18 30 24
internal_value=-2.21475e-05 0.00793138 -0.00882172 -0.0160665 0.0281937 0.0431285 0.00468883 0.023984 -0.0254525 -0.016538 0.00423216 -0.0430947 0.054003 0.0453064 0.050865 0.0532054 -0.0515905 -0.0522948 0.0532489 0.0527434 0.0510069 -0.0510812 -0.0509459 0.0507888 -0.0508384 -0.0508021 -0.0507569 -0.0507373 -0.0506967 -0.0508381
internal_weight=21.6331 18.7424 10.2596 9.18732 8.48279 5.187 3.29579 2.34237 7.81649 6.3127 3.54226 2.77044 4.3243 1.66686 3.90873 3.53084 2.8907 2.33594 1.07232 1.1722 2.20027 1.39841 2.46484 1.91654 2.15702 1.07775 1.66782 0.727217 0.957493 0.710329
internal_count=692 528 226 184 302 218 84 73 171 157 45 112 207 65 196 174 164 102 42 48 151 85 156 139 144 74 118 53 72 46
is_linear=0
shrinkage=0.05


Tree=75
num_leaves=31
num_cat=0
split_feature=7 4 0 19 12 28 5 20 12 5 20 19 23 12 28 26 9 0 12 29 19 27 3 19 3 25 0 28 22 12
split_gain=3.36243 2.38021 1.43536 1.26675 1.55549 1.12557 1.18212 1.11814 1.00535 1.97889 0.9852 0.656704 0.142196 0.0909041 0.0837298 0.00969568 0.00228462 0.00125119 0.00093145 0.000263189 4.48622e-05 3.88517e-05 1.64711e-05 3.14491e-06 1.16975e-06 9.75924e-07 8.70342e-07 4.88146e-07 3.70726e-07 8.02839e-08
threshold=2.5000000000000004 258.50000000000006 2174036.0000000005 208384.00000000003 2.3332173824310307 100.50000000000001 4144.5000000000009 4006.0000000000005 2.8961431980133061 40976.000000000007 496.00000000000006 35891.199218750007 0.96495226025581371 1.6825190186500552 74.500000000000014 1.0000000180025095e-35 2.8991600275039677 196248.00000000003 2.9327437877655034 1.0000000180025095e-35 23645.867187500004 8.5000000000000018 4.5000000000000009 11315.200195312502 7.5000000000000009 0.58449867367744457 82688.000000000015 78.500000000000014 191621.25000000003 1.6140123605728152
decision_type=2 2 2 2 2 2 2 2 2 2 2 2 2 2 2 2 2 2 2 2 2 2 2 2 2 2 2 2 2 2
left_child=1 2 3 4 11 6 -3 10 9 -6 -7 16 14 -12 15 -8 21 20 -15 -17 23 -1 28 24 27 -23 -25 -2 -21 -30
right_child=17 5 -4 -5 8 7 12 -9 -10 -11 13 -13 -14 18 -16 19 -18 -19 -20 22 -22 25 -24 26 -26 -27 -28 -29 29 -31
leaf_value=-0.051289121218732275 -0.050747597243969267 -0.010871112061237045 0.037331448704674551 -0.063557389473978945 -0.021244390465052054 -0.027451708371997282 0.05648973336892528 -0.041513634365817606 -0.024469928202350097 0.071717350258515167 0.026726277496761264 -0.011077520002528313 0.081812152801709712 0.051355445444445882 0.028035712366385707 0.052102827517389441 -0.054502616937547946 -0.053204079669465804 0.054270251130520947 0.050661831205009167 -0.051320927853865675 -0.05061031656125934 0.051003973308679187 -0.050862161264155027 -0.050589745516950696 -0.050734492420245636 -0.0507480711597098 -0.050654022758049012 0.050616371767845517 0.050586472244714104
leaf_weight=0.38688620459288914 0.31732118315994673 0.85808857530355265 1.4514093548059452 1.2228002455085514 0.9634149922057994 0.66944802738726217 1.2733509410172708 0.93251741304993618 1.0652337642386553 1.4107548808678982 0.48694821819663037 2.0628861272707582 0.40333983488380898 0.63628804963082053 0.37146360706537951 0.40466891229152713 0.75023809541016806 0.78284552320837963 0.48148027434945107 0.25369090400636185 0.39085333235561837 0.40470300242304802 0.32364918198436488 0.33369376324117184 0.34554841089993715 0.25980306975543499 0.33495129365473986 0.2485295906662941 0.31195046473294474 0.80098302103579044
leaf_count=17 22 11 16 10 30 8 23 11 25 27 17 35 11 32 22 17 13 30 16 20 17 34 18 21 30 19 24 20 26 70
internal_value=-2.35995e-05 0.00777298 -0.00863291 -0.0164569 -0.0085715 0.0277173 0.0425435 0.00459402 0.0158871 0.0339944 0.0235004 -0.0303396 0.0536064 0.0447563 0.0505644 0.0530489 -0.0523948 -0.051513 0.052611 0.0509575 -0.0508413 -0.0508908 0.0506832 -0.0507227 -0.0506622 -0.0506589 -0.050805 -0.0507065 0.0506073 0.0505949
internal_weight=20.9397 18.186 9.97813 8.52672 7.30392 8.20787 5.00119 3.20668 3.4394 2.37417 2.27416 3.86452 4.1431 1.60472 3.73976 3.36829 1.80163 2.75374 1.11777 2.09494 1.9709 1.05139 1.69027 1.58004 0.911399 0.664506 0.668645 0.565851 1.36662 1.11293
internal_count=692 528 226 210 200 302 218 84 82 57 73 118 207 65 196 174 83 164 48 151 134 70 134 117 72 53 45 42 116 96
is_linear=0
shrinkage=0.05


Tree=76
num_leaves=31
num_cat=0
split_feature=7 10 27 8 32 21 8 20 0 5 23 6 0 10 27 10 19 18 0 18 19 19 4 17 0 20 17 10 25 22
split_gain=3.18538 2.2443 2.26772 1.17974 1.84302 2.61999 1.0911 1.25582 1.58146 0.664573 0.1165 0.104147 0.0435101 0.00837607 0.00601353 0.00207254 0.00179367 0.000361606 6.15705e-05 5.84596e-05 1.43779e-05 1.43557e-05 6.62813e-06 2.4209e-06 1.7191e-06 1.43101e-06 6.63338e-07 5.3425e-07 2.01e-07 1.30675e-07
threshold=2.5000000000000004 7.6910860538482675 8.5000000000000018 3.5000000000000004 1.0000000180025095e-35 364938.00000000006 5.5000000000000009 3304.0000000000005 128332.50000000001 555177.50000000012 0.97224506735801708 788529152.00000012 110296.00000000001 6.7673652172088632 8.5000000000000018 6.6222393512725839 29403.428710937504 115456.00000000001 468992.00000000006 224000.00000000003 24288.000000000004 9409.9394531250018 270.50000000000006 768.00000000000011 284696.00000000006 54.000000000000007 14848.000000000002 5.9489688873291025 0.60299062728881847 202240.62500000003
decision_type=2 2 2 2 2 2 2 2 2 2 2 2 2 2 2 2 2 2 2 2 2 2 2 2 2 2 2 2 2 2
left_child=1 2 3 -1 12 6 7 8 -6 14 13 -10 -5 17 18 19 -14 21 22 20 23 28 24 25 -3 -2 29 -27 -4 -24
right_child=15 9 10 4 5 -7 -8 -9 11 -11 -12 -13 16 -15 -16 -17 -18 -19 -20 -21 -22 -23 26 -25 -26 27 -28 -29 -30 -31
leaf_value=-0.020618522904871858 -0.050722013597787274 0.050705662339513097 -0.050584059054112 0.06834512245775369 -0.027373543918261523 0.050301018082547867 -0.053126727187444059 -0.044458906212417132 0.066357932472704939 -0.020631906235440908 -0.024185305568353577 0.03933762681683399 0.051118643456688179 -0.059557040586447701 0.056651046706554922 -0.054805631458495589 0.054771120095213378 -0.052425669518119736 0.051384150669033457 -0.051531071261101839 -0.051007782155113507 -0.051051827585228117 0.050596930543400323 -0.050824302114643172 0.050866334416597506 -0.050669577817857671 0.050662040281902604 -0.050581978932193822 -0.050640399299552913 0.050560193851743311
leaf_weight=2.854143728502101 0.4908242607489226 0.41183409374207314 0.44463230483233862 0.69160050246864413 1.0618825517594821 2.1617965623736382 1.3940923754125831 1.1438769269734619 0.73261890932917573 0.35415061004459847 0.43250578176230181 0.69486149959266186 0.68429697956889846 0.39221515506505955 0.51834454387426365 0.38971156626939762 0.66064314730465412 0.46627534553408623 0.32065552286803711 0.27897904813289631 0.4431512365117668 0.24173606373369694 0.3246158519759772 0.25518834032118309 0.27944006863981485 0.2677469328045845 0.22848855238407861 0.49740730877965689 0.24583248980343342 0.95187930762767792
leaf_count=29 36 31 39 13 15 27 30 15 11 7 8 33 36 5 6 8 12 12 15 12 26 14 28 17 17 21 18 44 20 87
internal_value=-2.11979e-05 0.00760212 -0.00106681 0.00747421 0.0161653 0.00427079 -0.0155226 -0.00109371 0.0188328 0.0441842 -0.0474747 0.0532051 0.0581535 -0.0530998 0.0517469 -0.0514411 0.0529128 -0.0512888 0.0507369 -0.050854 -0.0507573 -0.0507202 0.0506424 -0.0506839 0.0507706 -0.0506554 0.0505836 -0.0506126 -0.0506041 0.0505695
internal_weight=20.3154 17.6924 14.303 12.0798 9.22567 7.18913 5.02733 3.63324 2.48936 3.38941 2.2232 1.42748 2.03654 1.79069 3.03526 2.62301 1.34494 1.39848 2.51691 2.2333 1.95432 0.932201 2.19626 1.51117 0.691274 1.25598 1.50498 0.765154 0.690465 1.2765
internal_count=692 528 319 221 192 131 104 74 59 209 98 44 61 90 202 164 48 85 196 156 144 73 181 118 48 101 133 65 59 115
is_linear=0
shrinkage=0.05


Tree=77
num_leaves=31
num_cat=0
split_feature=7 27 18 19 14 21 0 6 26 20 5 22 23 0 26 28 0 29 0 18 27 19 19 9 19 8 0 28 25 22
split_gain=3.01878 2.02105 1.64244 1.70632 1.39656 1.12423 2.30315 0.835838 0.459269 0.443033 0.430456 0.11914 0.131028 0.0251972 0.0025938 0.00244338 0.000935489 0.000663698 0.000592045 0.000139001 0.000130727 3.29059e-05 2.33329e-05 1.50186e-05 2.32108e-06 8.63949e-07 6.40029e-07 3.60072e-07 1.73289e-07 1.41764e-07
threshold=2.5000000000000004 9.5000000000000018 85248.000000000015 12256.000000000002 1.0000000180025095e-35 311811.00000000006 322852.00000000006 4831838208.000001 1.0000000180025095e-35 2786.0000000000005 4976.0000000000009 130581.10156250001 0.94945970177650463 6513596.0000000009 1.0000000180025095e-35 243.50000000000003 196248.00000000003 1.0000000180025095e-35 406240.00000000006 391424.00000000006 6.5000000000000009 23645.867187500004 10837.333496093752 0.01840079948306084 11315.200195312502 7.5000000000000009 82688.000000000015 78.500000000000014 0.60299062728881847 202543.00000000003
decision_type=2 2 2 2 2 2 2 2 2 2 2 2 2 2 2 2 2 2 2 2 2 2 2 2 2 2 2 2 2 2
left_child=1 2 3 -1 -4 6 7 9 18 15 -7 -12 13 14 -13 17 21 -6 22 29 23 24 28 -19 25 27 -26 -2 -3 -16
right_child=16 8 4 -5 5 10 -8 -9 -10 -11 11 12 -14 -15 19 -17 -18 20 -20 -21 -22 -23 -24 -25 26 -27 -28 -29 -30 -31
leaf_value=0.012361367601529359 -0.050675482611614434 -0.050555250851783744 -0.011514438406424252 -0.057678019285321139 0.053530466364964571 -0.0090412841763639791 -0.05019580286950337 -0.024749908150447308 -0.0044500832944347401 -0.0016295495371188573 0.068810240986509605 0.054553172782048465 0.026882041052499674 0.065231408558364956 0.05056761028453647 0.055354021630394303 -0.052902578242979753 0.051035191421701209 -0.052732716021596716 0.051876421044010294 0.051769130737524142 -0.051191176869214906 -0.051121453219665949 0.050629398385275338 -0.050778786396569298 -0.050532980733801615 -0.050676006877406699 -0.050591048971114827 -0.050608051071373984 0.050529918570154445
leaf_weight=2.2416588691994614 0.28752425871789389 0.42318226490169697 2.2417148351669303 1.4207258531823752 0.39303255453705732 0.28205068502575148 1.0384441744536159 0.50835149362683285 0.77755089104175557 0.44261575862765301 1.1094832345843313 0.69411011785268906 0.52260839100927103 0.44381075166165818 0.38610521610826232 0.59197262488305558 0.71256765164434899 0.49409213196486212 0.60994107276201248 0.2382081914693116 0.6637093648314476 0.35429713129997242 0.2754385769367218 0.42340498045086861 0.30237533524632454 0.31298995297402143 0.30350625980645418 0.22514394111931324 0.24557135626673698 0.70493235252797604
leaf_count=39 22 39 17 24 11 8 14 9 8 13 24 10 34 6 35 15 30 26 15 9 32 17 15 36 21 30 24 20 21 68
internal_value=-1.86465e-05 0.00745243 0.0142514 -0.0148086 0.0237721 0.0326233 0.015232 0.0345495 -0.0358225 0.0445684 0.0507065 0.0548174 0.0496248 0.0544423 0.0520758 0.0525365 -0.0513709 0.0516917 -0.0515185 0.0507822 0.0512346 -0.0507598 -0.0507342 0.0508479 -0.050653 -0.0505984 -0.0507273 -0.0506384 -0.0505746 0.0505433
internal_weight=19.6711 17.1727 14.841 3.66238 11.1786 8.93693 4.55562 3.51718 2.33168 3.00883 4.38131 4.09926 2.98978 2.46717 2.02336 2.56621 2.4984 1.97424 1.55413 1.32925 1.58121 1.78584 0.944192 0.917497 1.43154 0.825658 0.605882 0.512668 0.668754 1.09104
internal_count=692 528 430 63 367 350 156 142 98 133 194 186 162 128 122 120 164 105 90 112 94 134 75 62 117 72 45 42 60 103
is_linear=0
shrinkage=0.05


Tree=78
num_leaves=31
num_cat=0
split_feature=7 27 18 19 28 21 0 2 26 20 5 22 22 18 28 0 0 0 20 27 19 19 9 27 19 3 0 11 11 22
split_gain=2.85991 1.88282 1.53047 1.61496 1.32084 1.05926 2.15247 0.790556 0.454765 0.436665 0.35869 0.109969 0.112044 0.0330066 0.00210077 0.00094179 0.000810434 0.000508438 0.000398961 0.000115851 2.82713e-05 2.00643e-05 1.2903e-05 8.66821e-06 1.99513e-06 7.4245e-07 5.49826e-07 4.9805e-07 1.50251e-07 1.45626e-07
threshold=2.5000000000000004 9.5000000000000018 85248.000000000015 12256.000000000002 2.0000000000000004 311811.00000000006 322852.00000000006 17368.000000000004 1.0000000180025095e-35 2786.0000000000005 5222.0000000000009 130581.10156250001 149206.12500000003 7484160.0000000009 243.50000000000003 504064.00000000006 196248.00000000003 406240.00000000006 88.000000000000014 6.5000000000000009 23645.867187500004 10837.333496093752 0.15775315463542941 5.5000000000000009 11315.200195312502 7.5000000000000009 82688.000000000015 3.4041860103607182 6.7238924503326425 4325.3334960937509
decision_type=2 2 2 2 2 2 2 2 2 2 2 2 2 2 2 2 2 2 2 2 2 2 2 2 2 2 2 2 2 2
left_child=1 2 3 -1 -4 6 7 9 17 14 -7 -12 -13 15 18 23 20 21 -6 22 24 29 -20 28 25 27 -26 -2 -14 -3
right_child=16 8 4 -5 5 10 -8 -9 -10 -11 11 12 13 -15 -16 -17 -18 -19 19 -21 -22 -23 -24 -25 26 -27 -28 -29 -30 -31
leaf_value=0.011720017469387951 -0.050653370623258469 -0.050525328772033473 -0.010973959919955001 -0.057325647901267568 0.053060486563914537 7.0307027425137007e-05 -0.049114123123561566 -0.023729522690972706 -0.0042257412850329346 -0.0015475180124233188 0.067972997073926317 0.026608070118956197 0.050510509779261553 0.068928581609508308 0.055084041418702989 0.052928145589085443 -0.05276510802816016 -0.052595191741545477 0.050993872203443341 0.051702347477846147 -0.051131977257898267 -0.051065972303891219 0.050582007990123329 0.050825174589514403 -0.050740285144914757 -0.050506716909708461 -0.050642645333055583 -0.050551991765118237 0.050557595226659424 -0.050573573834571575
leaf_weight=2.245997988618917 0.26424772199243241 0.35976484976708822 2.2346995025873175 1.3595334170386193 0.3782934639602894 0.33074741251766671 1.0090047512203453 0.50381939858198155 0.77788074314594258 0.44277060404419888 1.0680438457056882 0.46163855493068728 0.9580725850537426 0.30370396375656117 0.56579190772026766 0.60463681071996678 0.67953669652342785 0.58167265728116035 0.45955106150358893 0.7186370212584734 0.3373982086777686 0.26228275895118713 0.32439760211855173 0.28807934653013934 0.2878410629928112 0.29787616711109877 0.28888947702944279 0.22371334675699472 0.20582630578428507 0.27672088332474232
leaf_count=39 21 35 17 24 15 13 14 9 8 13 24 6 96 4 15 12 30 15 25 35 17 15 30 20 21 30 24 21 19 25
internal_value=-1.79702e-05 0.00728034 0.0139101 -0.0143149 0.0232828 0.0321606 0.0150013 0.0340664 -0.0351792 0.044144 0.0500578 0.054308 0.0491361 0.0535422 0.0524127 0.0512701 -0.0513056 -0.0514434 0.0516092 0.0512438 -0.0507222 -0.050698 0.0508234 0.0505796 -0.0506208 -0.0505689 -0.0506914 -0.0506069 0.0505188 -0.0505463
internal_weight=19.1011 16.7216 14.4632 3.60553 10.8577 8.62301 4.40227 3.39326 2.25832 2.88944 4.22075 3.89 2.82196 2.36032 2.44667 2.05662 2.3795 1.48044 1.88088 1.50259 1.69997 0.898768 0.783949 1.45198 1.36257 0.785837 0.576731 0.487961 1.1639 0.636486
internal_count=692 528 430 63 367 350 156 142 98 133 194 181 157 151 120 147 164 90 105 90 134 75 55 135 117 72 45 42 115 60
is_linear=0
shrinkage=0.05


Tree=79
num_leaves=31
num_cat=0
split_feature=7 4 18 0 18 3 17 4 5 5 32 33 26 5 0 19 11 32 0 26 18 19 19 25 11 0 19 28 9 3
split_gain=2.7095 2.0327 1.24142 1.76299 1.59941 1.25574 1.21519 0.873994 0.850868 0.527212 0.515227 0.450664 1.18833 0.0695205 0.00543721 0.00353555 0.00148218 0.0010067 0.000701885 0.000326564 0.000171973 2.42917e-05 1.5801e-05 1.13099e-05 9.90304e-06 7.15527e-06 1.71511e-06 1.1271e-06 8.27365e-07 6.38055e-07
threshold=2.5000000000000004 258.50000000000006 85248.000000000015 239580.00000000003 361728.00000000006 5.5000000000000009 1.0000000180025095e-35 280.50000000000006 57463.000000000007 40976.000000000007 1.0000000180025095e-35 1.5000000000000002 1.0000000180025095e-35 4624.5000000000009 96041.000000000015 125376.00000000001 4.5155827999114999 2.5000000000000004 196248.00000000003 1.0000000180025095e-35 52480.000000000007 23645.867187500004 7526.4001464843759 1.4365971684455874 3.9012377262115483 47936.000000000007 11315.200195312502 70.500000000000014 1.3162556290626528 7.5000000000000009
decision_type=2 2 2 2 2 2 2 2 2 2 2 2 2 2 2 2 2 2 2 2 2 2 2 2 2 2 2 2 2 2
left_child=1 2 9 10 -5 -6 -3 11 -9 17 -4 13 -13 -8 -15 19 -14 -1 21 -16 22 26 25 -18 -21 -19 29 -25 -26 -2
right_child=18 6 3 4 5 -7 7 8 -10 -11 -12 12 16 14 15 -17 23 20 -20 24 -22 -23 -24 27 28 -27 -28 -29 -30 -31
leaf_value=-0.053599593694704496 -0.050576951503579395 -0.050564439284603371 0.078345849705702797 -0.055251256394002315 -0.022561140796083401 0.037544277585310197 0.075171840176876753 -0.023793302073977333 0.043665308793368947 0.0038510674480609804 0.021857829141082339 -0.028540333531980523 0.054706714407735224 0.058743286612049611 0.052257402727095725 0.056833759993841521 0.050890920401505418 -0.050853757504236201 -0.05263397014376308 0.050909338462303194 -0.052085408357670997 -0.051075772325110708 -0.051122428200862741 0.050497575479993277 0.050490191049338606 -0.050533058432614256 -0.050657247864849944 0.050624729408051107 0.050622411410073037 -0.050481759680043807
leaf_weight=0.57139322161675066 0.46443076990544729 0.47395591251552005 0.7449348224326966 1.5067275986075399 1.8025825992226603 1.6778266280889509 0.45809558127075467 1.1415592432022093 0.79157139733433712 0.54879175592213858 0.88115498702973127 0.67207119427621398 0.26771653816103924 0.43769111298024688 0.57766308262944199 0.37320962548255909 0.27374993357807376 0.26974491775035836 0.64796516112983216 0.33178737759590149 0.32315205223858356 0.32128737028688181 0.22697700001299381 0.74779342301189899 0.24818689376115799 0.48964831046760082 0.54896333906799555 0.2272381978109479 0.22610231675207615 0.28348512575030327
leaf_count=10 42 8 23 23 16 32 5 14 39 11 21 11 6 6 21 4 21 18 30 24 10 17 14 77 26 48 45 20 20 30
internal_value=-1.7368e-05 0.0071082 -0.00870409 0.00252503 -0.0122163 0.00641432 0.0268353 0.0322503 0.00382941 -0.0392677 0.0477358 0.0435988 0.0268037 0.0574551 0.0537571 0.0525149 0.0513307 -0.0518484 -0.0512434 0.05135 -0.0510843 -0.0506866 -0.0507564 0.0506069 0.0506998 -0.050647 -0.0505901 0.0505272 0.0505532 -0.0505409
internal_weight=18.5575 16.2913 9.04293 6.61323 4.98714 3.48041 7.24839 6.77444 1.93313 2.42971 1.62609 4.84131 2.18857 2.65274 2.19464 1.75695 1.5165 1.88092 2.26613 1.38374 1.30952 1.61817 0.98637 1.24878 0.806077 0.759393 1.29688 0.975032 0.474289 0.747916
internal_count=692 528 226 115 71 48 302 294 53 111 44 241 135 106 101 95 124 100 164 91 90 134 80 118 70 66 117 97 46 72
is_linear=0
shrinkage=0.05


Tree=80
num_leaves=31
num_cat=0
split_feature=10 27 17 25 12 18 25 6 12 10 11 25 25 10 18 10 11 27 9 10 10 21 5 3 32 11 5 11 20 25
split_gain=2.617 1.38365 1.03422 1.27199 1.30928 1.90727 1.762 1.47993 0.954581 0.920929 0.682487 0.434892 0.39498 0.388145 0.101762 0.0165476 0.0146553 0.00567913 0.00302506 0.000757786 0.000373251 0.000112603 7.15642e-05 2.51055e-05 1.7817e-05 1.42276e-05 6.27575e-06 5.62944e-06 7.03076e-07 1.48681e-07
threshold=7.3105976581573495 8.5000000000000018 5376.0000000000009 0.63633653521537792 3.2052499055862431 345088.00000000006 1.1902375817298891 4831838208.000001 1.482320308685303 6.4869177341461191 3.3795642852783208 0.99957478046417247 1.1408290266990664 5.6330096721649179 99072.000000000015 6.424281358718873 4.1744713783264169 8.5000000000000018 2.3818914890289311 6.6711206436157235 7.4684011936187753 784056.00000000012 58841.500000000007 4.5000000000000009 1.0000000180025095e-35 3.1258943080902104 5333.0000000000009 3.9481666088104252 17611.000000000004 1.3778948187828066
decision_type=2 2 2 2 2 2 2 2 2 2 2 2 2 2 2 2 2 2 2 2 2 2 2 2 2 2 2 2 2 2
left_child=1 2 3 13 5 6 7 9 -2 10 -5 14 -13 -1 -11 25 -16 20 -8 22 -10 23 27 28 -25 26 -15 -3 29 -22
right_child=8 19 -4 4 -6 -7 18 -9 17 11 -12 12 -14 15 16 -17 -18 -19 -20 -21 21 -23 -24 24 -26 -27 -28 -29 -30 -31
leaf_value=0.0043219082946316561 -0.0051380220747682878 -0.050497674267878816 -0.054441512570161013 0.03370758213006423 -0.043743781042564864 0.051759255867633636 -0.051899022629872241 -0.053477333668539288 0.053111328038153188 0.07264743958774976 -0.026397381384864489 -0.014908767852533884 0.051706847858944131 -0.050828839896134674 0.039865557487650943 -0.063015359774348523 0.052984919799281195 0.056996983646523315 -0.056855344753520824 -0.053227582021157654 0.050509141759804879 0.051773756844917251 -0.051389419080312831 0.050615517351889065 0.051099664932344663 -0.051109505052617556 -0.050492731121973146 -0.050763868925193689 0.050575974917978862 0.050460231162707481
leaf_weight=0.3557720612734564 0.99239923246204798 0.66243743058293947 0.9392724549397834 0.78145299199968388 1.1377967447042454 2.3556161224842072 0.70589052513241746 0.7399917747825383 0.18490180000662881 0.72450744360685371 1.1938153402879832 0.49079523980617512 0.40707891527563334 0.25598671194165923 0.37841116730123758 0.4238534951582551 0.48658671788871288 0.46756053715944279 0.54598033148795366 0.42911611963063467 0.19669969100505136 0.24684801883995522 0.38055285811424255 0.37605563830584277 0.38414580281823874 0.23583754431456327 0.30359056498855352 0.2836596118286252 0.19009331706911325 0.73962737154215574
leaf_count=10 38 69 17 34 9 25 34 19 4 8 24 20 21 17 25 4 17 5 13 9 20 9 17 32 22 15 32 23 18 82
internal_value=-1.66639e-05 -0.0098457 -0.00399107 0.000121298 0.00673141 0.0132501 -0.000804068 0.0120106 0.0369703 0.0228698 -0.00261874 0.0431107 0.0152935 -0.041628 0.0588239 -0.0550358 0.0472456 0.0519701 -0.0540606 -0.0514012 0.0509563 0.0507695 -0.0508104 0.0506381 0.0508602 -0.0507838 -0.0506465 -0.0505775 0.0504883 0.0504705
internal_weight=17.9963 14.218 12.4622 11.523 9.94792 8.81013 6.45451 5.20264 3.77833 4.46265 1.97527 2.48738 0.897874 1.57504 1.58951 1.21927 0.864998 2.78593 1.25187 1.75577 2.31837 2.13347 1.32665 1.88662 0.760201 0.795415 0.559577 0.946097 1.12642 0.936327
internal_count=692 462 344 327 249 240 215 168 230 149 58 91 41 78 50 68 42 192 47 118 187 183 109 174 54 64 49 92 120 102
is_linear=0
shrinkage=0.05


Tree=81
num_leaves=31
num_cat=0
split_feature=7 4 18 0 0 17 23 18 21 0 5 12 18 5 21 23 3 0 23 0 11 27 19 3 19 3 11 0 25 24
split_gain=2.48549 1.87718 1.11669 1.62606 1.4384 1.08477 0.99974 0.795658 0.786874 0.575867 0.490897 0.490624 0.0746019 0.0430723 0.0147953 0.00345505 0.000560783 0.000534408 0.000353908 0.000182886 6.29831e-05 5.51585e-05 1.89288e-05 6.51175e-06 1.39347e-06 4.82743e-07 3.39288e-07 2.99322e-07 9.77307e-08 9.02444e-08
threshold=2.5000000000000004 258.50000000000006 85248.000000000015 239580.00000000003 2174036.0000000005 1.0000000180025095e-35 0.93412640690803539 360960.00000000006 341395.00000000006 63668.000000000007 40976.000000000007 2.8450480699539189 44288.000000000007 5104.0000000000009 111069.00000000001 0.074218750000000014 5.5000000000000009 196248.00000000003 0.91615512967109691 194896.00000000003 4.5155827999114999 9.5000000000000018 23645.867187500004 4.5000000000000009 11315.200195312502 7.5000000000000009 3.4041860103607182 82688.000000000015 0.59235385060310375 3.1000306606292729
decision_type=2 2 2 2 2 2 2 2 2 2 2 2 2 2 2 2 2 2 2 2 2 2 2 2 2 2 2 2 2 2
left_child=1 2 10 11 7 -3 9 -5 -8 -7 16 -4 -11 -14 -15 -16 -1 22 19 -17 -21 -18 24 29 25 26 -2 -26 -23 -22
right_child=17 5 3 4 -6 6 8 -9 -10 12 -12 -13 13 14 15 18 21 -19 -20 20 23 28 -24 -25 27 -27 -28 -29 -30 -31
leaf_value=-0.052591060518230329 -0.050567489585187357 -0.048922204758157617 0.02053321392446324 -0.058772535990806785 0.0333332636494139 -0.0030532257794260369 -0.029204828486174329 -0.0098446575676476161 0.036006322090711917 0.069116487068279289 0.0030552657917209541 0.076993878579570435 0.033155328876221822 0.040378215797988531 0.055991197862165255 0.052123473147567913 -0.051297035538634295 -0.052387109673089877 0.052774561010184386 0.051181127126171538 0.050481434020950268 -0.050452659974800529 -0.050987643947381048 0.050718889536135063 -0.050641878337062365 -0.05043976321872036 -0.050477708959778038 -0.050564835510706951 -0.05049750422035857 0.050442772241743608
leaf_weight=0.8776989784091731 0.22996212355792456 0.44421699270605941 0.82850874168798305 1.3545703599229457 1.2710073944181202 0.55315127968788136 0.99571689683943965 2.149339179508388 0.86399420537054539 0.51813269220292602 0.53638887125998724 0.71839534770697355 0.39175556600093875 0.30706062680110369 0.44418375939130816 0.27367655746638808 0.32772199809551239 0.6103351586498319 0.29762301966547955 0.53116078302264202 0.19652312994003274 0.32864088844507933 0.29495981894433487 0.31214211694896221 0.25071385316550732 0.25895929709076881 0.19400959881022573 0.25358535349369049 0.19275358971208334 0.65069885458797216
leaf_count=27 21 8 24 19 16 5 13 36 39 7 11 20 26 27 5 11 16 30 10 32 21 37 17 23 21 30 21 24 20 75
internal_value=-1.89839e-05 0.00694331 -0.00858775 0.00220186 -0.0122315 0.0266091 0.0319047 -0.0287596 0.00109131 0.0447069 -0.0387264 0.046754 0.0514413 0.0487515 0.0507793 0.0519596 -0.0517048 -0.0511419 0.0511678 0.0509244 0.0507302 -0.0507887 -0.0506292 0.0505237 -0.0505401 -0.0504936 -0.0505264 -0.0506031 -0.0504692 0.0504517
internal_weight=17.4576 15.3651 8.58503 6.32182 4.77492 6.78004 6.33582 3.50391 1.85971 4.47611 2.2632 1.5469 3.92296 3.40482 3.01307 2.70601 1.72682 2.09253 2.26182 1.9642 1.69052 0.849116 1.48219 1.15936 1.18723 0.682931 0.423972 0.504299 0.521394 0.847222
internal_count=692 528 226 115 71 302 294 55 52 242 111 44 237 230 204 177 100 164 172 162 151 73 134 119 117 72 42 45 57 96
is_linear=0
shrinkage=0.05


Tree=82
num_leaves=31
num_cat=0
split_feature=7 10 4 0 22 12 18 20 22 32 32 11 0 33 12 0 19 10 28 0 10 19 19 10 28 4 19 19 32 0
split_gain=2.35495 1.79517 1.67813 1.17335 0.894331 0.979764 1.1888 0.836876 1.12995 0.72116 0.61438 0.581041 0.00886946 0.00674796 0.00316316 0.00311395 0.00100014 0.000891537 0.000567633 0.000160891 0.000101261 4.73578e-05 7.43949e-06 4.09581e-06 3.88445e-06 2.36396e-06 1.09959e-06 1.00045e-06 4.45504e-07 2.10614e-07
threshold=2.5000000000000004 7.8300440311431894 258.50000000000006 2174036.0000000005 149419.96875000003 2.7801418304443364 432128.00000000006 4006.0000000000005 115408.53125000001 1.5000000000000002 1.5000000000000002 4.6173899173736581 94740.000000000015 2.5000000000000004 3.1821014881134038 553848.00000000012 20352.000000000004 6.6374311447143564 408.00000000000006 288644.00000000006 6.3354051113128671 44714.666015625007 24288.000000000004 7.0746397972106942 108.00000000000001 270.50000000000006 11315.200195312502 5256.5332031250009 1.0000000180025095e-35 83900.000000000015
decision_type=2 2 2 2 2 2 2 2 2 2 2 2 2 2 2 2 2 2 2 2 2 2 2 2 2 2 2 2 2 2
left_child=1 2 3 4 5 6 10 9 -9 12 -1 -11 -4 16 19 18 20 21 25 23 24 22 26 -14 -12 -3 28 -26 -2 -28
right_child=17 15 7 -5 -6 -7 -8 8 -10 11 13 -13 14 -15 -16 -17 -18 -19 -20 -21 -22 -23 -24 -25 27 -27 29 -29 -30 -31
leaf_value=-0.0026790557761526236 -0.050530031982656487 0.050590859456204076 0.060229303260748393 0.030858274094625455 -0.06053197643095426 0.020922855006336935 0.04063779878916722 -0.046326301567672652 0.034875267045681856 -0.013259996858585969 -0.050741587468788631 0.044766183053709302 0.050841276637984247 -0.058774068185848162 0.056167895387516459 0.056105729062274068 -0.053266210345100484 -0.053901062046928773 0.053194807359059397 0.052011189488917912 -0.051610223671080729 -0.051260885618263585 -0.050788540351117496 0.050580289217114577 -0.05045659464396534 0.050443188724529187 -0.050602741767342245 -0.050599867976183301 -0.050441058575529253 -0.05053691608190395
leaf_weight=0.82079486735165019 0.20596098061651058 0.37427625432610578 0.55198366940021593 1.1697665639221666 1.3050408381968734 1.4317429009824989 0.53926950320601452 0.90278803929686524 0.81533893011510372 1.0294546065852044 0.25048642791807674 0.74263975583016861 0.25496513117104747 0.42748243827372778 0.46824914962053299 0.34610226936638344 0.71948435809463251 0.24664821848273266 0.22515251487493504 0.36400994658470154 0.33822056464850903 0.30040457332506765 0.30886704055592407 0.36630088603124022 0.36786051653325558 0.9822897226549685 0.23456809297204018 0.18218885641545057 0.44396796869114041 0.25213277013972402
leaf_count=16 20 34 4 13 14 18 6 16 37 32 19 26 16 8 5 6 17 6 4 14 14 16 24 36 42 114 21 17 52 25
internal_value=-2.12159e-05 0.00677314 0.000119075 -0.0151771 -0.0236142 -0.0141255 -0.0278894 0.0211393 -0.00779201 0.0342979 -0.0397852 0.0110573 0.0548335 -0.0531099 0.0527844 0.0518098 -0.0518069 -0.0510872 0.0508698 0.0511765 -0.0508848 -0.0506897 -0.0505709 0.0506874 -0.0505784 0.0504839 -0.0505118 -0.0505041 -0.0504693 -0.0505686
internal_weight=16.9684 14.9759 13.0481 7.55234 6.38257 5.07753 3.64579 5.49573 1.71813 3.7776 3.10652 1.77209 2.00551 2.28572 1.45353 1.92782 1.85824 1.99255 1.58172 0.985276 1.13876 1.7459 1.4455 0.621266 0.800536 1.35657 1.13663 0.550049 0.649929 0.486701
internal_count=692 528 370 184 171 157 139 186 53 133 133 58 75 117 71 158 109 164 152 66 92 158 142 52 78 148 118 59 72 46
is_linear=0
shrinkage=0.05


Tree=83
num_leaves=31
num_cat=0
split_feature=10 18 27 7 19 27 21 2 19 18 6 10 27 33 10 10 0 23 22 10 18 10 17 19 25 19 3 20 19 22
split_gain=2.24915 1.62003 1.40356 1.61425 1.74123 1.35532 1.32059 1.63414 1.26848 1.53809 0.324985 0.211059 0.00413916 0.00103247 0.000919395 0.000729793 0.00024982 0.000105349 6.20981e-05 2.97719e-05 2.72857e-05 1.51992e-05 6.99577e-06 5.67693e-06 2.76951e-06 8.44337e-07 5.45101e-07 4.90256e-07 4.62671e-07 1.84083e-07
threshold=7.3105976581573495 3128832.0000000005 7.5000000000000009 2.5000000000000004 176640.00000000003 18.500000000000004 311811.00000000006 17368.000000000004 47978.666015625007 90368.000000000015 276824064.00000006 6.0506339073181161 8.5000000000000018 1.0000000180025095e-35 6.6276571750640878 6.6222393512725839 769792.00000000012 0.76428222656250011 14838.856933593752 7.6910860538482675 177152.00000000003 6.6439590454101571 17920.000000000004 24288.000000000004 0.94791331887245189 11315.200195312502 7.5000000000000009 729.00000000000011 8390.3999023437518 17956.571289062504
decision_type=2 2 2 2 2 2 2 2 2 2 2 2 2 2 2 2 2 2 2 2 2 2 2 2 2 2 2 2 2 2
left_child=1 2 3 4 6 10 7 8 9 -1 12 -11 16 -13 18 20 19 21 28 -2 23 -15 24 25 27 26 -5 -21 -4 -27
right_child=5 -3 14 15 -6 -7 -8 -9 -10 11 -12 13 -14 17 -16 -17 -18 -19 -20 22 -22 -23 -24 -25 -26 29 -28 -29 -30 -31
leaf_value=-0.000374468614299452 0.051099166027729431 0.074363850233964329 -0.050418756241197848 -0.050501194539986374 -0.048715174078648116 -0.064495296595013726 0.05831932863456845 -0.053176724517368261 -0.039409791156524182 0.093837369873973495 -0.00065637672677237293 0.054314097123487184 0.05564446863978028 0.051121657823421034 -0.052995887068309655 -0.05346631218718826 0.052322735816298871 0.051945394423998564 -0.051137461503364803 0.050513942072681686 -0.051151426603964739 0.05067102717914114 0.050752363115558689 -0.050778723439861888 0.050416161044231703 -0.050583425428412723 -0.050397806231149471 0.050619954689921476 -0.050513100117720477 -0.050516477717792718
leaf_weight=2.3838821155950392 0.2320143496617687 0.55210795998573381 0.54736314620822779 0.29113011155277557 1.3916762117296455 0.30435844510793675 1.2851486131548879 1.0826071565970776 0.8996635042130946 0.38057458773255337 0.3321104235947131 0.34763293527066697 0.53394487500190724 0.32709914725273825 0.70455915387719859 0.27632990293204773 0.22522558644413937 0.31919290125370026 0.57807527482509613 0.2270017135888337 0.22800225857645262 0.43725624633952975 0.23280250839889038 0.22416039556264877 1.1047529522329567 0.21756249247118831 0.22681376244872808 0.20989027060568333 0.17041066475212574 0.19445087155327201
leaf_count=33 14 4 67 30 15 2 13 29 9 10 6 6 7 20 16 7 6 17 34 23 13 36 18 16 136 20 29 18 18 20
internal_value=-2.63622e-05 -0.00945543 -0.0131536 -0.00584916 0.00262997 0.0361858 0.0122046 0.00261163 0.0144651 0.0260174 0.0460778 0.0607434 0.0516899 0.0519431 -0.0515422 -0.0511206 0.0507438 0.0511825 -0.0507518 0.0505665 -0.0506516 0.0508639 0.0504969 -0.0505529 0.0504583 -0.0504984 -0.0504559 0.0505649 -0.0504412 -0.0505518
internal_weight=16.4678 13.0657 12.5136 10.5132 8.85473 3.4021 7.46306 6.17791 5.0953 4.19564 3.09774 1.81176 2.76563 1.43118 2.00041 1.65845 2.23169 1.08355 1.29585 2.00646 1.38212 0.764355 1.77445 1.15412 1.54164 0.929957 0.517944 0.436892 0.717774 0.412013
internal_count=692 462 458 323 188 230 173 160 131 122 228 89 222 79 135 135 215 73 119 209 128 56 195 115 177 99 59 41 85 40
is_linear=0
shrinkage=0.05


Tree=84
num_leaves=31
num_cat=0
split_feature=7 4 24 25 12 24 17 23 20 25 0 14 5 4 5 5 20 3 0 24 12 12 19 24 19 19 32 0 23 21
split_gain=2.11627 1.54253 1.02614 1.33978 1.4548 2.20642 0.965793 0.909406 0.71565 0.696739 0.545762 0.394514 0.105123 0.0663803 0.0486892 0.0146276 0.00239379 0.000641658 0.000342954 0.000125945 2.06462e-05 1.53195e-05 1.18941e-05 3.90229e-06 1.9272e-06 8.83961e-07 3.29188e-07 1.89196e-07 1.18892e-07 3.3818e-08
threshold=2.5000000000000004 258.50000000000006 4.0291795730590829 0.99957478046417247 3.2052499055862431 0.99648618698120128 1.0000000180025095e-35 0.93412640690803539 11308.500000000002 0.6642267405986787 63668.000000000007 1.5000000000000002 11284.000000000002 280.50000000000006 4340.5000000000009 138906.50000000003 88.000000000000014 10.500000000000002 196248.00000000003 0.99833166599273693 2.5452164411544804 3.0606482028961186 23645.867187500004 1.5220588445663454 2935.466674804688 11315.200195312502 1.0000000180025095e-35 82688.000000000015 0.032348632812500007 774176.00000000012
decision_type=2 2 2 2 2 2 2 2 2 2 2 2 2 2 2 2 2 2 2 2 2 2 2 2 2 2 2 2 2 2
left_child=1 2 3 4 5 17 -3 10 -9 -7 -8 -11 -5 14 -12 -14 -16 -1 22 -18 23 -22 25 -21 -19 26 -2 -27 -28 -25
right_child=18 6 -4 12 -6 9 7 8 -10 11 13 -13 15 -15 16 -17 19 24 -20 20 21 -23 -24 29 -26 27 28 -29 -30 -31
leaf_value=-0.053151194110395816 -0.050479106492737805 -0.048257787505044697 0.035046208186513668 -0.029465406523953182 -0.051967064706206136 0.073781271713914798 -0.0034517292067430387 -0.02607790001704012 0.039220846163750774 -0.0077812491581872928 0.070073528104784885 0.040062887818632389 -0.049821540727202351 0.037143576913946624 0.055092095159584055 -0.059435498678462984 0.051572346023017662 -0.050635205780207061 -0.052054208415795833 0.050628153354682029 0.051019475620908854 0.050518214087693018 -0.050846267774793535 0.050396449768097928 -0.050423662653163032 -0.050551399381768808 -0.050376922611823555 -0.050485425544325439 -0.05043262581925733 0.050369654450640899
leaf_weight=0.47855322062969063 0.18654497014358706 0.41693102102726687 1.1754491343162952 0.54809255851432714 1.0585597055032847 0.8959662853740159 0.5340251326560973 1.0362409409135578 0.70510986214503635 0.75230434536933888 0.41628076229244548 1.0084276422858236 0.75415243487805106 0.70662913657724846 0.39301107451319728 0.83228805661201477 0.4324672482907771 0.18394578760489821 0.52889169333502639 0.23273984901607014 0.38993622735142708 0.2502436344511807 0.25424242112785567 0.51259694434702396 0.25961740175262094 0.21611069841310382 0.24456437444314361 0.21858227113261819 0.1574725448153913 0.15286903455853462
leaf_count=9 20 8 27 17 14 16 5 15 37 18 5 32 32 39 5 12 26 17 30 20 27 28 17 66 32 21 33 24 19 21
internal_value=-2.49706e-05 0.00649132 -0.0080774 -0.0155627 -0.000474131 0.0147567 0.0252292 0.0305465 0.000362947 0.0378862 0.0436185 0.0196206 -0.0483432 0.0508277 0.0543057 -0.0548653 0.051529 -0.0518814 -0.0509835 0.0508185 0.0506066 0.0508235 -0.0505402 0.0504519 -0.0505114 -0.0504641 -0.0504242 -0.0505182 -0.0503987 0.0503903
internal_weight=15.9328 14.1264 7.94736 6.77191 4.63737 3.57881 6.17908 5.76215 1.74135 2.6567 4.0208 1.76073 2.13453 3.48677 2.78014 1.58644 2.36386 0.922116 1.80641 1.97085 1.53839 0.64018 1.27752 0.898206 0.443563 1.02327 0.588582 0.434693 0.402037 0.665466
internal_count=692 528 226 199 138 124 302 294 52 66 242 50 61 237 198 44 193 58 164 188 162 55 134 107 49 117 72 45 52 87
is_linear=0
shrinkage=0.05


Tree=85
num_leaves=31
num_cat=0
split_feature=10 7 27 27 12 5 25 19 19 9 11 24 28 28 27 10 10 11 10 18 19 5 10 17 19 4 17 5 21 11
split_gain=2.06486 1.3884 1.39289 1.21827 1.11485 1.78292 0.709867 0.488538 1.37475 0.45073 0.937441 0.831208 0.162711 0.0298676 0.00252972 0.000569915 0.000470116 0.000462452 0.000283486 0.000102313 5.5288e-05 3.23496e-05 1.43323e-05 5.814e-06 4.75484e-06 1.92655e-06 1.21051e-06 5.28728e-07 4.19949e-07 2.29589e-07
threshold=7.3105976581573495 2.5000000000000004 8.5000000000000018 18.500000000000004 3.2052499055862431 77060.500000000015 0.6642267405986787 120448.00000000001 46122.666015625007 3.4144024848937993 3.5896848440170293 0.99915826320648204 275.50000000000006 110.50000000000001 7.5000000000000009 6.6374311447143564 6.6711206436157235 5.1032323837280282 7.4684011936187753 662016.00000000012 13781.333496093752 98512.000000000015 6.6439590454101571 17920.000000000004 30193.778320312504 264.50000000000006 1280.0000000000002 10142.500000000002 92079.000000000015 2.8339161872863774
decision_type=2 2 2 2 2 2 2 2 2 2 2 2 2 2 2 2 2 2 2 2 2 2 2 2 2 2 2 2 2 2
left_child=1 2 4 12 5 9 -7 8 13 10 11 -1 14 -8 18 21 20 22 -2 23 27 24 -15 25 26 -20 28 -4 29 -3
right_child=3 15 16 -5 -6 6 7 -9 -10 -11 -12 -13 -14 17 -16 -17 -18 -19 19 -21 -22 -23 -24 -25 -26 -27 -28 -29 -30 -31
leaf_value=-0.029957696511404369 0.052448236294548305 -0.050356071704192699 -0.050383872739774252 -0.062889025021098874 -0.042560355210033228 0.081079719556879704 0.033511050909121043 0.058366864483253324 -0.040845454360920672 0.013036362283619761 -0.04655581559622584 0.042058661326308262 0.020372323894282687 0.051083370583691549 0.055958320063471657 -0.053345029526686454 -0.052873219506930351 0.053264513940653083 0.050517997280620779 0.051656362939200479 -0.051200106186615024 -0.051095670163028573 0.050557101983225106 0.050690489403484508 -0.050716814103311018 0.050384611216793031 -0.050566421237610348 -0.050493461252516816 -0.05048833813483971 -0.050420497734497298
leaf_weight=0.77422474604099478 0.228828026913109 0.1894653155468411 0.37595448317006297 0.28318764269351948 1.1213881000876416 0.74922294169664416 0.31156196678057335 0.81501123681664456 0.74299448914825905 1.5445745326578615 1.6261492669582365 0.83042635396122932 0.51590396091341961 0.23807667847722769 0.26669651269912709 0.21487641148269165 0.36246739700436592 0.29878761805593967 0.36183636169880617 0.19848674535751332 0.38949100719764829 0.26334290020167817 0.28334113769233227 0.22703140135854472 0.18852210184559215 1.0748636457137761 0.16980527574196458 0.15562286926433444 0.18196260603144765 0.51188798760995269
leaf_count=19 6 27 50 2 10 5 17 12 10 17 35 25 11 16 4 6 8 9 37 7 20 16 28 19 16 144 16 17 20 63
internal_value=-2.84566e-05 -0.00926032 -0.00251064 0.0360562 0.00420379 0.0105878 0.0380375 0.0260483 0.0119985 -0.0091801 -0.0198013 0.00731164 0.0458069 0.04669 0.0513724 -0.0509362 -0.0513478 0.0516961 0.0507874 0.0505834 -0.0507475 -0.0505923 0.0507974 0.0504554 -0.0504856 0.0504182 -0.0504442 -0.050416 -0.0504207 -0.0504031
internal_weight=15.496 12.3392 10.6193 3.15683 9.33576 8.21437 3.439 2.68977 1.87476 4.77537 3.2308 1.60465 2.87365 1.13177 2.35774 1.71986 1.28354 0.820205 2.09105 1.86222 0.921068 1.50499 0.521418 1.66373 1.24164 1.4367 1.05312 0.531577 0.883316 0.701353
internal_count=692 462 298 230 203 193 97 92 80 96 79 44 228 70 217 164 95 53 213 207 87 158 44 200 142 181 126 67 110 90
is_linear=0
shrinkage=0.05


Tree=86
num_leaves=31
num_cat=0
split_feature=10 27 18 19 11 5 12 23 10 20 28 28 10 25 23 22 27 10 23 4 6 14 18 19 18 19 4 24 20 9
split_gain=1.9434 1.20794 0.834804 1.05876 1.18725 0.860224 0.835711 0.931759 0.917063 0.863854 0.596782 0.541771 0.433516 0.273174 0.558494 0.00639912 0.00240363 0.000909137 0.000876585 0.00050491 0.000323878 0.000115157 8.76272e-05 4.15312e-05 2.53875e-05 9.22681e-06 5.51341e-06 4.83298e-06 2.28782e-06 1.23891e-06
threshold=7.6910860538482675 9.5000000000000018 89344.000000000015 11724.799804687502 4.6926512718200692 32958.500000000007 3.2052499055862431 0.63830566406250011 6.4751358032226571 3304.0000000000005 117.50000000000001 448.00000000000006 5.4867429733276376 0.6642267405986787 0.12500000000000003 14623.000000000002 8.5000000000000018 6.6711206436157235 0.84023436903953563 264.50000000000006 142606336.00000003 1.0000000180025095e-35 662016.00000000012 125376.00000000001 145152.00000000003 13781.333496093752 270.50000000000006 2.7689521312713627 5786.0000000000009 1.5658527612686159
decision_type=2 2 2 2 2 2 2 2 2 2 2 2 2 2 2 2 2 2 2 2 2 2 2 2 2 2 2 2 2 2
left_child=1 2 3 4 5 12 7 10 -9 -10 13 16 -1 -4 -15 -5 22 23 21 -16 -17 -14 27 25 29 -3 -23 28 -2 -21
right_child=11 17 6 15 -6 -7 -8 8 9 -11 -12 -13 18 14 19 20 -18 -19 -20 24 -22 26 -24 -25 -26 -27 -28 -29 -30 -31
leaf_value=0.021765602217596658 0.050477879591412284 -0.050389767622216156 0.070103426277859204 -0.058868679639330179 0.05839301090240983 0.045233902300053919 -0.029561013685321564 -0.054301879251415969 0.052531786568592267 -0.014166089975083099 -0.0068804894737421411 -0.022714373246434157 -0.051814381743674878 -0.0077247640200891867 0.052771732785254981 -0.051033471736274406 0.055481702204984856 -0.053419471566076099 -0.053828384346081982 0.050674261414693805 -0.052897222406305427 -0.050701649916856599 0.051573481466172244 -0.051346433931154213 0.051210185233510702 -0.050773104390066971 -0.05037262107194751 0.050363993205679372 0.050688854500922947 0.050519935750393846
leaf_weight=0.2404287438839664 0.39684883877635158 0.59507274720817693 0.72655158024281341 0.53467881074175216 0.62907201796770085 0.3811693307943641 1.2586680240929125 0.73098141746595535 0.77658855961635742 1.2949924981221554 0.73725760309025634 0.28199665993452061 0.25591652141883947 0.56298151239752758 0.55891492031514622 0.44477222021669149 0.28914260864257801 0.42079517897218466 0.40093544824048877 0.28332349006086588 0.48980520013719797 0.22738091042265296 0.18910220079123963 0.17204160057008266 0.25699279643595219 0.21322082215920091 0.2893183920532465 0.95822485210373998 0.19003101624548435 0.24038677476346493
leaf_count=6 44 80 9 15 5 10 12 18 34 22 24 3 12 10 12 32 4 9 11 22 17 18 7 7 15 18 40 135 16 25
internal_value=-2.73182e-05 -0.00768139 -0.00226132 -0.0210145 -0.000716071 -0.0214296 0.00756885 0.0151445 -0.00615261 0.0108374 0.0328746 0.0422123 -0.0394002 0.0440226 0.034063 -0.0545061 0.0512612 -0.0514755 -0.0519314 0.0516245 -0.0520102 -0.050947 0.0505575 -0.050641 0.0508032 -0.0504909 -0.0505174 0.0504332 0.0505462 0.0506034
internal_weight=15.0276 12.7222 11.3211 3.89348 2.42422 1.79515 7.42764 6.16897 2.80256 2.07158 3.36641 2.30535 1.41398 2.62915 1.9026 1.46926 2.02335 1.40113 1.17355 1.33962 0.934577 0.772616 1.73421 0.980335 0.780703 0.808294 0.516699 1.5451 0.58688 0.52371
internal_count=692 483 369 166 102 97 203 191 74 56 117 209 87 93 84 64 206 114 81 74 49 70 202 105 62 98 58 195 60 47
is_linear=0
shrinkage=0.05


Tree=87
num_leaves=31
num_cat=0
split_feature=10 18 27 7 19 27 18 20 4 12 33 10 6 22 27 10 10 0 22 5 10 19 29 25 19 3 19 10 23 25
split_gain=1.84863 1.30409 1.21025 1.35124 1.48026 1.11185 1.06687 1.41321 1.36096 0.987778 0.715131 0.913716 0.306384 0.163845 0.0027522 0.000602608 0.000455803 0.00017215 3.93922e-05 1.78237e-05 1.7581e-05 3.98809e-06 3.84182e-06 6.43457e-07 5.4322e-07 3.46014e-07 2.90192e-07 1.23078e-07 9.731e-08 2.97281e-08
threshold=7.3105976581573495 3128832.0000000005 7.5000000000000009 2.5000000000000004 176640.00000000003 18.500000000000004 345088.00000000006 3304.0000000000005 148.50000000000003 2.8961431980133061 1.5000000000000002 6.6406595706939706 276824064.00000006 9251.8334960937518 8.5000000000000018 6.6276571750640878 6.6222393512725839 769792.00000000012 14838.856933593752 98512.000000000015 7.6910860538482675 24857.599609375004 1.0000000180025095e-35 1.3660135269165041 11315.200195312502 7.5000000000000009 8746.6665039062518 6.195669651031495 0.93701171875000011 0.55997791886329662
decision_type=2 2 2 2 2 2 2 2 2 2 2 2 2 2 2 2 2 2 2 2 2 2 2 2 2 2 2 2 2 2
left_child=1 2 3 4 6 12 7 8 -1 10 13 -12 14 -10 17 18 19 20 26 21 -2 24 -22 -24 25 -5 29 -26 -25 -4
right_child=5 -3 15 16 -6 -7 -8 -9 9 -11 11 -13 -14 -15 -16 -17 -18 -19 -20 -21 22 -23 23 28 27 -27 -28 -29 -30 -31
leaf_value=-0.052446214301417597 0.050915548123058429 0.069295710788769699 -0.05033158467081135 -0.050415874422754872 -0.046995867127491167 -0.061876002844334421 0.057005253264627943 -0.054448973586082083 0.036149718069148067 -0.018194650700033076 -0.046954686144258143 0.050734654027899222 -0.0007146213785933467 0.065076078964436304 0.054890385122973367 -0.052602826180624722 -0.052947653449876952 0.052032371573113023 -0.050973946831036634 -0.051001445113811154 0.050554761293527067 -0.050669005133139544 0.050427411364581953 0.05033296744053694 -0.050488534185380345 -0.050325160966969144 -0.050434217253901875 -0.050429412056740577 0.050374021033701581 -0.05035930559342279
leaf_weight=0.66667410824447149 0.19642844377085777 0.50916712731123048 0.13715896662324734 0.24186825146898694 1.2783516626805065 0.2665129005908965 1.0889234505593774 0.9012830490246414 0.76124183740466911 1.0160363041795788 0.47051567584276188 0.48722716700285673 0.31918204016983498 1.3715424630790947 0.47769650071859349 0.61068527027964581 0.23921649437397707 0.19752389006316651 0.48999230330809951 0.1837570620700717 0.35653613787144411 0.19140888191759586 0.3097645998932419 0.61548890499398112 0.18405702104791999 0.18593099899590015 0.13576672226190567 0.16872102580964565 0.18856441183015704 0.32798743294551969
leaf_count=23 14 4 21 30 15 2 12 17 13 26 5 38 6 39 7 16 7 6 34 11 37 17 38 94 20 29 17 21 26 47
internal_value=-2.7294e-05 -0.00895489 -0.012532 -0.00553333 0.00234673 0.0354901 0.0116729 0.00297378 0.0138163 0.0245736 0.0386341 0.00274227 0.0452412 0.0547516 0.0515043 -0.0513452 -0.050961 0.0506367 -0.0506412 -0.0505499 0.0504713 -0.0504645 0.0504119 0.0503662 -0.0504143 -0.0503764 -0.0503699 -0.0504603 0.0503426 -0.0503511
internal_weight=14.5752 11.6475 11.1383 9.43676 8.0418 2.9277 6.76344 5.67452 4.77324 4.10656 3.09053 0.957743 2.66118 2.13278 2.342 1.70159 1.39496 1.86431 1.09091 1.15574 1.66678 0.971986 1.47035 1.11382 0.780577 0.427799 0.600913 0.352778 0.804053 0.465146
internal_count=692 462 458 323 188 230 173 161 144 121 95 43 228 52 222 135 135 215 119 128 209 117 195 158 100 59 85 41 120 68
is_linear=0
shrinkage=0.05


Tree=88
num_leaves=31
num_cat=0
split_feature=7 27 14 21 32 25 8 0 11 33 11 8 23 22 0 0 23 23 14 0 18 0 19 24 19 9 19 24 23 8
split_gain=1.75261 1.13402 1.21591 1.18448 1.94276 0.887563 0.747043 0.899214 0.412898 0.236749 0.206648 0.273351 0.15197 0.0578632 0.0224157 0.0164458 0.00734401 0.00121774 0.000945074 0.00021556 0.000175417 3.77098e-05 2.36122e-05 1.18471e-05 8.27688e-06 2.97016e-06 5.17728e-07 2.42066e-07 2.0625e-07 1.95612e-07
threshold=2.5000000000000004 8.5000000000000018 1.0000000180025095e-35 311811.00000000006 1.0000000180025095e-35 1.2002312541007998 5.5000000000000009 128332.50000000001 5.8613147735595712 2.5000000000000004 4.6360843181610116 5.5000000000000009 0.91615512967109691 143329.16406250003 94740.000000000015 164688.00000000003 0.99763765931129467 0.032348632812500007 1.5000000000000002 196248.00000000003 428288.00000000006 205056.00000000003 13781.333496093752 3.0195312500000004 23645.867187500004 0.15775315463542941 11315.200195312502 0.99714457988739025 0.96210780739784252 7.5000000000000009
decision_type=2 2 2 2 2 2 2 2 2 2 2 2 2 2 2 2 2 2 2 2 2 2 2 2 2 2 2 2 2 2
left_child=1 2 -1 4 14 6 7 -6 9 16 11 -5 15 -12 -4 -9 20 -16 23 24 22 25 27 -15 26 -19 29 -3 -25 -2
right_child=19 8 3 10 5 -7 -8 12 -10 -11 13 -13 -14 18 17 -17 -18 21 -20 -21 -22 -23 -24 28 -26 -27 -28 -29 -30 -31
leaf_value=-0.019668354953859331 -0.050374507991922127 -0.050321246146487732 0.06497785865500548 0.003914918888904855 -0.022947909328650502 -0.054217536724469106 -0.039957296201437009 0.06549316354931356 0.014674939647701685 -0.009765558469351435 0.070990690997676298 0.053160483843602516 0.022321410852134717 0.050786565533952215 0.054628133044948284 0.050903109849020904 -0.06075117734810577 0.050613464824163346 0.053230872011626906 -0.051758577209227143 -0.0522127567366392 0.051303652271720949 -0.051011572054745213 0.050320582660673796 -0.050729463582548963 0.050376560176796342 -0.050428964589145489 -0.050395442230747357 0.05039019852804915 -0.050309012006989423
leaf_weight=2.2887694817036381 0.30258826725184984 0.25339880771934875 0.47444932162761499 0.53575617121532582 0.83760981308296445 0.92254838347434986 0.77463868586346496 0.34980681911110856 0.42895377427339543 0.43972471356391896 0.52498257253319014 0.59445524681359529 0.5087976548820734 0.18263611476868369 0.27383587928488828 0.43126323632895947 0.24707220401614904 0.2675456814467907 0.45866072550415993 0.45128173427656282 0.21180393174290657 0.19902658788487315 0.19595141103491187 0.56024552090093493 0.21735415514558554 0.26173395710065961 0.35993606271222234 0.19415854755789042 0.13133583404123783 0.18291293457150459
leaf_count=27 42 40 3 32 15 22 30 6 5 13 7 23 13 16 7 35 3 23 9 30 6 11 12 89 17 37 45 26 18 30
internal_value=-2.6691e-05 0.00610437 0.0125925 0.0215 0.00731012 -0.0114971 0.00208324 0.0173907 -0.0287154 -0.0407849 0.046675 0.0298165 0.0435856 0.0569306 0.0560245 0.0574374 -0.0531581 0.0517857 0.0513928 -0.050843 -0.0509646 0.0507169 -0.0505538 0.0504284 -0.0504543 0.0504963 -0.0503835 -0.0503534 0.0503338 -0.0503498
internal_weight=14.0632 12.5492 10.5781 8.28933 5.30126 3.82466 2.90212 2.12748 1.97106 1.54211 2.98807 1.13021 1.28987 1.85786 1.47659 0.78107 1.10238 1.00214 1.33288 1.51407 0.855313 0.728306 0.643509 0.874217 1.06279 0.52928 0.845437 0.447557 0.691581 0.485501
internal_count=692 528 423 396 202 121 99 69 105 100 194 55 54 139 81 41 87 78 132 164 84 71 78 123 134 60 117 66 107 72
is_linear=0
shrinkage=0.05


Tree=89
num_leaves=31
num_cat=0
split_feature=7 4 19 25 14 23 17 23 11 25 0 25 11 4 18 23 3 0 29 26 11 19 28 28 9 19 3 29 11 12
split_gain=1.66213 1.27394 0.825621 1.15832 1.30661 0.962719 0.782382 0.734008 0.554527 0.508583 0.42913 0.398965 0.321669 0.0630539 0.0233693 0.00136058 0.000266955 0.000186185 0.000138529 1.37597e-05 1.27253e-05 7.11682e-06 5.91795e-06 1.31849e-06 6.41125e-07 4.45268e-07 1.68216e-07 1.27315e-07 1.07713e-07 7.0575e-08
threshold=2.5000000000000004 258.50000000000006 11502.933593750002 0.6642267405986787 1.0000000180025095e-35 0.60693359375000011 1.0000000180025095e-35 0.93412640690803539 5.3011872768402108 1.0074170231819155 63668.000000000007 1.1338900923728945 4.5471630096435556 280.50000000000006 87552.000000000015 0.074218750000000014 4.5000000000000009 196248.00000000003 2.5000000000000004 1.0000000180025095e-35 3.7640408277511601 23645.867187500004 33.500000000000007 115.50000000000001 0.061893649399280555 11315.200195312502 7.5000000000000009 1.0000000180025095e-35 3.4041860103607182 2.2963551282882695
decision_type=2 2 2 2 2 2 2 2 2 2 2 2 2 2 2 2 2 2 2 2 2 2 2 2 2 2 2 2 2 2
left_child=1 2 16 -4 -5 12 -3 10 -9 -7 -8 -11 -6 14 -12 -16 -1 21 19 -17 23 25 -21 -18 -24 26 28 -27 -2 -25
right_child=17 6 3 4 5 9 7 8 -10 11 13 -13 -14 -15 15 18 20 -19 -20 22 -22 -23 24 29 -26 27 -28 -29 -30 -31
leaf_value=-0.052296377914820939 -0.050384154533980111 -0.046472180433243492 0.047195655396917321 -0.066898196727582834 0.0082755635670609499 0.019014950096522681 -0.0010311017638037247 -0.025305453876056233 0.035545660865734262 -0.057184386146212213 0.064222916536235922 -0.010483884380956855 0.053020554059018558 0.035344960346213809 0.05415983606872319 0.050876365548446927 -0.050502507256907338 -0.051674044094730032 0.051692056290993563 0.050588956724085046 -0.050913871296380246 -0.050693489801331051 0.050419149385576525 -0.050306096500306798 0.050305542448786024 -0.050437048498067398 -0.050293851489778885 -0.05037602133178111 -0.050322761080092607 -0.050356807423491259
leaf_weight=0.32601401396095564 0.15643222350627251 0.36115849204361428 1.0256922235712407 0.8679373301565646 0.79749063355848171 0.65467517543584142 0.47880249470472369 0.8657525163143871 0.65965652000159025 0.85860200412571408 0.43461081385612566 0.97856031078845263 0.80924426950514317 0.58066751435399044 0.35144691728055466 0.18413982819765795 0.19422484235838056 0.42995699634775508 0.29003185965120781 0.31536935083568074 0.1645250478759408 0.20689668832346797 0.15828696358948946 0.13274708343669772 0.57643883489072323 0.17885642172768712 0.17404329217970371 0.1636648983694613 0.13150111865252256 0.14200520562008023
leaf_count=8 21 8 14 8 21 26 5 28 24 17 7 28 25 39 6 14 22 30 18 36 14 17 21 22 96 22 30 23 21 21
internal_value=-2.34622e-05 0.00597178 -0.00807308 -0.00117788 -0.0111681 0.000633669 0.0245466 0.0297862 0.00100935 -0.0188251 0.0428127 -0.0323095 0.0308117 0.050074 0.053776 0.0513554 -0.0511338 -0.0508025 0.0507088 0.0504777 -0.0505355 -0.0504319 0.0504078 -0.0504028 0.05033 -0.0503647 -0.0503327 -0.0504079 -0.0503561 -0.0503323
internal_weight=13.6494 12.2081 6.95172 5.9922 4.96651 4.09857 5.25636 4.8952 1.52541 2.49184 3.36979 1.83716 1.60673 2.89099 2.31032 1.87571 0.959516 1.44135 1.52427 1.23423 0.633502 1.01139 1.0501 0.468977 0.734726 0.804498 0.461977 0.342521 0.287933 0.274752
internal_count=692 528 226 139 125 117 302 294 52 71 242 45 46 237 198 191 87 164 185 167 79 134 153 65 117 117 72 45 42 43
is_linear=0
shrinkage=0.05


Tree=90
num_leaves=31
num_cat=0
split_feature=10 18 27 7 19 21 2 27 19 18 6 25 23 10 27 23 10 23 18 19 10 5 25 19 20 19 9 19 3 23
split_gain=1.6581 1.16924 1.06988 1.14166 1.30293 0.980244 1.21853 0.96034 0.884372 1.22158 0.295907 0.128931 0.00235315 0.00044064 0.000428436 0.0003643 0.00029204 0.000166313 0.000145548 2.86091e-05 1.27634e-05 1.12785e-05 2.98025e-06 2.5157e-06 1.18179e-06 9.17974e-07 7.90713e-07 3.45112e-07 2.20047e-07 1.97361e-07
threshold=7.3105976581573495 3128832.0000000005 7.5000000000000009 2.5000000000000004 176640.00000000003 311811.00000000006 17368.000000000004 18.500000000000004 47978.666015625007 90368.000000000015 276824064.00000006 0.72882944345474254 0.97646722197532665 6.6276571750640878 8.5000000000000018 0.82552084326744091 6.6222393512725839 0.33203125000000006 662016.00000000012 13781.333496093752 7.6910860538482675 98512.000000000015 1.2002312541007998 24857.599609375004 738.00000000000011 8746.6665039062518 0.15775315463542941 11315.200195312502 7.5000000000000009 0.93701171875000011
decision_type=2 2 2 2 2 2 2 2 2 2 2 2 2 2 2 2 2 2 2 2 2 2 2 2 2 2 2 2 2 2
left_child=1 2 3 4 5 6 8 10 9 -1 12 -11 14 19 18 17 21 -13 20 25 -2 23 24 27 -22 -4 -19 28 -5 -24
right_child=7 -3 13 16 -6 -7 -8 -9 -10 11 -12 15 -14 -15 -16 -17 -18 26 -20 -21 22 -23 29 -25 -26 -27 -28 -29 -30 -31
leaf_value=-0.00095249192513673043 0.050814922939965403 0.067647449879174301 -0.050301969624100967 -0.050357545218456791 -0.045643381628819514 0.054630967471184455 -0.052523317396335492 -0.060005522035832676 -0.035362045927682113 0.088775517450050551 -0.0010479812327996289 0.052010555804660824 0.05626052254105416 -0.0523543700827514 0.052828313764271842 0.053046158141320222 -0.052532319022151941 0.050549103746331162 0.051906102393626419 -0.050889259949828326 0.0504010554853392 -0.050859110012573552 0.050290463637963002 -0.050574169840036966 0.050566980912596128 -0.050452513795086966 0.050425686337622802 -0.050395643188859154 -0.050279609561120153 0.050347965844451198
leaf_weight=2.0789377773180555 0.1765238018706462 0.47687241435051042 0.40076713543385334 0.20841991202905752 1.216916427016258 1.063693970441818 0.85705063864588726 0.24042201042175282 0.78014516830444325 0.291683830320835 0.30746388062834729 0.26973351323977091 0.22744240146130312 0.55292743165045977 0.24453633278608311 0.28696999698877335 0.20797441247850657 0.38191088568419218 0.18483683466911305 0.42495692428201437 0.28457466093823292 0.15846538310870528 0.62289384845644236 0.16482076002284884 0.17228129925206304 0.13549687201157212 0.19658089522272348 0.30398348392918706 0.16017367830500007 0.19623146392405033
leaf_count=33 14 4 68 30 15 13 29 2 9 2 6 16 4 16 5 10 7 36 6 33 37 11 109 17 18 18 25 41 29 29
internal_value=-2.72395e-05 -0.00886676 -0.0124646 -0.00566114 0.00166329 0.0109385 0.00190184 0.0352964 0.0127851 0.0234992 0.0447771 0.0591248 0.0514567 -0.0512298 0.0508762 0.0515062 -0.0508282 0.0509852 0.0505846 -0.0505828 0.0504164 -0.0504723 0.0503613 -0.0503991 0.0504636 -0.05034 0.0505072 -0.0503562 -0.0503237 0.0503042
internal_weight=13.2757 10.6185 10.1416 8.62746 7.42362 6.20671 5.14301 2.65721 4.28596 3.50582 2.41678 1.42688 2.10932 1.51415 1.88188 1.1352 1.20384 0.848225 1.63734 0.961221 1.45251 0.995863 1.27598 0.837398 0.456856 0.536264 0.578492 0.672577 0.368594 0.819125
internal_count=692 462 458 323 188 173 160 230 131 122 228 89 222 135 218 87 135 77 213 119 207 128 193 117 55 86 61 100 59 138
is_linear=0
shrinkage=0.05


Tree=91
num_leaves=31
num_cat=0
split_feature=10 18 27 7 3 32 18 27 3 20 28 6 20 27 11 10 10 18 22 11 10 5 24 19 28 19 3 19 10 24
split_gain=1.5609 1.09297 1.02572 1.08743 1.23198 1.15425 0.994772 0.905903 0.697208 0.692029 0.407913 0.292693 0.0115085 0.0020101 0.00143194 0.000378283 0.000251219 0.000124946 2.69799e-05 2.25675e-05 1.08664e-05 9.69457e-06 2.56251e-06 2.16453e-06 1.19365e-06 2.96832e-07 1.89227e-07 1.78457e-07 6.72524e-08 6.00367e-08
threshold=7.3105976581573495 3128832.0000000005 7.5000000000000009 2.5000000000000004 3.5000000000000004 1.0000000180025095e-35 365056.00000000006 18.500000000000004 5.5000000000000009 2786.0000000000005 97.500000000000014 276824064.00000006 15.500000000000002 8.5000000000000018 4.8049938678741464 6.6276571750640878 6.6222393512725839 662016.00000000012 14838.856933593752 3.3246505260467534 7.6910860538482675 98512.000000000015 2.7689521312713627 24857.599609375004 58.500000000000007 11315.200195312502 7.5000000000000009 8746.6665039062518 6.195669651031495 4.0291795730590829
decision_type=2 2 2 2 2 2 2 2 2 2 2 2 2 2 2 2 2 2 2 2 2 2 2 2 2 2 2 2 2 2
left_child=1 2 3 4 -1 12 8 11 9 10 -7 13 -6 17 19 18 21 20 27 -14 -2 23 24 25 -22 26 -5 -4 -27 -24
right_child=7 -3 15 16 5 6 -8 -9 -10 -11 -12 -13 14 -15 -16 -17 -18 -19 -20 -21 22 -23 29 -25 -26 28 -28 -29 -30 -31
leaf_value=-0.032064672825398259 0.050774764449681688 0.066592178138403346 -0.050287158364723611 -0.050339989655840058 0.062379946763407856 -0.011060915680751952 0.041509291960753668 -0.059444554058286206 -0.055280425249164655 -0.039302350584164765 0.043108040006724135 -0.00099538630445913001 0.050485330660912778 0.05440203578281208 0.055168273337588641 -0.05223583560122888 -0.052406117963090082 0.051810567916125864 -0.050848262813084577 0.05116199712354328 0.050368350851259451 -0.050816633132269841 0.050267274100145413 -0.050545966344775567 0.050529239413720506 -0.05039929336193847 -0.050265899054795643 -0.050358834697008914 -0.050351029923177505 0.050298399789817705
leaf_weight=1.9755631890147869 0.16804409213364335 0.4606201499700554 0.38133094459772177 0.19832254759967305 0.45888102054595925 0.5951579641550786 1.1078487634658811 0.23079986870288838 0.76124277664348472 0.72833485808223475 0.83533099107444286 0.30752266012132157 0.27087651845067739 0.43291613087058056 0.29987676627933979 0.52712422423064709 0.19829575624316931 0.17613825574517239 0.42106711072847247 0.2260417053475976 0.26611125236377098 0.15085975360125303 0.21624187799170613 0.15686763124540448 0.20339823188260198 0.15094178169965744 0.15240242704749107 0.1124479491263628 0.13832496572285891 0.54635247122496367
leaf_count=26 14 4 68 30 4 8 15 2 24 18 39 6 31 7 5 16 7 6 34 18 38 11 41 17 22 20 29 17 21 94
internal_value=-2.56737e-05 -0.0086872 -0.0122085 -0.0055246 0.00162117 0.0142165 0.0011682 0.0350205 -0.0141369 0.000371136 0.0205709 0.0444314 0.0560723 0.0513843 0.0524397 -0.051169 -0.0507877 0.0505555 -0.0505542 0.0507931 0.0503976 -0.0504491 0.0503462 -0.0503795 0.0504381 -0.0503387 -0.0503078 -0.0503035 -0.0503762 0.0502896
internal_weight=12.8553 10.3078 9.84714 8.40517 7.25915 5.28359 4.02792 2.54752 2.92007 2.15882 1.43049 2.31672 1.25568 2.0092 0.796795 1.44197 1.14601 1.57629 0.914846 0.496918 1.40015 0.947719 1.2321 0.796859 0.469509 0.639992 0.350725 0.493779 0.289267 0.762594
internal_count=692 462 458 323 188 162 104 230 89 65 47 228 58 222 54 135 135 215 119 49 209 128 195 117 60 100 59 85 41 135
is_linear=0
shrinkage=0.05


Tree=92
num_leaves=31
num_cat=0
split_feature=21 5 19 11 5 21 0 5 2 25 27 22 0 23 3 24 22 27 25 19 25 22 25 33 3 11 26 27 17 9
split_gain=1.10507 0.790218 0.683379 1.12254 0.838287 0.647115 2.1014 0.688654 0.530112 0.367905 0.34515 0.242708 0.217579 0.143688 0.088592 0.204375 0.0613929 0.0792981 0.00930636 0.00487323 0.00414341 0.000860968 0.000795378 0.000554585 0.000208688 0.000203905 0.00020343 0.000108935 1.19284e-05 7.84787e-06
threshold=86827.000000000015 509383.00000000006 11724.799804687502 4.6926512718200692 40976.000000000007 328390.50000000006 239580.00000000003 4340.5000000000009 17368.000000000004 1.1619126796722414 7.5000000000000009 2596.202026367188 96041.000000000015 0.058593750000000007 4.5000000000000009 1.9592013955116274 130581.10156250001 5.5000000000000009 0.99957478046417247 97920.000000000015 0.83502769470214855 184454.50000000003 0.98425236344337474 1.5000000000000002 4.5000000000000009 4.7445175647735605 1.0000000180025095e-35 4.5000000000000009 7936.0000000000009 2.6858377456665044
decision_type=2 2 2 2 2 2 2 2 2 2 2 2 2 2 2 2 2 2 2 2 2 2 2 2 2 2 2 2 2 2
left_child=2 5 3 4 11 6 8 -7 9 12 16 -1 -2 -14 -8 -16 -9 19 22 -18 -4 -21 27 24 -13 -22 -23 29 -28 -15
right_child=1 -3 20 -5 -6 7 14 10 -10 -11 -12 23 13 18 15 -17 17 -19 -20 21 25 26 -24 -25 -26 -27 28 -29 -30 -31
leaf_value=-0.00095293655025371633 0.089475468842487513 -0.025687689012431337 -0.057924654980861259 0.052369884271865487 0.04843296703797003 -0.027071678377656574 -0.057740294804631047 0.065367028648432524 -0.021068332834778207 -0.0091042805994300396 0.0057540819195606233 -0.051839124322380616 0.01548973262666955 0.050402252768087956 -0.0066795236480674154 -0.053573095215527583 0.043335109294971613 0.019500133651967649 0.042194722819597304 0.053855152122657429 -0.050784679749431384 0.052013653243709379 0.054204694158159442 -0.053335256234629827 -0.050308860512094905 -0.052433184794913559 0.050834498091278359 0.051921922683770744 0.050269142181537232 0.050841565178394089
leaf_weight=0.29333947738632726 0.26750112092122336 1.3442563163116572 0.4220770141109822 0.58644749782979477 0.3076553614810108 0.41149426857009563 0.61335821170359828 0.5543108540587135 0.43168616853654374 0.33527882583439339 0.5219368771649896 0.35160653851926305 0.41759262001141895 0.34057867527008034 0.40853298548609018 0.53877108497545123 0.19644111488014449 0.23898716364055861 0.34199778968468308 0.364726413041353 0.31043751537799835 0.29492923989892006 0.25586977601051331 0.29909840133041143 0.60814621020108461 0.47397836623713374 0.11853542597964406 0.19920799089595675 0.43822335777804255 0.14491382939741015
leaf_count=24 4 25 16 7 12 6 8 17 21 14 13 16 26 47 31 15 37 23 33 6 30 8 4 12 106 16 10 10 83 12
internal_value=-2.46293e-05 0.00959109 -0.0231351 -0.00794724 -0.0269665 0.0159696 0.00335823 0.0332234 0.0297783 0.0393095 0.0423181 -0.0419112 0.0475589 0.0409638 -0.0429356 -0.0333498 0.0509685 0.0461367 0.049258 0.0506424 -0.0539301 0.0518224 0.0518262 -0.0514553 -0.0508695 -0.0517808 0.0509519 0.0509374 0.0503895 0.0505334
internal_weight=12.4319 8.77913 3.65279 2.44629 1.85985 7.43487 4.29529 3.13958 2.73463 2.30294 2.72809 1.55219 1.96766 1.70016 1.56066 0.947304 2.20615 1.65184 1.28257 1.41286 1.20649 1.21641 0.94057 1.25885 0.959753 0.784416 0.851688 0.6847 0.556759 0.485493
internal_count=692 453 239 177 170 428 225 203 171 150 197 158 136 132 54 46 184 167 106 144 62 107 73 134 122 46 101 69 93 59
is_linear=0
shrinkage=0.05


Tree=93
num_leaves=31
num_cat=0
split_feature=10 18 7 22 32 11 8 28 18 23 12 25 33 23 25 23 18 10 10 25 18 5 29 22 28 22 22 28 10 28
split_gain=1.43861 1.03162 0.829243 0.898547 1.01008 0.850473 0.697483 0.667817 0.535308 0.840927 0.382062 0.0095325 0.00125284 0.00113873 0.000708827 0.00021806 0.000216994 0.000208888 4.30284e-05 3.75119e-05 2.76085e-05 1.32809e-05 3.69032e-06 1.64307e-06 8.8299e-07 3.30194e-07 2.33811e-07 2.24261e-07 1.89067e-07 1.02876e-07
threshold=7.3105976581573495 3128832.0000000005 2.5000000000000004 149419.96875000003 1.0000000180025095e-35 4.6336965560913095 3.5000000000000004 275.50000000000006 189696.00000000003 0.93320313096046459 2.7163579463958745 0.7577103078365327 1.5000000000000002 0.9781198799610139 0.97418808937072765 0.82014974951744091 432128.00000000006 6.6374311447143564 7.6122586727142343 0.87433969974517833 65792.000000000015 98512.000000000015 1.0000000180025095e-35 30898.416992187504 111.50000000000001 11487.418457031252 4698.6667480468759 71.500000000000014 6.0779700279235849 52.000000000000007
decision_type=2 2 2 2 2 2 2 2 2 2 2 2 2 2 2 2 2 2 2 2 2 2 2 2 2 2 2 2 2 2
left_child=1 2 3 4 6 10 -1 13 9 -7 12 -8 15 16 19 20 18 21 -2 -13 24 23 -20 25 -6 29 -26 -24 -27 -4
right_child=7 -3 17 -5 5 8 11 -9 -10 -11 -12 14 -14 -15 -16 -17 -18 -19 22 -21 -22 -23 27 -25 26 28 -28 -29 -30 -31
leaf_value=-0.0015277408441430511 0.051341759563670444 0.065969668089980601 -0.050313732199620022 -0.043286000515500425 -0.050449308308744403 0.018085600136130572 0.061216019547887614 -0.0080865412566341211 0.037965672261230994 -0.054267764417827595 -0.0045678749250795195 0.051342357529528516 -0.054211585527003184 0.054711908958502337 0.054076863067392004 -0.05240556079874991 0.052010962753337275 -0.052381719556008149 0.05048356787292102 0.050406884085020032 -0.051106632584074031 -0.050800289363357003 0.05026415368379137 -0.050490652826207696 -0.050267039161744409 -0.050387102217189485 -0.05036003934348026 0.050324086703454264 -0.050312269196269591 -0.050257586441378767
leaf_weight=0.98483616672455765 0.11604283330962184 0.44296304136514741 0.12201233161613412 1.3654531976208089 0.15738480072468497 1.0384574215859177 0.46138217858970143 0.65696234349161375 0.89202357828617085 0.65481609106063832 0.61494155880063761 0.1765083484351635 0.49929825216531754 0.19950000848621119 0.25453539937734604 0.21659052884206176 0.25973550975322712 0.15651748003438104 0.29596469411626436 0.27276962203904986 0.16778562217950821 0.19229000341147184 0.64624670473858714 0.1510366746224463 0.1796335382387042 0.1474757450632751 0.10834579449146986 0.20578777184709907 0.19736188929527998 0.24624546663835645
leaf_count=16 7 4 20 24 20 36 5 13 15 14 25 10 16 4 5 9 9 6 38 38 9 16 125 19 35 20 17 34 34 49
internal_value=-2.49656e-05 -0.00857173 -0.0121384 -0.00632777 0.00122761 -0.0121689 0.0294487 0.0348074 0.00661897 -0.00989461 -0.0371548 0.0556304 -0.0522326 0.0511597 0.0519687 -0.0510418 0.0506947 -0.050677 0.0504242 0.0507744 -0.05056 -0.0504245 0.0503315 -0.0503408 -0.0503541 -0.0503091 -0.050302 0.0502786 -0.0503443 -0.0502762
internal_weight=12.0809 9.70066 9.2577 8.04476 6.67931 4.52928 2.15003 2.38024 2.5853 1.69327 1.94398 1.1652 1.32904 1.72328 0.703813 0.82974 1.52378 1.21294 1.26404 0.449278 0.61315 1.05642 1.148 0.864132 0.445364 0.713095 0.287979 0.852034 0.344838 0.368258
internal_count=692 462 458 294 270 196 74 230 65 50 131 58 106 217 53 90 213 164 204 48 81 158 197 142 72 123 52 159 54 69
is_linear=0
shrinkage=0.05


Tree=94
num_leaves=31
num_cat=0
split_feature=10 27 18 3 32 18 12 25 0 3 23 5 24 25 20 27 10 25 27 10 24 10 0 18 22 25 22 18 23 24
split_gain=1.36872 1.12822 0.792154 0.744868 1.10289 0.988573 0.788909 0.776963 0.625608 0.533754 1.19326 0.181725 0.0318344 0.0188127 0.0111265 0.0050257 0.004221 0.00153246 0.0010579 0.000759858 0.000228244 0.000170882 2.08625e-05 9.96597e-06 3.7779e-06 4.5595e-07 2.04556e-07 7.78167e-08 6.19916e-08 1.66677e-08
threshold=7.8300440311431894 9.5000000000000018 3128832.0000000005 3.5000000000000004 1.0000000180025095e-35 329984.00000000006 0.73497411608695995 0.66238051652908336 128332.50000000001 5.5000000000000009 0.92722573876380932 4624.5000000000009 1.1890218853950503 1.1415614485740664 74.000000000000014 3.5000000000000004 7.4684011936187753 0.68244883418083202 8.5000000000000018 6.0850894451141366 1.7023437619209292 6.6711206436157235 678668.00000000012 369664.00000000006 14838.856933593752 1.4283843040466311 7800.6667480468759 260352.00000000003 0.93701171875000011 0.99763110280036937
decision_type=2 2 2 2 2 2 2 2 2 2 2 2 2 2 2 2 2 2 2 2 2 2 2 2 2 2 2 2 2 2
left_child=1 2 3 7 11 6 -6 -1 17 10 12 -5 -10 -14 -13 -16 21 -8 23 -19 -21 22 24 25 26 27 29 -2 -27 -3
right_child=18 16 -4 4 5 -7 8 -9 9 -11 -12 14 13 -15 15 -17 -18 19 -20 20 -22 -23 -24 -25 -26 28 -28 -29 -30 -31
leaf_value=0.0046087567499593467 0.050301537955702302 -0.050237721743102315 0.064029494932553097 0.0069303407555869724 0.054139245949099316 0.033665776144918322 -0.047967957629221673 -0.055530799392216348 0.059883610833357082 -0.044050828483594297 -0.033710992676336406 0.06005625775104341 0.029819123157454854 0.050782686555220696 0.043757759752688564 0.052461987016429616 -0.058632893279503377 -0.05460200112298709 0.053729593365222532 -0.05268169242344322 -0.050944961642370994 -0.052019066087819754 -0.051048387503075623 0.050775673799400435 -0.050555191695523194 0.050236532078290042 -0.050327971038386668 0.050355599952755417 0.050276199414467863 -0.050262250348340004
leaf_weight=0.96853569475933587 0.12595780007541246 0.18344367807730921 0.45968103408813554 0.26186023233458389 0.35500946547836054 1.2462405767291782 0.22627685312181745 1.2055240026675162 0.39782449975609802 0.75464704958721984 0.8916626675054431 0.38437116518616654 0.21533670602366328 0.21275470033288002 0.24722991697490215 0.50370775209739804 0.21623003482818604 0.30614903476089217 0.31649287045001984 0.32241627248004079 0.45779215823858976 0.24524801131337881 0.1323557160794735 0.11641772324219346 0.16096592275425792 0.33098170487210155 0.10601076390594244 0.14115647738799453 0.14021998131647706 0.11126582138240337
leaf_count=31 22 39 6 22 11 34 39 27 10 39 21 4 23 25 31 35 2 12 6 10 39 8 7 12 19 71 18 21 26 22
internal_value=-2.52266e-05 -0.00570662 1.48748e-05 -0.00327029 0.00489246 -0.00537596 -0.0171288 -0.0287388 -0.0238136 -0.00900124 0.00639839 0.0444774 0.0497007 0.0402377 0.0531376 0.0495963 -0.0523345 -0.0517113 0.0512601 -0.052491 -0.0516627 -0.0508846 -0.0504837 0.0503457 -0.0503506 0.0502779 -0.0502684 0.0503301 0.0502483 -0.050247
internal_weight=11.7438 10.5725 9.41702 8.95734 6.78328 5.38611 4.13987 2.17406 3.78486 2.47223 1.71758 1.39717 0.825916 0.428091 1.13531 0.750938 1.15552 1.31263 1.17123 1.08636 0.780208 0.93929 0.694042 0.854734 0.561686 0.738316 0.40072 0.267114 0.471202 0.294709
internal_count=692 534 419 413 355 263 229 58 218 118 79 92 58 48 70 66 115 100 158 61 49 113 105 152 98 140 79 43 97 61
is_linear=0
shrinkage=0.05


Tree=95
num_leaves=31
num_cat=0
split_feature=10 7 27 27 12 20 18 12 32 25 29 6 18 4 23 27 10 10 0 18 18 10 11 25 18 20 18 17 3 32
split_gain=1.30752 0.915192 0.88138 0.782708 0.723632 0.941067 0.771327 0.488198 0.571099 0.438571 0.657724 0.257749 0.144107 0.442207 0.00134055 0.000231129 0.000157263 0.000131348 9.94552e-05 1.72163e-05 1.05601e-05 8.15266e-06 7.04034e-06 2.2227e-06 2.14339e-06 1.60847e-06 9.10822e-07 3.34021e-07 2.35435e-07 1.30786e-07
threshold=7.3105976581573495 2.5000000000000004 8.5000000000000018 18.500000000000004 3.2052499055862431 3304.0000000000005 90368.000000000015 1.2723774313926699 1.0000000180025095e-35 0.6642267405986787 1.0000000180025095e-35 276824064.00000006 345088.00000000006 264.50000000000006 0.97646722197532665 8.5000000000000018 6.6374311447143564 6.6711206436157235 769792.00000000012 115456.00000000001 154624.00000000003 7.6910860538482675 3.4784897565841679 1.2002312541007998 44288.000000000007 998.00000000000011 88320.000000000015 1280.0000000000002 6.5000000000000009 1.0000000180025095e-35
decision_type=2 2 2 2 2 2 2 2 2 2 2 2 2 2 2 2 2 2 2 2 2 2 2 2 2 2 2 2 2 2
left_child=1 2 4 11 5 6 7 -1 -9 -8 -11 14 13 -12 15 18 20 19 21 24 26 -2 28 25 -4 -23 27 29 -15 -3
right_child=3 16 17 -5 -6 -7 9 8 -10 10 12 -13 -14 22 -16 -17 -18 -19 -20 -21 -22 23 -24 -25 -26 -27 -28 -29 -30 -31
leaf_value=0.030119043288263377 0.05069005125790628 -0.050294412491076239 -0.050246694598392233 -0.058157417474428597 -0.038144743164740334 -0.027890301949389532 0.072009228063151187 0.010806666737769591 -0.054893235573438739 -0.023693243081026539 -0.020520213761434973 0.00056822083875809621 0.056691169409729715 0.050450450425246318 0.055165130484225625 0.052309610132478715 -0.052174139412617448 -0.051886551998606124 0.051684985530839722 -0.050896190059912562 -0.05067716139868568 0.050315376957571045 0.050729206540356377 0.050238748731752117 -0.050498463598554526 0.050532169300264274 -0.050420525113117266 -0.050351443935007616 0.050368054995677071 -0.050238781681340272
leaf_weight=0.67253417335450283 0.14990254305303263 0.16143676405772633 0.27439564745873202 0.2073233276605605 0.92226699739694584 1.3378385305404661 0.6488791219890121 0.65840432420372941 0.66469359025359154 0.52476365678012404 0.32240170426666714 0.29370553605258454 0.75008051469922055 0.16644881339743733 0.19332070602104057 0.20478716120123852 0.14349084626883268 0.24679466709494591 0.15730803459882725 0.19691749289631844 0.25717246066778898 0.24223125306889393 0.33329816395416856 0.64362523704767227 0.12217368884012103 0.13228207919746637 0.1364780031144619 0.12026763241738081 0.18094506859779358 0.30573627981357276
leaf_count=9 14 28 58 2 10 27 5 15 25 10 7 6 14 19 4 5 6 8 6 13 28 40 35 138 16 15 18 18 27 66
internal_value=-2.52626e-05 -0.00838598 -0.0024648 0.0343553 0.0032036 0.00929505 0.0194014 -0.00456795 -0.0221994 0.0357447 0.0254147 0.0438637 0.0401138 0.0277177 0.051242 0.0507463 -0.0506281 -0.0509171 0.0505047 -0.050514 -0.0504019 0.0503458 0.050565 0.0502951 -0.0503243 0.050392 -0.0503042 -0.0502771 0.0504075 -0.050258
internal_weight=11.3719 9.14742 8.02284 2.22449 7.18255 6.26029 4.92245 1.99563 1.3231 2.92682 2.27794 2.01716 1.75317 1.00309 1.72346 1.53014 1.12458 0.840281 1.32535 0.593487 0.981091 1.16804 0.680692 1.01814 0.396569 0.374513 0.723919 0.587441 0.347394 0.467173
internal_count=692 462 298 230 203 193 166 49 40 117 112 228 102 88 222 218 164 95 213 87 158 207 81 193 74 55 130 112 46 94
is_linear=0
shrinkage=0.05


Tree=96
num_leaves=31
num_cat=0
split_feature=10 7 4 24 25 12 5 17 24 23 10 0 0 5 12 12 10 28 28 10 19 5 5 19 10 29 19 19 4 10
split_gain=1.23248 0.976295 0.93079 0.558574 0.735226 0.805039 1.32976 0.479286 0.598487 0.522261 0.226382 0.20711 0.0818984 0.0453089 0.0283394 0.000872403 0.000608342 0.000225132 0.000221524 0.000135269 7.06279e-05 1.08717e-05 2.33943e-06 1.66119e-06 1.11403e-06 3.16623e-07 2.557e-07 2.11792e-07 1.92817e-07 1.13891e-07
threshold=7.8300440311431894 2.5000000000000004 258.50000000000006 4.2312884330749521 0.99957478046417247 3.2052499055862431 40976.000000000007 5376.0000000000009 3.1013135910034184 0.0053710937500000009 6.9685943126678476 94740.000000000015 433920.00000000006 24366.000000000004 1.6455619335174563 3.1821014881134038 7.9956951141357431 265.50000000000006 75.500000000000014 6.6374311447143564 41369.599609375007 98512.000000000015 152501.50000000003 30799.644531250004 6.6436879634857187 1.5000000000000002 2935.466674804688 11315.200195312502 270.50000000000006 6.0228445529937753
decision_type=2 2 2 2 2 2 2 2 2 2 2 2 2 2 2 2 2 2 2 2 2 2 2 2 2 2 2 2 2 2
left_child=1 2 3 4 5 6 10 8 9 -4 18 -11 -9 -6 -13 20 17 22 -1 21 24 23 28 27 -16 -26 -20 -3 -2 -29
right_child=16 19 7 -5 13 -7 -8 12 -10 11 -12 14 -14 -15 15 -17 -18 -19 26 -21 -22 -23 -24 -25 25 -27 -28 29 -30 -31
leaf_value=-0.052093814981122158 0.050298364599807889 -0.050243861969408991 -0.013236983144429674 0.028976483450033171 -0.035279709688928039 -0.049114261700929522 0.04042417501620843 -0.037862967726998042 -0.022264613595346917 0.017636729030681517 0.0059125397209585651 0.065804444750018232 -0.001461284970648777 -0.054526194317076448 0.050483677393506468 0.053701810275076714 0.054271025607698489 0.052192252975733947 -0.05036480921630998 -0.052065938113812674 0.051466715729366369 -0.050738861524792345 0.05046069520482456 -0.050488120432711669 0.050281152132038966 0.05037732433590876 -0.050270401336539552 -0.05033689723782965 0.050223621961931045 -0.050276067159522909
leaf_weight=0.38360407762229165 0.10510616679675944 0.33788527175784178 0.42301964201033238 0.6731960424222051 0.43294832669198502 0.80160668492317189 1.3681043786928055 0.32792155118659128 0.50308458087965835 0.45139794424176249 0.22996101900935173 0.49924019165337075 0.29219921724870801 1.0411312105134127 0.23164564371108987 0.33282039267942309 0.13539803028106689 0.1952265277504921 0.11066892324015498 0.1367692113853991 0.20626413309946656 0.17391152074560523 0.14594145445153117 0.10222797840833664 0.12955169356428087 0.25215903902426362 0.20380312902852893 0.12910077814012766 0.48193531739525497 0.1904726829379797
leaf_count=11 19 72 9 17 24 9 23 17 17 5 5 9 24 35 26 7 4 5 18 6 11 16 20 13 25 36 42 20 110 37
internal_value=-2.17377e-05 -0.00548263 -5.33987e-05 -0.0135452 -0.0198065 -0.00597488 0.00908553 0.019338 0.0275365 0.0374546 -0.0371136 0.0476509 -0.0207106 -0.0488734 0.0558537 0.051543 0.0511401 0.0506834 -0.0512874 -0.0505974 0.0506663 -0.0503823 0.0502815 -0.0503006 0.0503972 0.0503447 -0.0503036 -0.0502715 0.050237 -0.0503006
internal_weight=11.0283 9.9647 8.89433 5.24502 4.57183 3.09775 2.29614 3.6493 3.02918 2.5261 0.928037 2.10308 0.620121 1.47408 1.65168 1.15244 1.06361 0.928209 0.698076 1.07037 0.819621 0.933598 0.732983 0.759687 0.613356 0.381711 0.314472 0.657459 0.587041 0.319573
internal_count=692 534 370 184 167 108 99 186 145 128 76 119 41 59 114 105 158 154 71 164 98 158 149 142 87 61 60 129 129 57
is_linear=0
shrinkage=0.05


Tree=97
num_leaves=31
num_cat=0
split_feature=10 7 27 27 10 20 10 20 18 6 11 19 29 25 27 10 10 18 22 19 10 3 32 19 24 24 10 22 20 20
split_gain=1.1947 0.83009 0.814351 0.70409 0.64231 0.692314 0.715607 0.52873 0.322064 0.239785 0.17219 0.1651 0.0173046 0.00384531 0.000960968 0.000117251 0.000116355 7.93736e-05 1.61218e-05 9.14179e-06 6.31634e-06 2.49247e-06 2.3114e-06 1.19612e-06 3.04247e-07 1.73489e-07 1.39136e-07 1.06079e-07 4.75178e-08 2.26526e-08
threshold=7.3105976581573495 2.5000000000000004 8.5000000000000018 18.500000000000004 6.9049172401428232 3304.0000000000005 6.4542245864868173 88.000000000000014 90368.000000000015 276824064.00000006 4.2752563953399667 66696.531250000015 1.0000000180025095e-35 1.1400913596153261 8.5000000000000018 6.6711206436157235 6.6374311447143564 735488.00000000012 14838.856933593752 44714.666015625007 7.6910860538482675 4.5000000000000009 1.0000000180025095e-35 24857.599609375004 2.7689521312713627 0.99998325109481823 5.7002520561218271 13347.583007812502 102.00000000000001 11766.000000000002
decision_type=2 2 2 2 2 2 2 2 2 2 2 2 2 2 2 2 2 2 2 2 2 2 2 2 2 2 2 2 2 2
left_child=1 2 4 9 5 6 8 -6 -1 14 -9 12 -8 -14 17 18 19 20 25 23 -2 24 -23 26 -22 -4 -3 28 -28 -26
right_child=3 16 15 -5 7 -7 11 10 -10 -11 -12 -13 13 -15 -16 -17 -18 -19 -20 -21 21 22 -24 -25 29 -27 27 -29 -30 -31
leaf_value=-0.018781572214577675 0.050645423736574449 -0.050296963000216494 -0.050210113182202643 -0.057313935197721433 -0.067530209453580001 -0.024634089681769666 0.061654230244845169 0.032862098908667842 0.01611269962801638 0.0014218076251384206 -0.022570068080533093 0.023363577281665666 0.052696712479080976 0.044694770344581823 0.053439627139667413 -0.051814632076067596 -0.051963218129008643 0.051642626256256263 -0.050784704958054816 -0.050698820671991884 0.05029744599614272 0.050279104180092772 0.050551528418683878 -0.050410635362337121 0.050205898081732675 -0.050289592385936568 -0.050247914457994661 -0.0502706278856688 -0.05020375403649633 0.050228078116246772
leaf_weight=1.0744099351577445 0.14065307145938388 0.13863922748714663 0.19892096891999234 0.190812088549137 0.53622907586395718 1.1685273768380282 0.51356948539614655 0.24883412313647568 1.7196429548785088 0.28655485156923521 0.32058873306959867 0.65861489344388235 0.34346380084753036 0.26672540511935949 0.34932373464107502 0.2356624798849225 0.13034958718344569 0.12908062897622574 0.24177658371627331 0.16543009132146835 0.13607539422810078 0.17201451351866126 0.14225126430392265 0.15356597234494984 0.34118827362544835 0.10485103446990252 0.095260591246187687 0.16653293929994106 0.16895925113931298 0.17373175383545458
leaf_count=32 14 24 48 2 4 25 6 32 36 6 11 12 14 31 7 8 6 5 19 16 25 32 16 23 84 20 20 33 42 39
internal_value=-2.35512e-05 -0.00817527 -0.00251642 0.03418 0.00299903 0.00971554 0.0184862 -0.0318999 0.00269465 0.0435115 0.00165343 0.0432412 0.0548911 0.0491989 0.0511243 -0.0508826 -0.0505682 0.0504693 -0.05048 -0.0503635 0.0503324 0.0502868 0.0504024 -0.0502868 0.050231 -0.0502375 -0.0502534 -0.0502394 -0.0502197 0.0502134
internal_weight=10.7122 8.65055 7.63182 2.06169 6.85061 5.74495 4.57643 1.10565 2.79405 1.87087 0.569423 1.78237 1.12376 0.610189 1.58432 0.781211 1.01874 1.23499 0.545549 0.888388 1.10591 0.965261 0.314266 0.722958 0.650995 0.303772 0.569392 0.430753 0.26422 0.51492
internal_count=692 462 298 230 203 156 131 47 68 228 43 63 51 45 222 95 164 215 87 158 210 196 48 142 148 68 119 95 62 123
is_linear=0
shrinkage=0.05


Tree=98
num_leaves=31
num_cat=0
split_feature=10 18 27 7 8 32 18 27 8 23 28 6 12 20 23 11 10 27 10 18 22 11 10 5 8 32 18 8 20 22
split_gain=1.12258 0.803544 0.80704 0.806558 0.923328 0.901464 0.749071 0.664113 0.527198 0.889162 0.354996 0.238052 0.00784846 0.00526918 0.00084401 0.000746185 0.000196335 0.00014318 9.71061e-05 6.82067e-05 1.41282e-05 8.35671e-06 5.4697e-06 4.83039e-06 2.21692e-06 1.98832e-06 9.68507e-07 1.89859e-07 1.66486e-07 1.25391e-07
threshold=7.3105976581573495 3128832.0000000005 7.5000000000000009 2.5000000000000004 3.5000000000000004 1.0000000180025095e-35 365056.00000000006 18.500000000000004 5.5000000000000009 0.93320313096046459 97.500000000000014 276824064.00000006 1.6699568033218386 15.500000000000002 0.97646722197532665 4.8049938678741464 6.6276571750640878 8.5000000000000018 6.6222393512725839 735488.00000000012 14838.856933593752 3.3246505260467534 7.6910860538482675 98512.000000000015 4.5000000000000009 1.0000000180025095e-35 92160.000000000015 4.5000000000000009 19370.000000000004 9388.3750000000018
decision_type=2 2 2 2 2 2 2 2 2 2 2 2 2 2 2 2 2 2 2 2 2 2 2 2 2 2 2 2 2 2
left_child=1 2 3 4 -1 13 8 11 9 10 -7 14 -12 -6 17 21 20 19 23 22 29 -15 -2 26 28 -26 27 -5 -24 -4
right_child=7 -3 16 18 5 6 -8 -9 -10 -11 12 -13 -14 15 -16 -17 -18 -19 -20 -21 -22 -23 24 -25 25 -27 -28 -29 -30 -31
leaf_value=-0.029558744991563808 0.050613674353229145 0.062648154446121304 -0.050205096208904981 -0.050291990198541386 0.059399026588697182 -0.0045461939384111973 0.038151225035948422 -0.05691807449424871 -0.054113801184519875 -0.043571238703644134 0.059591734532098428 0.0013510888826345276 0.048230355356441372 0.05035134776457581 0.054397826487795523 0.054128012466563992 -0.051810349574135044 0.051973087502146624 -0.051743771246024174 0.051560614077210437 -0.050676940210347923 0.050833844415753726 0.050206001893717635 -0.05063421650865009 0.050265422100439307 0.050524434539698848 -0.050395969871560399 -0.050222553877079995 0.050282753443419731 -0.050273893813960427
leaf_weight=1.7334184339269958 0.1338751527946449 0.38474191725254137 0.26803201949223854 0.14656798262149084 0.40088847652077653 0.46593767730519242 0.97257572412490834 0.18273644521832455 0.60762408189475525 0.712845779955387 0.27540992666035891 0.28647875972092141 0.33924629352986813 0.19671289436519146 0.16908266721293319 0.24899088777601719 0.4232479608617723 0.17714291438460339 0.14929866977035999 0.12297566235065449 0.32804986205883324 0.16502380627207458 0.52486128266900778 0.1162017141468823 0.16366868210025132 0.13538432214409113 0.14026555838063359 0.29984334856271744 0.081645980710163713 0.087967172032222152
leaf_count=26 14 4 67 26 4 8 15 2 24 14 9 6 34 31 4 5 16 5 7 5 34 18 130 11 32 16 21 70 16 18
internal_value=-2.29898e-05 -0.00794891 -0.0113113 -0.00501257 0.00133461 0.0135462 0.00113243 0.0338907 -0.0138624 -0.000225094 0.0283695 0.0431347 0.0533211 0.0549451 0.0510691 0.0520215 -0.0509639 0.0506489 -0.0505857 0.0504471 -0.0504402 0.0505715 0.0503154 -0.0503397 0.0502713 0.0503827 -0.0502814 -0.0502454 0.0502163 -0.0502221
internal_weight=10.4407 8.46289 8.07815 6.97085 6.11867 4.38526 3.37364 1.97785 2.40106 1.79344 1.08059 1.79512 0.614656 1.01162 1.50864 0.610728 1.1073 1.33955 0.852177 1.16241 0.684049 0.361737 1.03944 0.702879 0.90556 0.299053 0.586677 0.446411 0.606507 0.355999
internal_count=692 462 458 323 188 162 104 230 89 65 51 228 43 58 222 54 135 218 135 213 119 49 208 128 194 48 117 96 146 85
is_linear=0
shrinkage=0.05


Tree=99
num_leaves=31
num_cat=0
split_feature=7 4 24 25 12 24 17 23 22 12 27 28 33 18 12 25 3 29 28 18 28 26 25 17 19 17 22 12 9 22
split_gain=1.03573 0.844529 0.591898 0.797582 0.82668 1.17203 0.499857 0.529659 0.441534 0.289247 0.221869 0.0650583 0.0540186 0.310796 0.00827026 0.00402407 0.000194095 0.000136172 0.000125811 3.88394e-05 1.13484e-05 6.046e-06 2.77814e-06 3.75618e-07 3.36606e-07 2.83162e-07 1.08247e-07 9.21205e-08 2.12862e-08 4.30164e-09
threshold=2.5000000000000004 258.50000000000006 4.0291795730590829 0.99957478046417247 2.8961431980133061 0.99648618698120128 1.0000000180025095e-35 0.93412640690803539 115408.53125000001 2.7163579463958745 1.5000000000000002 78.500000000000014 1.5000000000000002 114944.00000000001 2.0500890016555791 1.0806183218955996 10.500000000000002 1.0000000180025095e-35 114.50000000000001 101632.00000000001 157.00000000000003 1.0000000180025095e-35 1.2888735532760622 1280.0000000000002 2935.466674804688 768.00000000000011 201944.25000000003 2.555753350257874 0.10818690434098245 228011.87500000003
decision_type=2 2 2 2 2 2 2 2 2 2 2 2 2 2 2 2 2 2 2 2 2 2 2 2 2 2 2 2 2 2
left_child=1 2 3 4 5 16 -3 10 -9 -7 -8 -5 14 -14 -12 -13 -1 -16 22 23 -21 -19 -15 27 -18 -23 -24 28 -2 -28
right_child=19 6 -4 11 -6 9 7 8 -10 -11 12 15 13 18 17 -17 24 21 -20 20 -22 25 26 -25 -26 -27 29 -29 -30 -31
leaf_value=-0.052389595561605856 -0.050181912862113758 -0.042589202105150277 0.032300989017044764 -0.027487908247957927 -0.030400973485489792 0.020030213995765368 0.0028855788218956169 -0.025462646471700403 0.037644101558391097 0.065772524465861779 0.059450655368849005 -0.056041772870651901 -0.027168917462444153 0.050421391099524066 0.052163620791715208 -0.049803730122724994 -0.05032731275306656 0.050617206854762592 0.051666084921973089 -0.051170179136590756 -0.05062665550142216 0.050295754039536324 0.050251462812408491 -0.050316570477699697 -0.050201414465913433 0.050197500625136671 0.050190571185628356 -0.050246256582110363 -0.050211272195844064 0.050176244265624143
leaf_weight=0.20951562002301072 0.11177883693017143 0.27051371987909112 0.78396841743960965 0.33727491763420392 1.3604501830413935 0.67296187626197912 0.32671841606497842 0.68694292707368709 0.46465826942585409 0.71045237500220537 0.50563801405951403 0.49276572023518361 0.15167815284803499 0.27162807108834386 0.139480798272416 0.54386832192540169 0.092966052005067468 0.17373662116006017 0.23828520998358727 0.19188955659046769 0.19225669745355844 0.14217759622260928 0.085423474432900548 0.12367880111560225 0.12377944006584585 0.15143245342187583 0.15045198518782854 0.1652165106497705 0.13790308684110641 0.080385264940559864
leaf_count=5 31 8 27 15 26 36 6 15 37 22 5 10 7 36 9 36 17 19 12 14 29 27 19 21 32 39 40 35 34 23
internal_value=-2.10565e-05 0.00506134 -0.00782102 -0.0147432 -0.000952728 0.0211854 0.0229396 0.0279069 2.24197e-07 0.0435212 0.041203 -0.0465629 0.0471921 0.0386189 0.0547279 -0.052769 -0.0513044 0.0507926 0.0506969 -0.0505141 -0.0508982 0.0503834 0.0503041 -0.0502401 -0.0502554 0.0502451 0.0502034 -0.0502173 -0.0501981 0.0501856
internal_weight=10.0899 9.16715 5.328 4.54403 3.17013 1.80968 3.83915 3.56864 1.1516 1.38341 2.41704 1.37391 2.09032 0.977852 1.11247 1.03663 0.426261 0.606827 0.826174 0.922723 0.384146 0.467347 0.587889 0.538577 0.216745 0.29361 0.316261 0.414898 0.249682 0.230837
internal_count=692 528 226 199 138 112 302 294 52 58 242 61 236 137 99 46 54 94 130 164 43 85 118 121 49 66 82 100 65 63
is_linear=0
shrinkage=0.05


Tree=100
num_leaves=31
num_cat=0
split_feature=10 18 27 7 19 21 20 10 27 10 10 6 9 0 23 10 10 27 10 18 21 10 19 0 19 25 18 17 9 3
split_gain=1.03373 0.757421 0.752579 0.726116 0.916023 0.682376 0.834557 0.60224 0.59716 0.567803 0.473919 0.221139 0.194604 0.00802293 0.000705993 0.000435396 0.000161195 0.000105734 7.20185e-05 6.24991e-05 1.0776e-05 4.01445e-06 3.62694e-06 2.44808e-06 8.30507e-07 4.08509e-07 1.99193e-07 1.30372e-07 1.01249e-07 5.85471e-08
threshold=7.3105976581573495 3128832.0000000005 7.5000000000000009 2.5000000000000004 176640.00000000003 311811.00000000006 3304.0000000000005 6.4869177341461191 18.500000000000004 5.8543989658355722 6.9049172401428232 276824064.00000006 0.3450769186019898 146176.00000000003 0.97646722197532665 6.6711206436157235 6.6276571750640878 8.5000000000000018 6.6222393512725839 735488.00000000012 65757.000000000015 7.6910860538482675 30799.644531250004 466432.00000000006 10837.333496093752 1.3660135269165041 85248.000000000015 1280.0000000000002 0.40619786083698278 7.5000000000000009
decision_type=2 2 2 2 2 2 2 2 2 2 2 2 2 2 2 2 2 2 2 2 2 2 2 2 2 2 2 2 2 2
left_child=1 2 3 4 5 6 7 9 11 -1 13 14 -11 -9 17 -15 20 19 22 21 24 -2 26 25 -4 28 27 29 -23 -5
right_child=8 -3 16 18 -6 -7 -8 10 -10 12 -12 -13 -14 15 -16 -17 -18 -19 -20 -21 -22 23 -24 -25 -26 -27 -28 -29 -30 -31
leaf_value=0.020782080868348221 0.050555684701249819 0.062134621871474449 -0.050189602480502485 -0.050219714594040135 -0.042406538706808598 0.050446567646321688 -0.052905778105005852 0.061020639766164203 -0.05619802100879278 -0.0087573659988551527 -0.0053367738150611127 0.002293999233731032 -0.053771050007680281 0.050609806772770299 0.054130757905976379 0.053434489812788415 -0.051704051471247681 0.051793582701614396 -0.051576214318097349 0.051504990814051292 -0.050647466745815176 0.050286554534040365 -0.050505911901530288 0.050488702727464987 -0.050369447888286137 0.050186150594349332 -0.050303266145182338 -0.050272969242744638 0.050227391528620026 -0.050172418082678388
leaf_weight=0.91862792614847488 0.1214912279974667 0.36913117766380299 0.26467825332656481 0.19225712120532978 1.0014008814468978 0.86251619458198536 0.60076774610206474 0.40113564580678918 0.16748633235692967 0.42812262801453471 0.47634901013225317 0.27989181876182545 0.54673462593927979 0.3322600326500833 0.16039506206288923 0.2314552329480648 0.39688919018954039 0.16203777492046345 0.13561616279184818 0.11856433749198914 0.28507532877847552 0.17525865556672215 0.16865196474827826 0.093562283786013722 0.084746017586439848 0.43421594426035881 0.087910212809219956 0.088297835551202297 0.12311573466286063 0.099188820691779256
leaf_count=16 14 4 72 45 15 13 17 3 2 25 38 6 15 39 4 7 16 5 7 5 31 33 21 14 16 119 16 17 28 29
internal_value=-1.96527e-05 -0.00780981 -0.0112058 -0.00497351 0.00109028 0.0101687 0.00134111 0.0111141 0.0338045 -0.00742373 0.0354695 0.0428388 -0.0340026 0.0556157 0.051011 0.0517696 -0.0509137 0.0506036 -0.0505301 0.0504227 -0.0504193 0.0502873 -0.0503071 0.0502479 -0.0502332 0.0502171 -0.0502354 -0.0502197 0.0502621 -0.0502036
internal_weight=9.80783 7.97181 7.60268 6.57129 5.79937 4.79797 3.93545 3.33469 1.83602 1.89349 1.4412 1.66853 0.974857 0.964851 1.38864 0.563715 1.03139 1.22825 0.771922 1.06621 0.6345 0.947644 0.636306 0.826153 0.349424 0.73259 0.467654 0.379744 0.298374 0.291446
internal_count=692 462 458 323 188 173 160 143 230 56 87 228 40 49 222 46 135 218 135 213 119 208 128 194 88 180 107 91 61 74
is_linear=0
shrinkage=0.05


Tree=101
num_leaves=31
num_cat=0
split_feature=10 7 27 3 32 21 24 23 28 12 25 10 27 25 10 21 19 25 5 19 20 19 25 5 19 24 10 32 23 24
split_gain=0.973729 0.72745 0.760103 0.519399 0.763991 0.789805 0.52106 0.414656 0.284117 0.0825556 0.00368267 0.00218178 0.000403532 0.000329665 6.39313e-05 3.30111e-05 2.88023e-05 1.72231e-05 5.10688e-06 4.8713e-06 1.14939e-06 7.80523e-07 2.95964e-07 1.40627e-07 9.95252e-08 7.93455e-08 5.35512e-08 5.07096e-08 1.17842e-08 7.9501e-09
threshold=7.6910860538482675 2.5000000000000004 8.5000000000000018 3.5000000000000004 1.0000000180025095e-35 364938.00000000006 1.237218499183655 0.56091308593750011 448.00000000000006 2.8232713937759404 0.7577103078365327 7.4684011936187753 8.5000000000000018 0.97418808937072765 6.6374311447143564 429698.00000000006 142165.33593750003 0.87433969974517833 98512.000000000015 13781.333496093752 18723.500000000004 30799.644531250004 1.2002312541007998 11284.000000000002 11315.200195312502 0.99935910105705272 6.0228445529937753 1.0000000180025095e-35 0.032348632812500007 5.0357227325439462
decision_type=2 2 2 2 2 2 2 2 2 2 2 2 2 2 2 2 2 2 2 2 2 2 2 2 2 2 2 2 2 2
left_child=1 2 3 -1 10 6 -6 -8 12 11 -5 15 16 17 18 19 20 -12 21 23 22 24 25 -4 27 -2 -26 -3 -29 -24
right_child=8 14 9 4 5 -7 7 -9 -10 -11 13 -13 -14 -15 -16 -17 -18 -19 -20 -21 -22 -23 29 -25 26 -27 -28 28 -30 -31
leaf_value=-0.017554787886972546 0.050212559739785757 -0.050221074874643105 -0.050175155848278835 0.057978028129469075 0.010765000008745198 0.0367509370165141 0.01097997780941108 -0.052518547787356207 -0.018470788902103564 -0.01510779719099564 0.051035853134902234 -0.057000173547054771 0.052997901614903781 0.053105444025516015 -0.051603090430729005 -0.051209399113007453 0.051052697979778162 0.050296934148969408 -0.050573712606295673 -0.050570678792969982 0.050364118558541039 -0.050379312280328964 0.050167470312141131 -0.050257394000241706 -0.05026194629993197 0.050272050235948398 -0.050214706983833526 -0.050163963729618115 -0.05019037775439085 0.050181198012725962
leaf_weight=1.8698502446059118 0.10044486843980915 0.086541169323027023 0.17579841427505005 0.3835600574966519 1.2297524497844285 1.2070021051913498 0.35645750816911437 0.92236757511273026 0.17195802554488171 0.19070009142160416 0.13052055053412914 0.17545974999666214 0.16925656422972679 0.21511681750416756 0.10756542207673192 0.14785122498869896 0.12186914961785078 0.19924231572076678 0.13582055922597647 0.13682864257134497 0.12676713825203478 0.079726353287696838 0.18846206157468259 0.073807587148621678 0.10066865500994027 0.12680927501060069 0.14847865677438676 0.1072124089114368 0.069660269655287266 0.23949078749865294
leaf_count=29 24 20 51 6 35 27 36 33 3 6 10 2 4 7 6 8 7 38 16 15 22 13 57 16 20 25 37 33 19 67
internal_value=-2.0586e-05 -0.00624085 -0.00125628 0.00469596 0.0136549 0.00351741 -0.0124729 -0.0348191 0.041196 -0.044315 0.0542248 -0.0521627 0.0507573 0.0515827 -0.0504653 -0.050574 0.0503377 0.0505894 -0.0502972 -0.0503309 0.0502263 -0.0502338 0.0501996 -0.0501995 -0.0502111 0.0502458 -0.0502338 -0.0501897 -0.0501744 0.0501752
internal_weight=9.49505 8.24999 7.41432 6.51387 4.64402 3.71558 2.50858 1.27883 1.24506 0.900446 0.92844 0.709746 1.0731 0.54488 0.835673 0.534286 0.903843 0.329763 0.728108 0.386435 0.781974 0.592288 0.655207 0.249606 0.512561 0.227254 0.249147 0.263414 0.176873 0.427953
internal_count=692 483 319 221 192 131 104 69 209 98 61 92 206 55 164 90 202 48 158 82 195 142 173 67 129 49 57 72 52 124
is_linear=0
shrinkage=0.05


Tree=102
num_leaves=31
num_cat=0
split_feature=10 18 27 19 7 5 6 27 12 22 18 6 3 23 10 27 10 5 22 28 10 9 19 10 25 19 19 3 23 24
split_gain=0.933912 0.705164 0.691774 0.655735 0.836861 0.597967 0.821214 0.547963 0.539064 0.445034 0.37464 0.205935 0.0632917 0.000564026 0.000125652 8.41816e-05 5.54057e-05 5.43734e-05 9.54704e-06 4.40124e-06 3.7461e-06 1.57968e-06 1.12187e-06 2.61494e-07 1.49382e-07 8.35837e-08 5.58972e-08 5.16791e-08 2.31573e-08 1.43398e-08
threshold=7.3105976581573495 3128832.0000000005 7.5000000000000009 146562.03125000003 2.5000000000000004 77060.500000000015 10518528.000000002 18.500000000000004 2.0387133359909062 11371.409179687502 152064.00000000003 276824064.00000006 3.5000000000000004 0.97646722197532665 6.6276571750640878 8.5000000000000018 6.6222393512725839 787546.00000000012 14838.856933593752 114.50000000000001 7.8385148048400888 2.6634348630905156 24857.599609375004 6.6437258720397958 1.2002312541007998 9002.6665039062518 11315.200195312502 7.5000000000000009 0.93701171875000011 0.99763110280036937
decision_type=2 2 2 2 2 2 2 2 2 2 2 2 2 2 2 2 2 2 2 2 2 2 2 2 2 2 2 2 2 2
left_child=1 2 3 4 5 6 8 11 -1 -10 12 13 -7 15 18 17 22 20 25 23 21 -2 26 -14 -22 29 27 -6 -26 -4
right_child=7 -3 14 -5 16 10 -8 -9 9 -11 -12 -13 19 -15 -16 -17 -18 -19 -20 -21 24 -23 -24 -25 28 -27 -28 -29 -30 -31
leaf_value=0.038264364110044177 0.050458109406664266 0.061556408808924559 -0.050161138701407482 -0.041758879096121991 -0.050206070324953271 0.082747138014931901 -0.052283469103613547 -0.055764388493496575 -0.052492333491862157 0.012464374678292506 0.015043906895064213 0.0030231768112630435 0.050381803174409413 0.053825786146224956 -0.051567708536510617 0.051661110396870318 -0.051424071281514327 0.05157193348328213 -0.050592857904287608 0.050661811371636535 0.05022604919195376 0.050233457553691234 -0.050361993755542581 0.050280136716581852 0.0501587667781659 -0.050235217751990739 -0.050223071150116205 -0.050155957580751191 0.05018789834095852 -0.050186480699691942
leaf_weight=0.95839156070724207 0.26673943246714749 0.3518216386437415 0.13386685075238336 1.0122849950566886 0.12049624952487636 0.23913182318210591 0.68733983859419812 0.15624426305294026 0.43322686431929447 0.673789132386446 1.1738344011828301 0.27214144729077805 0.11936990031972528 0.15017856680788089 0.36644055601209402 0.15096660703420639 0.12307809107005596 0.088688322808593512 0.28076328756287694 0.16148686036467552 0.14825911168009043 0.11073618638329208 0.15344534115865827 0.13452668278478086 0.26356209930963814 0.066895203432068229 0.17257674876600504 0.089778386754915118 0.092041281517595053 0.095747247571125627
leaf_count=13 38 4 42 18 30 1 23 2 19 29 24 6 17 4 16 5 7 4 34 21 34 28 25 26 84 16 41 29 25 27
internal_value=-2.17259e-05 -0.00756129 -0.0109403 -0.00491782 0.00219865 0.00977906 -0.00494306 0.0334639 0.0108112 -0.0129562 0.0319446 0.0424974 0.0622549 0.0509483 -0.0508436 0.0505628 -0.0504673 0.0503919 -0.0503839 0.0504577 0.0502731 0.0503922 -0.0502478 0.0503279 0.0501839 -0.050186 -0.050202 -0.0501847 0.0501663 -0.0501717
internal_weight=9.24785 7.54829 7.19647 6.25276 5.24047 4.5811 2.75275 1.69956 2.06541 1.10702 1.82835 1.54331 0.654515 1.27117 0.943713 1.12099 0.659375 0.970026 0.577273 0.415383 0.881338 0.377476 0.536297 0.253897 0.503862 0.296509 0.382851 0.210275 0.355603 0.229614
internal_count=692 462 458 323 305 173 84 230 61 48 89 228 65 222 135 218 132 213 119 64 209 66 125 43 143 85 100 59 109 69
is_linear=0
shrinkage=0.05


Tree=103
num_leaves=31
num_cat=0
split_feature=10 18 7 19 32 19 12 3 5 4 29 9 12 0 33 23 19 9 4 10 22 5 25 10 19 10 28 24 19 10
split_gain=0.878313 0.661566 0.535785 0.680743 0.613828 0.723331 0.660365 0.533591 0.50013 0.419082 0.357042 0.0824125 0.062686 0.00334178 0.000928893 0.000509273 0.000362606 0.000252964 4.74161e-05 4.72962e-05 7.87512e-06 3.83701e-06 3.62873e-06 3.10064e-06 5.77768e-07 4.8958e-07 4.79021e-07 1.10948e-07 7.36408e-08 3.96281e-08
threshold=7.3105976581573495 3128832.0000000005 2.5000000000000004 144664.89062500003 1.0000000180025095e-35 115968.00000000001 0.73497411608695995 3.5000000000000004 284841.50000000006 264.50000000000006 2.5000000000000004 0.011486140079796316 2.5851089954376225 109360.00000000001 2.5000000000000004 0.97646722197532665 35891.199218750007 2.8090267181396489 258.50000000000006 6.6374311447143564 16386.066894531254 98512.000000000015 0.90388047695159923 7.7570912837982187 30799.644531250004 7.6989610195159921 108.00000000000001 0.99714457988739025 11315.200195312502 6.0228445529937753
decision_type=2 2 2 2 2 2 2 2 2 2 2 2 2 2 2 2 2 2 2 2 2 2 2 2 2 2 2 2 2 2
left_child=1 2 3 4 7 6 -6 -1 15 12 -11 -12 14 -9 17 18 22 20 -2 21 26 24 -15 25 28 -20 -8 -28 -4 -30
right_child=8 -3 19 -5 5 -7 9 13 -10 10 11 -13 -14 16 -16 -17 -18 -19 23 -21 -22 -23 -24 -25 -26 -27 27 -29 29 -31
leaf_value=-0.001515979556746915 0.05101743926317634 0.060908267843762298 -0.050171594781528453 -0.041516141826167668 0.055353833049914571 0.037386411656951363 -0.050329230362711974 0.057995728428258099 -0.0097685326114529923 -0.028690118725147897 0.0068265396735099322 0.050974260783032244 -0.023193798595045965 0.050624880435952313 -0.054958717334831778 0.053131383853338848 0.053044525415879062 -0.052003452931554332 0.050458406361138353 -0.051448478086783211 -0.050707815844631944 -0.050520733927813324 0.050274192567779465 0.050159493577160652 -0.050343033520292062 0.05031594139006669 -0.050163762841618165 -0.05024138571280419 -0.050236902868968564 -0.050194191277067049
leaf_weight=0.87374077923595883 0.28989583789370932 0.33813388645648945 0.23842786508612324 1.1036166157573459 0.2532524913549431 0.63944777008146036 0.092488393653184398 0.32305830717086792 0.47927836002781976 0.68089043907821156 0.20333260763436556 0.22017784928902984 0.225323085207492 0.12630625115707517 0.21187159768305719 0.22676001815125346 0.23230701684951782 0.55814947304315865 0.12040638667531312 0.097623194567859173 0.12609891826286912 0.12334527587518096 0.1773295842576772 0.3945131809450686 0.072183037176728249 0.1208110770676285 0.12823562137782574 0.071813696064054966 0.091131552355363965 0.13439289876259863
leaf_count=16 31 4 72 24 3 11 16 3 26 11 20 24 14 13 7 6 5 22 17 6 10 16 37 126 13 24 41 17 20 37
internal_value=-2.66138e-05 -0.00740025 -0.0106977 -0.00588378 0.0017612 -0.0105492 -0.0216085 0.0259954 0.0331556 -0.0293479 -0.00626889 0.0297784 -0.047374 0.0539789 -0.0519576 0.0510077 0.0515577 -0.0513066 0.0504875 -0.0504213 -0.0503775 -0.0502693 0.0504201 0.0502458 -0.0502114 0.0503871 -0.0502351 -0.0501916 -0.050191 -0.0502115
internal_weight=8.97434 7.34268 7.00454 6.24744 5.14382 3.41108 2.77163 1.73274 1.63166 2.51838 1.1044 0.42351 1.41398 0.859001 1.18866 1.15239 0.535943 0.976786 0.925626 0.757104 0.418637 0.659481 0.303636 0.635731 0.536135 0.241217 0.292538 0.200049 0.463952 0.225524
internal_count=692 462 458 294 270 196 185 74 230 182 55 44 127 58 113 204 55 106 198 164 84 158 50 167 142 41 74 58 129 57
is_linear=0
shrinkage=0.05


Tree=104
num_leaves=31
num_cat=0
split_feature=10 27 7 3 32 18 4 12 29 10 12 10 25 10 4 27 10 10 12 10 0 0 9 5 19 19 10 4 19 19
split_gain=0.839096 0.751964 0.759531 0.475316 0.631293 0.741751 0.528874 0.426285 0.399392 0.350947 0.0824694 0.00979457 0.00330671 0.00302084 0.000284204 0.00025168 0.000183444 7.14577e-05 4.24099e-05 3.98973e-05 7.07606e-06 4.74445e-06 1.93399e-06 1.93332e-06 1.73633e-06 4.24949e-07 3.55082e-07 1.65174e-07 6.01677e-08 4.27706e-08
threshold=7.8300440311431894 8.5000000000000018 2.5000000000000004 3.5000000000000004 1.0000000180025095e-35 187648.00000000003 258.50000000000006 1.4882033467292788 2.5000000000000004 6.6494672298431405 2.8258566856384282 6.7673652172088632 0.67035490274429332 7.6393072605133066 264.50000000000006 8.5000000000000018 7.4684011936187753 6.7254662513732919 2.9327437877655034 6.6222393512725839 678668.00000000012 468992.00000000006 3.7615489959716801 98512.000000000015 13781.333496093752 24857.599609375004 7.0807301998138437 270.50000000000006 9002.6665039062518 11315.200195312502
decision_type=2 2 2 2 2 2 2 2 2 2 2 2 2 2 2 2 2 2 2 2 2 2 2 2 2 2 2 2 2 2
left_child=1 2 3 -1 12 6 -6 -8 -9 -7 13 -11 -5 17 -14 21 -13 20 26 23 24 27 -18 25 28 29 -16 -2 -3 -4
right_child=15 10 19 4 5 9 7 8 -10 11 -12 16 14 -15 18 -17 22 -19 -20 -21 -22 -23 -24 -25 -26 -27 -28 -29 -30 -31
leaf_value=-0.01527298733245709 0.050217604161101416 -0.050155330716471262 -0.050166209016409537 0.058568011937828561 -0.051438387062843052 0.0099539724611741719 0.040468224368286142 -0.054389793870269577 0.017642420174306058 0.063495624918446167 -0.014499742098169441 0.052271810946543401 0.052882597179512582 -0.057457484502808909 0.050359336684964118 0.052287110350498482 0.050466285666198929 -0.051696169382222504 0.051460611714833529 -0.051286798228998391 -0.050735916030767797 0.050612268889662373 0.050170048820533913 -0.05046000669709233 -0.050403387444221008 -0.0503025854852319 0.050231997349968055 0.050152804055650493 -0.050212460925255935 -0.050200961110851178
leaf_weight=1.8231280324980614 0.1408401047810911 0.19294680724851776 0.1990942119155078 0.24227653443813313 0.66727983346208963 0.98349422216415383 0.4833768196403978 0.39652287471108139 0.37388556031510234 0.24643847346305847 0.17321926238946617 0.25841561891138554 0.27037688088603318 0.22423461824655533 0.12059240555390716 0.2056141309440136 0.16474685026332736 0.12307178881019354 0.12279898324050009 0.11166734434664249 0.090307151433080435 0.070556631544604897 0.082778542768210173 0.090029845014214516 0.11476180795580149 0.091119673103094101 0.10025902395136654 0.32588530122302473 0.060548580251634121 0.15943852183409035
leaf_count=31 34 64 62 2 39 21 11 8 36 2 8 8 9 2 18 6 21 5 15 7 7 9 25 12 20 18 25 109 16 42
internal_value=-2.26246e-05 -0.00476173 0.000988301 0.00627351 0.0149772 0.00592832 -0.0154773 0.00366159 -0.019432 0.0296176 -0.0457994 0.0553215 0.0536216 -0.0525272 0.0516699 0.0507994 0.05134 -0.0506264 0.0507157 -0.0504265 -0.0503393 0.0502301 0.0503672 -0.0502485 -0.050242 -0.0502062 0.0503015 0.0501724 -0.050169 -0.0501817
internal_weight=8.70971 7.96681 6.98772 6.33637 4.51324 3.65694 1.92107 1.25379 0.770408 1.73587 0.97909 0.752379 0.856304 0.805871 0.614027 0.742896 0.505941 0.581636 0.34365 0.65135 0.458564 0.537282 0.247525 0.539682 0.368257 0.449652 0.220851 0.466725 0.253495 0.358533
internal_count=692 534 412 271 240 171 94 55 44 77 122 56 69 114 67 158 54 112 58 141 107 152 46 134 100 122 43 143 80 104
is_linear=0
shrinkage=0.05


Tree=105
num_leaves=31
num_cat=0
split_feature=7 4 18 12 27 17 20 11 33 11 12 28 25 25 21 18 18 4 18 12 22 18 28 17 9 18 12 17 20 27
split_gain=0.757202 0.635903 0.723253 0.535837 1.18576 0.411537 0.489001 0.782997 0.630793 0.374959 0.243181 0.0433838 0.0430133 0.0152606 0.0320231 0.00999715 0.00403276 0.00124392 0.000656814 0.000544398 2.28059e-05 1.58652e-05 4.60368e-06 1.01864e-06 2.01491e-07 1.98651e-07 1.77918e-07 1.50029e-07 4.30682e-08 3.56977e-08
threshold=2.5000000000000004 258.50000000000006 3128832.0000000005 2.8961431980133061 2.5000000000000004 1.0000000180025095e-35 1561.0000000000002 5.134796380996705 1.0000000180025095e-35 5.1997933387756357 2.5851089954376225 104.50000000000001 1.2888735532760622 0.90388047695159923 31356.000000000004 365056.00000000006 87552.000000000015 270.50000000000006 236544.00000000003 3.1821014881134038 42125.199218750007 101632.00000000001 157.00000000000003 17920.000000000004 0.15775315463542941 12544.000000000002 2.226447701454163 1280.0000000000002 26.000000000000004 5.5000000000000009
decision_type=2 2 2 2 2 2 2 2 2 2 2 2 2 2 2 2 2 2 2 2 2 2 2 2 2 2 2 2 2 2
left_child=1 2 3 4 -1 -3 12 -8 -9 10 13 15 16 14 25 17 -7 -10 -15 20 24 27 -23 -19 29 -6 -26 28 -2 -18
right_child=21 5 -4 -5 9 6 7 8 11 -11 -12 -13 -14 18 -16 -17 19 23 -20 -21 -22 22 -24 -25 26 -27 -28 -29 -30 -31
leaf_value=0.04365451316489817 -0.050184303803871656 -0.04165154931159129 0.059150652701086527 -0.043475736026298333 -0.050264790765789248 0.058238231251293432 -0.041321147782145927 -0.045838166686844498 0.054927226348679782 0.0025499403211642641 0.0086658717312577006 0.025935131225422337 0.027513124425216036 -0.051374772935779744 -0.0094744035215295879 0.065653214498672896 0.050270239393885363 0.050139276054622539 -0.054136068260560291 0.053167823292660767 0.050971109908692226 -0.050865884764401917 -0.050464830930591703 0.050331972194355395 0.050269240624448069 -0.05015479356190046 0.050162755259976599 -0.050233837375443194 -0.050145993043039586 0.050309507955056412
leaf_weight=0.95166532276198301 0.12050922634080041 0.23836254421621594 0.37361033726483572 1.0975197246298192 0.076993351336568816 0.28974315011873863 0.53325840714387585 0.20914527401328065 0.23944577574729919 0.8483947692438959 0.21373266167938698 0.14938953286036849 0.19143521948717523 0.44684367370791733 0.068215556442737579 0.18157729506492615 0.11666332790628076 0.23382037808187306 0.41570367431268096 0.28292122227139771 0.15890828985720873 0.14310368942096829 0.14311645203270018 0.097048363648355007 0.078946043271571398 0.087912490591406822 0.077966633019968867 0.091701941797509789 0.18749724538065493 0.11485033575445414
leaf_count=38 34 8 8 32 18 7 29 10 3 24 15 10 27 35 14 1 23 85 12 7 15 14 29 18 15 30 25 21 66 19
internal_value=-2.23622e-05 0.00442094 -0.00751929 -0.0134401 -0.00283863 0.0215475 0.0266452 0.00847741 0.0323921 -0.0233438 -0.040121 0.0505457 0.0494157 -0.0496379 -0.0382873 0.0554354 0.0531594 0.0521823 -0.0527056 0.051387 0.0504665 -0.0503812 -0.0506653 0.0501958 0.0502601 -0.0502062 0.0502163 -0.0501777 -0.050161 0.0502897
internal_weight=8.46 7.77407 4.58059 4.20698 3.10946 3.19348 2.95512 1.64369 1.11043 2.1578 1.3094 0.901281 1.31143 1.09567 0.233121 0.751892 1.12 0.570315 0.862547 0.830256 0.547335 0.685929 0.28622 0.330869 0.388426 0.164906 0.156913 0.399708 0.308006 0.231514
internal_count=692 528 226 218 186 302 294 156 127 148 124 117 138 109 62 107 111 106 47 104 97 164 43 103 82 48 40 121 100 42
is_linear=0
shrinkage=0.05


Tree=106
num_leaves=31
num_cat=0
split_feature=10 27 7 3 32 21 24 9 23 11 11 21 22 25 10 11 27 29 10 10 21 22 18 10 18 22 18 4 3 32
split_gain=0.78177 0.694055 0.682866 0.427171 0.582839 0.679205 0.513865 0.439927 0.339341 0.282497 0.0826019 0.103107 0.00893273 0.00240717 0.00239282 0.000351422 0.000212122 6.24105e-05 6.21932e-05 2.95812e-05 1.32116e-05 3.71484e-06 3.53096e-06 1.71939e-06 1.40666e-06 3.7183e-07 3.35837e-07 1.48145e-07 5.93679e-08 2.39375e-08
threshold=7.8300440311431894 8.5000000000000018 2.5000000000000004 3.5000000000000004 1.0000000180025095e-35 364938.00000000006 1.237218499183655 3.4144024848937993 0.56091308593750011 4.6360843181610116 2.6771810054779057 20593.000000000004 143329.16406250003 0.67035490274429332 7.6393072605133066 4.926105499267579 8.5000000000000018 1.0000000180025095e-35 6.6711206436157235 6.6222393512725839 647160.00000000012 36439.304687500007 373504.00000000006 6.9839320182800302 224000.00000000003 13867.000000000002 92160.000000000015 270.50000000000006 4.5000000000000009 1.5000000000000002
decision_type=2 2 2 2 2 2 2 2 2 2 2 2 2 2 2 2 2 2 2 2 2 2 2 2 2 2 2 2 2 2
left_child=1 2 3 -1 13 6 7 -6 -8 -7 11 -3 -11 -5 18 17 22 -15 21 24 -14 25 27 -19 26 -12 28 -2 -4 -30
right_child=16 10 19 4 5 9 8 -9 -10 12 14 -13 20 15 -16 -17 -18 23 -20 -21 -22 -23 -24 -25 -26 -27 -28 -29 29 -31
leaf_value=-0.014631125259692136 0.050205431579575077 -0.050135808559081618 -0.05019535221517777 0.057714979743455241 -0.022281836443819144 0.006961338545530632 0.009091764860325903 0.040402963008408455 -0.052245498972263861 0.062614011746925893 -0.050168751170448722 0.028559015708441871 0.051631435929622299 0.05167445097544552 -0.057059869893661769 0.053466525993710816 0.052160325368842242 0.050458343223041061 -0.051468463088970462 -0.05116345747409539 0.051048541024921804 -0.050565814559792421 0.050545610118599961 0.050203931525778046 -0.050429013760190371 -0.050319924820819921 -0.050266305328002463 0.050141433089278944 -0.050170102182225035 -0.050135386972069353
leaf_weight=1.7703292930964378 0.12929039611481119 0.09004997694864858 0.098431777907535323 0.22397117316722859 0.49606651975773342 0.49052575556561329 0.31538551952689864 0.64230089960619807 0.79110207874327898 0.31457161903381348 0.11991398641839623 0.077398802153766155 0.17599247070029378 0.12756319041363895 0.21522596478462219 0.17354972008615732 0.19453510642051697 0.13059932366013527 0.21568654617294669 0.10133206006139517 0.21716310339979827 0.13579701539129019 0.069151317700743675 0.13512131059542298 0.071874413872137666 0.061555420514196157 0.10607942705973983 0.30080533656291664 0.079313473543152213 0.13280164822936058
leaf_count=31 33 34 26 2 29 15 36 16 33 2 39 7 17 6 2 4 6 19 10 7 23 16 10 38 11 14 23 109 24 50
internal_value=-2.23135e-05 -0.0047138 0.000950391 0.00599347 0.0146173 0.00572662 -0.010498 0.0130868 -0.0347624 0.0361225 -0.0455056 -0.0137612 0.0563341 0.0533264 -0.0526103 0.0515924 0.0507597 0.0507654 -0.0508134 -0.050386 0.0513095 -0.050368 0.050214 0.050329 -0.0502247 -0.05022 -0.0501895 0.0501607 -0.0501633 -0.0501484
internal_weight=8.20348 7.5097 6.59407 6.00424 4.23391 3.44311 2.24486 1.13837 1.10649 1.19825 0.915628 0.167449 0.707727 0.790805 0.748179 0.566834 0.693782 0.393284 0.532953 0.589833 0.393156 0.317266 0.499247 0.265721 0.488501 0.181469 0.416626 0.430096 0.310547 0.212115
internal_count=692 534 412 271 240 171 114 45 69 57 122 41 42 69 81 67 158 63 79 141 40 69 152 57 134 53 123 142 100 74
is_linear=0
shrinkage=0.05


Tree=107
num_leaves=31
num_cat=0
split_feature=7 18 0 25 25 18 11 5 14 25 28 24 25 0 6 6 27 22 25 33 18 22 8 23 0 11 18 18 24 28
split_gain=0.682328 0.517215 0.739241 1.16041 0.495133 0.41066 0.400573 0.37373 0.366058 0.629895 0.314109 0.24199 0.186285 0.105281 0.0791014 0.0561623 0.016759 0.00981563 0.000744426 0.000471912 0.00035884 0.000210867 6.6975e-05 2.78325e-05 1.45189e-05 6.67246e-06 1.68649e-06 5.08399e-07 3.38358e-07 1.40228e-07
threshold=2.5000000000000004 85248.000000000015 239580.00000000003 1.3778948187828066 0.6642267405986787 34048.000000000007 4.6926512718200692 37279.000000000007 1.0000000180025095e-35 1.0092352628707888 133.50000000000003 2.6757831573486333 0.54199773073196422 94740.000000000015 276824064.00000006 1686110208.0000002 8.5000000000000018 149206.12500000003 0.94289657473564159 1.5000000000000002 189696.00000000003 270418.40625000006 4.5000000000000009 0.60302734375000011 196248.00000000003 4.525393247604371 145152.00000000003 101632.00000000001 0.99893736839294445 71.500000000000014
decision_type=2 2 2 2 2 2 2 2 2 2 2 2 2 2 2 2 2 2 2 2 2 2 2 2 2 2 2 2 2 2
left_child=1 5 11 4 -4 6 7 12 -6 -10 17 13 -1 -3 -11 16 20 -5 -7 22 23 25 -14 26 27 -19 29 -2 -24 -15
right_child=24 2 3 10 8 18 -8 -9 9 14 -12 -13 19 15 -16 -17 -18 21 -20 -21 -22 -23 28 -25 -26 -27 -28 -29 -30 -31
leaf_value=0.0089840692203281957 -0.050158978769052724 0.079779907822618151 0.025545858519756787 0.061856233187104703 -0.058637225220712325 -0.054687929227690973 0.03575325094854119 0.041114635413775968 0.03479933797661041 -0.023098814008520503 -0.0064150404542648969 -0.0061326795339133764 -0.051607123598734185 0.050192729114263313 -0.051777188205054718 0.017107481219269079 0.034143282886605501 0.0506466227264874 -0.051106577595590723 -0.054040698257546177 0.053323354456495289 0.052119019632290792 -0.050142644744337342 0.051019119589116417 -0.050707247753458765 0.050136166815231586 0.050473800774578165 -0.050303507515764546 -0.05029632791444974 0.050269063614786752
leaf_weight=0.16087615699507274 0.35633703949861217 0.23394097387790669 0.51632064860314208 0.30280220508575417 0.69993883278220925 0.25593462237156916 0.45136632071807981 0.1863664067350328 0.44500762503594138 0.49109139409847558 0.27359470399096608 0.23076455062255252 0.20240081660449505 0.093929469352587835 0.47110298508778214 0.17773411236703396 0.18065860727801919 0.079746661707758904 0.33505870634689927 0.20431705354712903 0.14839996583759785 0.23545959126204252 0.086349482415243983 0.22112134727649391 0.19136352953501046 0.32460842444561422 0.11162749165669084 0.073376006912440062 0.061197772854939103 0.16736123990267515
leaf_count=19 120 1 10 2 10 12 8 7 39 30 7 13 7 27 17 7 9 11 28 5 3 7 32 31 30 123 17 14 14 32
internal_value=-2.07697e-05 0.00423217 0.0121867 0.000379684 -0.0183356 -0.0178867 -0.00269726 -0.0219486 -0.029088 -0.0143903 0.0407499 0.041145 -0.038383 0.0493186 -0.0371401 0.0428452 0.0478008 0.0544396 -0.0526575 -0.0521313 0.0511241 0.0509295 -0.0510165 0.0505747 -0.050345 0.0502368 0.0503111 -0.0501837 -0.0502064 0.0502416
internal_weight=7.97015 7.34908 5.40521 3.83967 2.62346 1.94387 1.35287 0.901508 2.10714 1.4072 1.21621 1.56554 0.715141 1.33477 0.962194 1.10083 0.923098 0.942617 0.590993 0.554265 0.74244 0.639815 0.349948 0.59404 0.621077 0.404355 0.372918 0.429713 0.147547 0.261291
internal_count=692 528 396 256 106 132 92 84 96 86 150 140 77 127 47 126 119 143 40 58 110 141 53 107 164 134 76 134 46 59
is_linear=0
shrinkage=0.05


Tree=108
num_leaves=31
num_cat=0
split_feature=10 18 27 19 21 20 10 32 27 10 4 9 10 25 29 10 9 23 10 0 27 28 22 7 21 18 5 19 21 22
split_gain=0.715166 0.581904 0.554758 0.504248 0.635054 0.504849 0.57174 0.514369 0.444835 0.39476 0.304022 0.144088 0.269103 0.0618413 0.0229414 0.0110974 0.000377539 0.000275001 7.39089e-05 4.4765e-05 1.77701e-05 1.10298e-05 4.94152e-06 3.2556e-06 8.25877e-07 1.30248e-07 7.50297e-08 4.62053e-08 7.36358e-09 3.94571e-09
threshold=7.3105976581573495 3128832.0000000005 7.5000000000000009 146562.03125000003 311811.00000000006 3304.0000000000005 6.4869177341461191 1.5000000000000002 18.500000000000004 6.9049172401428232 258.50000000000006 4.1499738693237314 7.6910860538482675 0.90388047695159923 1.5000000000000002 6.6441054344177255 0.3450769186019898 0.97646722197532665 6.6276571750640878 600716.00000000012 5.5000000000000009 86.500000000000014 14838.856933593752 2.5000000000000004 328390.50000000006 92160.000000000015 407293.50000000006 9002.6665039062518 420978.00000000006 4589.7778320312509
decision_type=2 2 2 2 2 2 2 2 2 2 2 2 2 2 2 2 2 2 2 2 2 2 2 2 2 2 2 2 2 2
left_child=1 2 3 4 5 6 7 10 11 14 -1 17 -13 -12 -8 -16 23 19 22 20 24 -14 27 -9 -2 -25 28 29 -26 -4
right_child=8 -3 18 -5 -6 -7 9 16 -10 -11 13 12 21 -15 15 -17 -18 -19 -20 -21 -22 -23 -24 25 26 -27 -28 -29 -30 -31
leaf_value=-0.01585948502549199 0.050280249589284343 0.059837705485475082 -0.050123149318016029 -0.039125001793210164 0.044865376571396977 -0.052085957697123542 0.056282519546922365 -0.050563351885503642 -0.054739705644512415 -0.011130720008923151 0.013066379578509977 -0.048117387330573261 0.050138261167457614 0.049728842324781135 0.030054437688841085 0.048436562999428487 -0.05287531938905176 0.052688321549975249 -0.051315349799669396 0.051281725283180424 0.05079134692229692 0.050950143166975465 -0.050475008355145012 -0.050121126447771308 0.050135817838231678 -0.050220468648399685 0.050185074071714991 -0.050183974700795442 0.050116674185046256 -0.05013826250199567
leaf_weight=0.81689543649554319 0.16108971438370623 0.30850371345877636 0.094932470470666774 0.89115772489458311 0.72551787714473892 0.51780151994898904 0.45917078247293808 0.082490213681012281 0.13212200999259938 0.41628234647214413 0.19681259291246533 0.11612286511808634 0.098577752476558089 0.27676872396841645 0.16910424036905169 0.15959185967221856 0.42984541528858244 0.18764905584976077 0.30638745496980846 0.16684972029179335 0.17037334968335927 0.07267333404161036 0.22094352240674198 0.075979636050760746 0.080299564870074391 0.058321123011410236 0.065251343185082078 0.051399433519691229 0.13415060029365122 0.079230997595004737
leaf_count=38 37 4 39 18 16 29 12 10 2 39 25 2 37 19 27 15 27 5 16 9 23 9 34 32 30 16 18 16 58 30
internal_value=-2.58818e-05 -0.00713971 -0.0105672 -0.00483738 0.00213152 -0.00634174 0.00119868 -0.0156195 0.0325201 0.0282541 0.00261878 0.0417209 0.0106402 0.0344925 0.0490637 0.0389795 -0.0520173 0.0509702 -0.0507173 0.0505559 0.0503577 0.0504828 -0.0503069 -0.0503161 0.0501901 -0.0501643 0.0501381 -0.0501423 0.0501238 -0.05013
internal_weight=7.7223 6.33714 6.02863 5.27574 4.38458 3.65906 3.14126 1.93711 1.38516 1.20415 1.29048 1.25304 0.287374 0.473581 0.787867 0.328696 0.646636 0.965663 0.752894 0.778014 0.611165 0.171251 0.446506 0.216791 0.440791 0.134301 0.279702 0.225563 0.21445 0.174163
internal_count=692 462 458 323 305 289 260 167 230 93 82 228 48 44 54 42 85 180 135 175 166 46 119 58 143 48 106 85 88 69
is_linear=0
shrinkage=0.05


Tree=109
num_leaves=31
num_cat=0
split_feature=10 18 19 18 28 20 10 19 11 10 24 14 12 3 9 25 19 10 20 25 10 33 18 3 9 21 20 11 22 25
split_gain=0.678291 0.528646 0.479005 0.641294 0.465595 0.705564 0.424804 0.385923 0.601873 0.473808 0.345829 0.327033 0.246906 0.143078 0.13589 0.0340582 0.0117677 0.0077729 0.00232616 0.000972221 0.000618444 0.000196193 0.000106227 7.25812e-05 3.42519e-05 2.67658e-05 1.14674e-05 9.26273e-06 1.71976e-07 9.33476e-08
threshold=7.8300440311431894 3128832.0000000005 144664.89062500003 87552.000000000015 98.500000000000014 3304.0000000000005 6.4751358032226571 11724.799804687502 4.6926512718200692 6.6222393512725839 0.92932128906250011 1.5000000000000002 2.9888230562210087 4.5000000000000009 0.18561996519565585 0.66717976331710827 115200.00000000001 6.2554597854614267 824.00000000000011 0.83502769470214855 6.6440589427948007 2.5000000000000004 432128.00000000006 4.5000000000000009 2.8991600275039677 95522.000000000015 3810.0000000000005 4.6468856334686288 2596.202026367188 1.4283843040466311
decision_type=2 2 2 2 2 2 2 2 2 2 2 2 2 2 2 2 2 2 2 2 2 2 2 2 2 2 2 2 2 2
left_child=1 2 3 7 12 6 17 8 9 10 -1 18 13 15 -15 -5 -17 -6 -8 -9 -20 23 25 -12 -21 -2 28 -22 -25 -27
right_child=22 -3 -4 4 5 -7 11 19 -10 -11 21 -13 -14 14 -16 16 -18 -19 20 24 27 -23 -24 26 -26 29 -28 -29 -30 -31
leaf_value=0.051356966541102028 0.051120896879538406 0.058764703462087835 -0.036307670090474357 0.075625083960074946 -0.032291724004225156 -0.051797820283233265 0.056202990088026705 -0.054808601032068076 0.047422608982634978 0.05615578042625298 -0.051331708732265884 -0.015508489702055926 -0.00012343530037538066 0.04965238317637706 -0.0021469164832057922 0.043857832794852947 0.061194081679942371 -0.050751852958119473 0.047017300371160781 -0.050432994832159017 0.050836308044276662 -0.052933085824913573 0.051912196892171483 -0.050226938024733138 -0.05136098786953848 0.050171628385062644 -0.050865463836286463 0.051402250810969247 -0.050142814086527758 0.05012077232980329
leaf_weight=0.092037082882598265 0.084605436772107967 0.315039588138461 1.1854487210512159 0.23418579297140263 0.099609825061633961 0.55149584019090969 0.21070624561980367 0.28036915999837209 0.36982240458019067 0.14779895171523094 0.24821102316491306 0.25019043497741222 0.42337207426317025 0.26429841690696776 0.24304656055755913 0.21990564209409058 0.1764120371080935 0.13337826763745397 0.13700607791543007 0.1550235846079886 0.16335798194631934 0.10830543097108603 0.13349731080234051 0.075856574112549424 0.27729349513538182 0.14260994154028594 0.067766394698992372 0.12970387004315853 0.30513171490747482 0.24567120778374374
leaf_count=2 4 6 31 2 25 21 4 18 7 6 18 7 21 29 17 41 4 17 21 30 30 3 6 21 20 44 5 11 117 104
internal_value=-2.34625e-05 -0.00450106 -0.00754412 -0.00118768 0.0128288 -0.00547708 0.0172514 -0.0225105 -0.00739737 -0.026796 -0.0404593 0.0329704 0.0324741 0.0446031 0.0248376 0.0605076 0.0515747 -0.0428596 0.051899 -0.0525154 0.0497904 -0.0509533 0.0506667 -0.0506456 -0.0510282 0.050315 -0.0502662 0.0510868 -0.0501596 0.0501395
internal_weight=7.47116 6.86477 6.54973 5.36428 3.23667 1.67545 1.12395 2.12762 1.41493 1.04511 0.897308 0.890965 1.56122 1.13785 0.507345 0.630503 0.396318 0.232988 0.640774 0.712686 0.430068 0.805271 0.606384 0.696966 0.432317 0.472887 0.448755 0.293062 0.380988 0.388281
internal_count=692 534 528 497 250 136 115 247 179 172 166 73 114 93 46 47 45 42 66 68 62 164 158 161 50 152 143 41 138 148
is_linear=0
shrinkage=0.05


Tree=110
num_leaves=31
num_cat=0
split_feature=7 4 24 25 12 5 26 17 20 11 33 28 23 28 23 5 5 4 20 28 28 19 12 24 24 9 25 20 24 19
split_gain=0.609566 0.532803 0.468232 0.536825 0.593371 0.834063 0.532857 0.336394 0.406501 0.614174 0.499494 0.0406312 0.0379141 0.03507 0.00449969 0.00255931 0.00175193 0.000635362 0.000302803 0.000107984 3.6434e-05 8.38774e-06 4.40269e-06 1.21996e-06 1.06317e-06 2.09469e-07 1.25686e-07 7.16839e-08 3.91851e-08 2.03656e-08
threshold=2.5000000000000004 258.50000000000006 4.0291795730590829 0.99957478046417247 2.8961431980133061 40976.000000000007 1.0000000180025095e-35 1.0000000180025095e-35 1561.0000000000002 5.134796380996705 1.0000000180025095e-35 78.500000000000014 0.83756509423255932 104.50000000000001 0.9904722571372987 4340.5000000000009 138906.50000000003 270.50000000000006 88.000000000000014 75.500000000000014 114.50000000000001 22446.730468750004 2.7377647161483769 33.945190429687507 2.5667613744735722 1.5658527612686159 0.53935128450393688 496.00000000000006 0.99366629123687755 11315.200195312502
decision_type=2 2 2 2 2 2 2 2 2 2 2 2 2 2 2 2 2 2 2 2 2 2 2 2 2 2 2 2 2 2
left_child=1 2 3 4 5 6 19 -3 12 -10 -11 -5 15 14 17 -9 -13 -12 -17 -1 23 29 -23 25 -19 27 -21 -20 -28 -2
right_child=21 7 -4 11 -6 -7 -8 8 9 10 13 16 -14 -15 -16 18 -18 24 20 26 -22 22 -24 -25 -26 -27 28 -29 -30 -31
leaf_value=-0.051779706617401833 -0.050125153885802902 -0.039029009714316713 0.033297693786262308 -0.028250060504208981 -0.029367083807004885 0.057928684389260979 0.05142811571549033 0.057239453821915393 -0.040183612051699805 -0.045211512248284597 0.053914281498693331 -0.049135033782150908 0.025771673076219023 0.025328179271704367 0.06164053013216883 0.052689491150986589 -0.05405320679465675 0.050348845999636273 0.050231064416631423 -0.050237627262604223 0.051346694560029937 -0.050365107482738758 -0.050790923085022588 0.050461106723187599 0.050115592829140278 0.050180892012616565 -0.050121412389137948 0.050287123855048292 -0.050180244454041747 -0.050151649534282451
leaf_weight=0.26850028894841782 0.17241648212075222 0.21234899945557151 0.59894691267982114 0.24302942072972644 1.0850588150788096 0.70022169547155499 0.17749478667974472 0.22399518708698474 0.44267470971681155 0.17216110229492188 0.19683635979890823 0.32855363888666034 0.15309271891601384 0.12666967930272222 0.15318284928798676 0.22105096280574799 0.40338283707387745 0.064314421266317368 0.095687323249876499 0.058251933194696903 0.098272788105532527 0.16100202384404838 0.097443551057949662 0.074447333347052336 0.20320698956493288 0.10968049615621567 0.063962636981159449 0.14113291003741324 0.050767232198268175 0.12518063234165311
leaf_count=9 72 8 27 15 26 36 7 5 29 10 3 34 11 10 1 5 12 12 22 15 14 36 12 21 91 33 28 27 17 44
internal_value=-2.15389e-05 0.00417328 -0.00744721 -0.014669 -0.0019784 0.0205492 -0.0217367 0.0213665 0.0265453 0.00817701 0.0315387 -0.0459639 0.0488867 0.0492937 0.0542095 0.0525566 -0.0518455 0.0517581 0.0511397 -0.0511521 0.0504798 -0.0503173 -0.0505257 0.0502775 0.0501717 0.050238 -0.0501778 0.0502645 -0.0501474 -0.0501363
internal_weight=7.22297 6.66693 3.97817 3.37922 2.40426 1.3192 0.618977 2.68875 2.47641 1.35905 0.916371 0.974966 1.11736 0.74421 0.617541 0.964267 0.731936 0.464358 0.740272 0.441482 0.519221 0.556043 0.258446 0.420948 0.267521 0.346501 0.172982 0.23682 0.11473 0.297597
internal_count=692 528 226 199 138 112 76 302 294 156 127 61 138 117 107 127 46 106 122 69 117 164 48 103 103 82 60 49 45 116
is_linear=0
shrinkage=0.05


Tree=111
num_leaves=31
num_cat=0
split_feature=10 18 27 7 19 5 0 27 4 12 28 12 0 18 27 10 10 18 10 22 28 10 19 29 29 10 3 18 19 3
split_gain=0.6395 0.518708 0.491796 0.427979 0.525047 0.461264 0.393807 0.389233 0.351134 0.318707 0.141695 0.123219 0.0317006 0.000195896 0.000170266 5.30433e-05 4.84674e-05 1.90737e-05 1.67036e-05 3.45672e-06 1.75371e-06 1.12208e-06 8.04437e-07 7.1648e-07 3.44595e-07 1.51203e-07 6.46514e-08 4.81885e-08 3.99886e-08 3.34233e-08
threshold=7.3105976581573495 3128832.0000000005 7.5000000000000009 2.5000000000000004 176640.00000000003 77060.500000000015 239580.00000000003 18.500000000000004 258.50000000000006 1.4882033467292788 42.500000000000007 1.482320308685303 109360.00000000001 168704.00000000003 8.5000000000000018 6.6276571750640878 7.5057497024536142 735488.00000000012 6.6222393512725839 14838.856933593752 114.50000000000001 7.8385148048400888 30799.644531250004 1.0000000180025095e-35 1.5000000000000002 6.6439590454101571 5.5000000000000009 85248.000000000015 9002.6665039062518 5.5000000000000009
decision_type=2 2 2 2 2 2 2 2 2 2 2 2 2 2 2 2 2 2 2 2 2 2 2 2 2 2 2 2 2 2
left_child=1 2 3 4 5 8 12 11 10 -10 -1 -2 -7 20 16 19 -13 21 22 28 25 23 27 -18 -25 -14 -23 29 -4 -5
right_child=7 -3 15 18 -6 6 -8 -9 9 -11 -12 14 13 -15 -16 -17 17 -19 -20 -21 -22 26 -24 24 -26 -27 -28 -29 -30 -31
leaf_value=-0.0089428246968795751 0.011347090206836411 0.059007172702278558 -0.05011358900019685 -0.050144635582603174 -0.036158109640376877 0.074443383401884167 0.0065258811891065601 -0.054111205261886786 0.037824026495855131 -0.012401414350388744 -0.051528433773329843 0.051454135881181889 0.050290253431685833 0.052609920184497241 0.052265219472205776 -0.051179568153857546 0.050404600951570913 0.051002398194504278 -0.050956501077576155 -0.050422715543923302 0.05049737679328014 0.050111268386869703 -0.050305143617678377 0.050129679927499275 0.050291730098049471 0.050195555237355596 0.050161948381776761 -0.050183903856561664 -0.050167092579226746 -0.050103872507935632
leaf_weight=0.34832625091075975 0.25651069008745231 0.28278973139822472 0.15111347043421108 0.15016598452348251 0.81314292922615994 0.22053582966327645 0.79383796639740467 0.11697407439351071 0.55985952727496602 0.72470342321321368 0.44470515730790794 0.10962935257703066 0.086824388243257999 0.14420957677066326 0.1678067110478878 0.27513161185197532 0.073617786169052124 0.084535328671336174 0.085999461356550455 0.19597535755019635 0.11513970396481454 0.20077299233525991 0.10203250497579575 0.066420149058103561 0.064822477987036109 0.08192585501819849 0.091655608033761382 0.053145929938182235 0.045419633039273322 0.075605257996357977
leaf_count=10 36 4 69 54 15 1 23 2 8 36 30 6 17 4 5 16 11 6 7 34 21 93 21 27 15 23 29 16 16 37
internal_value=-1.86175e-05 -0.00702412 -0.0104392 -0.00484678 5.42021e-05 0.00841932 0.0301411 0.0326611 -0.00666212 0.00948867 -0.0328234 0.0417581 0.0590428 0.0511092 0.0508365 -0.0506473 0.0504898 0.0503081 -0.0503271 -0.0502741 0.0503469 0.05019 -0.050185 0.0502798 0.0502097 0.0502443 0.0501272 -0.0501411 -0.050126 -0.050131
internal_weight=6.98333 5.75059 5.4678 4.80016 4.33321 3.52007 1.44247 1.23275 2.07759 1.28456 0.793031 1.11577 0.648635 0.4281 0.85926 0.66764 0.691454 0.581824 0.466949 0.392508 0.28389 0.497289 0.38095 0.20486 0.131243 0.16875 0.292429 0.278917 0.196533 0.225771
internal_count=692 462 458 323 188 173 89 230 84 44 40 228 66 65 192 135 187 181 135 119 61 175 128 53 42 40 122 107 85 91
is_linear=0
shrinkage=0.05


Tree=112
num_leaves=31
num_cat=0
split_feature=10 18 27 3 11 32 12 29 25 27 18 6 3 28 10 28 2 27 10 10 18 22 10 0 12 10 25 19 24 24
split_gain=0.600117 0.486965 0.4721 0.427687 0.571555 0.498015 0.55591 0.404022 0.440195 0.366591 0.188488 0.160887 0.0431991 0.0785096 0.0158434 0.0112684 0.000873872 0.000160423 4.96501e-05 4.55957e-05 3.54478e-05 2.97421e-06 1.08168e-06 3.78914e-07 4.53979e-07 1.01008e-07 6.21455e-08 3.44162e-08 7.95485e-09 5.39849e-09
threshold=7.3105976581573495 3128832.0000000005 7.5000000000000009 3.5000000000000004 3.5302884578704838 1.0000000180025095e-35 1.4196273088455202 2.5000000000000004 1.1525501608848574 18.500000000000004 111360.00000000001 276824064.00000006 4.5000000000000009 35.500000000000007 6.6440589427948007 46.500000000000007 17368.000000000004 8.5000000000000018 6.9049172401428232 6.6276571750640878 735488.00000000012 14838.856933593752 7.8385148048400888 466432.00000000006 2.7163579463958745 5.9970734119415292 1.4283843040466311 9002.6665039062518 5.182514190673829 1.0154764056205752
decision_type=2 2 2 2 2 2 2 2 2 2 2 2 2 2 2 2 2 2 2 2 2 2 2 2 2 2 2 2 2 2
left_child=1 2 3 4 -1 12 10 15 14 11 -7 17 -5 -14 -9 -8 -17 20 25 21 22 27 23 24 -2 -18 29 -4 -28 -24
right_child=9 -3 19 5 -6 6 7 8 -10 -11 -12 -13 13 -15 -16 16 18 -19 -20 -21 -22 -23 26 -25 -26 -27 28 -29 -30 -31
leaf_value=0.0071847626294621039 0.05012174981491703 0.058515990595132128 -0.050108038443242089 0.054096531369186955 -0.056063109535107215 -0.00054759648318401441 -0.036545178985839311 0.030398629932624061 -0.041499947059468328 -0.053898413042304728 0.040013655409374779 0.0015095288725707598 0.050757963367439318 -0.00068829482864941438 0.051557740958162915 -0.054490915534180888 -0.050204539422446209 0.051932370323601353 -0.051485616516779881 -0.051121119963518959 0.051253546853398793 -0.050402002908415768 0.050143393399660341 0.050357549136118035 0.050289767442422029 -0.050122596232090193 0.050093889684220655 -0.050158927146844792 0.050114300756956977 0.050164847225725576
leaf_weight=0.65348060452379264 0.068137585069052653 0.27119861170649517 0.14375910046510387 0.38698523025959763 0.78782279207371175 0.53799307590816192 0.12691805721260585 0.17661562073044479 0.29774777765851468 0.11169736832380284 0.61250833398662508 0.2056085541844368 0.17452934663742781 0.1289472000207752 0.17726295324973762 0.35809886909555644 0.083695391076616943 0.20228715054690838 0.13489226251840591 0.26200495776720345 0.088961458764970303 0.18649220268707722 0.069387334398925304 0.072996360016986728 0.098066943930462003 0.068293786025606096 0.070793376071378589 0.043211348005570471 0.14655863726511598 0.05078328715171665
leaf_count=32 29 4 69 19 22 21 5 26 18 2 23 6 23 38 15 19 26 7 5 16 5 34 25 12 23 31 38 16 66 17
internal_value=-1.8119e-05 -0.00684527 -0.0101639 -0.00470139 -0.0273868 0.00531445 -0.00480011 -0.0256895 0.00330194 0.0323094 0.0210466 0.0412786 0.0430213 0.0288984 0.0409975 -0.0501638 -0.0528436 0.0506993 -0.0507874 -0.0506155 0.0503246 -0.0502607 0.0501813 0.0502626 0.0502209 -0.0501677 0.0501236 -0.0501198 0.0501077 0.0501525
internal_weight=6.79774 5.61246 5.34126 4.70579 1.4413 3.26449 2.57403 1.42352 0.651626 1.18528 1.1505 1.07358 0.690462 0.303477 0.353879 0.771898 0.64498 0.867972 0.286881 0.635468 0.665685 0.373463 0.576724 0.239201 0.166205 0.151989 0.337523 0.18697 0.217352 0.120171
internal_count=692 462 458 323 54 269 189 145 59 230 44 228 80 61 41 86 81 222 62 135 215 119 210 64 52 57 146 85 104 42
is_linear=0
shrinkage=0.05


Tree=113
num_leaves=31
num_cat=0
split_feature=7 4 21 24 19 21 3 17 20 5 28 5 23 23 5 4 20 32 28 19 19 28 21 24 28 19 28 25 32 23
split_gain=0.537694 0.468004 0.535826 0.354435 0.485635 0.688901 0.373483 0.292877 0.37516 0.443103 0.623397 0.169055 0.0379365 0.00326474 0.00194453 0.00051636 0.000237795 6.69249e-05 2.82887e-05 5.91585e-06 4.68304e-06 2.0699e-06 1.90392e-06 6.46623e-07 1.72925e-07 1.03305e-07 7.40062e-08 5.27686e-08 1.8456e-08 1.6773e-08
threshold=2.5000000000000004 258.50000000000006 3128524.0000000005 4.0291795730590829 72405.332031250015 89228.000000000015 4.5000000000000009 1.0000000180025095e-35 1561.0000000000002 4340.5000000000009 104.50000000000001 40976.000000000007 0.83756509423255932 0.9904722571372987 4340.5000000000009 270.50000000000006 88.000000000000014 2.5000000000000004 114.50000000000001 22446.730468750004 7526.4001464843759 151.50000000000003 430090.50000000006 2.5667613744735722 111.50000000000001 23466.666992187504 71.500000000000014 13.063238620758058 1.5000000000000002 0.95987954735755932
decision_type=2 2 2 2 2 2 2 2 2 2 2 2 2 2 2 2 2 2 2 2 2 2 2 2 2 2 2 2 2 2
left_child=1 2 3 4 5 11 -7 -3 12 -10 13 17 14 15 -9 -11 -16 -1 22 28 24 -21 25 -17 -19 -18 -27 29 -2 -25
right_child=19 7 -4 -5 -6 6 -8 8 9 10 -12 -13 -14 -15 16 23 18 20 -20 21 -22 -23 -24 27 -26 26 -28 -29 -30 -31
leaf_value=-0.051447071581875309 -0.050136618859390004 -0.038121933883801896 0.057118225890632202 0.027926694745308723 -0.042610753364784808 0.06205055397114493 -0.0035321028746892686 0.056611472911576158 -0.052079420650158616 0.05355052219845672 -0.028811220253134252 0.0020353788673123895 0.024386949668447566 0.060125077250215368 0.052498363227025169 0.050302990134881868 0.050250333775283512 -0.050215256978199146 0.051242454505647753 -0.050315592606374443 -0.050549798461494745 -0.050615057651725262 0.050492597052887313 0.050095451751269615 -0.050103711546231604 0.050150174054517133 0.050209675661109225 0.05016248718788089 -0.050109447012265051 0.050131737939122262
leaf_weight=0.26042281836271397 0.10335341759491701 0.19305805908516083 0.29657316021621216 0.45690204063430417 1.2707534208893774 0.43120098160579801 0.43718628957867622 0.20768478140234969 0.24901844374835469 0.17967837303876877 0.36876759631559253 0.20862664747983217 0.14035094249993563 0.14004158973693848 0.20368750207126141 0.056272503454238176 0.08685006364248693 0.055277800420299172 0.090708902571350336 0.11374312685802579 0.13761627522762865 0.11711762810591608 0.070493692182935774 0.15214898495469242 0.093540297704748809 0.087201574700884521 0.13040806842036545 0.046327637508511543 0.15807925083208829 0.040277512511238456
leaf_count=10 39 8 8 25 34 17 38 5 9 3 18 10 11 1 5 12 19 15 14 22 22 26 19 81 47 33 32 16 77 16
internal_value=-2.00509e-05 0.00404231 -0.00729929 -0.0129995 -0.0194595 -0.00134263 0.0290332 0.0209787 0.02605 0.0075002 0.0225853 -0.036258 0.0485225 0.0534165 0.0523848 0.0514374 0.0510734 -0.050867 0.0504501 -0.0502831 -0.0503396 -0.0504675 0.0502584 0.0501505 -0.0501451 0.0502042 0.0501858 0.0501146 -0.0501202 0.050103
internal_weight=6.58337 6.09108 3.6481 3.35153 2.89462 1.62387 0.868387 2.44298 2.24992 1.23253 0.983514 0.755484 1.01739 0.614747 0.877035 0.474705 0.66935 0.546857 0.465662 0.492293 0.286434 0.230861 0.374953 0.295027 0.148818 0.30446 0.21761 0.238754 0.261433 0.192426
internal_count=692 528 226 218 193 159 55 302 294 156 147 104 138 129 127 128 122 94 117 164 84 48 103 125 62 84 65 113 116 97
is_linear=0
shrinkage=0.05


Tree=114
num_leaves=31
num_cat=0
split_feature=7 18 0 25 25 19 11 5 14 25 28 24 23 6 8 21 0 22 19 12 8 5 0 24 28 11 19 0 28 12
split_gain=0.510682 0.385681 0.554586 0.860945 0.384324 0.355544 0.408429 0.334558 0.281111 0.490012 0.263611 0.193047 0.182593 0.0614062 0.0486706 0.0539066 0.0241775 0.00383646 0.000126067 0.000113865 9.8217e-05 9.36692e-06 6.66362e-06 4.98152e-06 4.42585e-06 4.4e-06 3.53378e-07 9.69033e-08 4.6882e-08 3.44307e-08
threshold=2.5000000000000004 85248.000000000015 239580.00000000003 1.3778948187828066 0.6642267405986787 12256.000000000002 4.6926512718200692 40976.000000000007 1.0000000180025095e-35 1.0092352628707888 133.50000000000003 0.96293500065803539 0.93320313096046459 276824064.00000006 5.5000000000000009 107574.00000000001 94740.000000000015 149206.12500000003 180608.00000000003 3.2236673831939702 5.5000000000000009 53285.500000000007 196248.00000000003 4.7968750000000009 114.50000000000001 4.5155827999114999 23645.867187500004 49732.000000000007 75.500000000000014 2.309736013412476
decision_type=2 2 2 2 2 2 2 2 2 2 2 2 2 2 2 2 2 2 2 2 2 2 2 2 2 2 2 2 2 2
left_child=1 5 12 4 -4 6 7 11 -6 -10 17 -1 14 -11 16 -16 -3 -5 25 21 -13 -18 26 27 29 -19 -2 -22 -27 -23
right_child=22 2 3 10 8 -7 -8 -9 9 13 -12 20 -14 -15 15 -17 19 18 -20 -21 23 24 -24 -25 -26 28 -28 -29 -30 -31
leaf_value=0.023594380525337542 -0.050114395410906835 0.071172033292110568 0.024457325203333505 0.058481713607051303 -0.056727963110499269 -0.052509417390327509 0.046732426780430138 0.04897346865166128 0.034599318071404365 -0.022448062464297744 -0.0086379126042062347 -0.051721495904009929 0.0068099783004437796 -0.050688593326205823 -0.00049829972568885916 0.050291436096106291 0.05088448139027394 0.050630941815336117 0.051791722055186652 0.05220393116930945 -0.050190278592080501 0.050154225525360342 -0.050549187402139178 -0.050662954927636908 0.050614212819984974 0.050097414835944279 -0.050240736313070369 -0.05010833805357684 0.050157804560156408 0.050203952194773152
leaf_weight=0.10525008477270581 0.25115058943629254 0.20898437499999978 0.43389499234035689 0.24446534365415562 0.5744392592459916 0.49418845633044828 0.31323883961886168 0.13668736233375967 0.3577401229413224 0.39491604396607727 0.22237830981612206 0.26872895006090403 0.31859769835136831 0.37552898610010743 0.087453513406217098 0.12975898524746299 0.13217680202797055 0.04768348194193095 0.21022995561361313 0.14375414466485381 0.057774742948822677 0.072465752833522856 0.14626706100534648 0.06436756276525557 0.099823164055123925 0.21081450290512294 0.070991222048178315 0.096092344960197806 0.037918686983175576 0.066990346182137728
leaf_count=2 117 1 10 2 10 28 6 8 39 30 7 16 11 17 17 34 16 8 7 7 18 26 30 6 11 111 17 48 15 17
internal_value=-1.649e-05 0.00396886 0.0115446 0.000207089 -0.0175507 -0.01758 -0.00101627 -0.0215359 -0.028256 -0.0137589 0.0391801 -0.0378099 0.0395285 -0.036213 0.0506013 0.0298426 0.0568276 0.0533374 0.0508552 0.0510091 -0.0510816 0.0505467 -0.0502693 -0.0502936 0.05036 0.050191 -0.0501422 -0.0501391 0.0501066 0.0501781
internal_weight=6.37475 5.90634 4.37001 3.11001 2.13652 1.53633 1.04214 0.728901 1.70262 1.12819 0.97349 0.592214 1.26 0.770445 0.941407 0.217212 0.724195 0.751112 0.506647 0.51521 0.486964 0.371456 0.468409 0.218235 0.239279 0.296417 0.322142 0.153867 0.248733 0.139456
internal_count=692 528 396 256 106 132 104 98 96 86 150 90 140 47 129 51 78 143 141 77 88 70 164 72 54 134 134 66 126 43
is_linear=0
shrinkage=0.05


Tree=115
num_leaves=31
num_cat=0
split_feature=10 18 27 3 11 5 6 17 9 0 20 9 28 17 10 27 10 10 18 10 28 22 10 3 10 3 22 21 25 18
split_gain=0.533444 0.428273 0.428174 0.365818 0.498761 0.367553 0.477813 0.501388 0.340972 0.3461 0.339865 0.114911 0.0545706 0.00526834 0.000839739 0.000100528 4.60541e-05 3.63754e-05 1.41464e-05 4.79817e-06 3.84192e-06 2.2866e-06 7.0699e-07 1.97764e-07 6.80617e-08 4.87789e-08 3.59778e-08 6.26188e-09 4.09075e-09 6.82332e-10
threshold=7.3105976581573495 3128832.0000000005 7.5000000000000009 3.5000000000000004 3.5302884578704838 77060.500000000015 10518528.000000002 1.0000000180025095e-35 4.1499738693237314 517288.00000000006 890.00000000000011 2.9490479230880742 118.50000000000001 768.00000000000011 7.2844328880310067 8.5000000000000018 7.4684011936187753 6.6276571750640878 735488.00000000012 6.3272254467010507 86.500000000000014 14838.856933593752 7.8385148048400888 4.5000000000000009 5.9970734119415292 5.5000000000000009 9976.1142578125018 403265.00000000006 0.93234333395957958 249344.00000000003
decision_type=2 2 2 2 2 2 2 2 2 2 2 2 2 2 2 2 2 2 2 2 2 2 2 2 2 2 2 2 2 2
left_child=1 2 3 4 -1 6 7 14 15 20 -9 12 13 -7 19 16 -2 21 22 24 -10 26 23 -18 -5 27 28 -24 -4 -29
right_child=8 -3 17 5 -6 11 -8 10 9 -11 -12 -13 -14 -15 -16 -17 18 -19 -20 -21 -22 -23 25 -25 -26 -27 -28 29 -30 -31
leaf_value=0.006461275899390613 0.051402889522462782 0.057492905517861265 -0.050088844535946579 -0.050175218469719042 -0.05532258121099292 0.05138016928769068 -0.052047831292986235 0.053274266148599696 0.0501349284559819 -0.054407176968036458 -0.001895042711832929 -0.0046022902388501595 0.021884816379431449 0.040612139928994213 -0.056000992417011425 0.051955596802690344 0.050174190475353486 -0.051047742817920697 0.050910416216854604 -0.050699507492484974 0.050678454270472212 -0.050369861216822021 0.050105155621963243 0.050283585406025101 -0.050106465552625004 0.050141058815024932 -0.050149865036551888 0.050079122094466369 -0.050108624892959246 0.050087965065524535
leaf_weight=0.61133778595831223 0.11394890490919329 0.24684934690594662 0.087749661877751239 0.075217398931272661 0.70144732878543437 0.32223984703887232 0.46479205868672568 0.4794814735651014 0.081084031262435019 0.18881985545158386 0.66817766381427646 0.2072341179009527 0.35312642797362059 0.17542966804467142 0.09567570686340332 0.14788798987865448 0.065974372439086437 0.24072410259395838 0.076120096258819103 0.052772139431908727 0.054274954018183053 0.16926872485782951 0.059556012623943388 0.11052512342575938 0.069033768959343433 0.079703157767653465 0.038778181653469801 0.037780789192765951 0.037226950516924262 0.05161761399358511
leaf_count=32 5 4 50 27 22 21 31 30 38 3 34 15 26 39 1 5 27 16 6 10 9 34 29 25 35 29 16 24 19 30
internal_value=-2.00558e-05 -0.00675124 -0.0100213 -0.00457916 -0.0265511 0.0051551 -0.00796796 0.00625626 0.0321229 -0.0106652 0.0211542 0.0287853 0.0369177 0.0475844 -0.0521578 0.0507889 0.050499 -0.0505795 0.050285 -0.0502916 0.0503529 -0.050241 0.0501675 0.0502427 -0.0501423 0.0501095 -0.0501078 0.0500926 -0.0500947 0.0500842
internal_weight=6.16386 5.09656 4.84971 4.27597 1.31279 2.96318 1.90515 1.44036 1.06729 0.324179 1.14766 1.05803 0.850796 0.49767 0.292699 0.743114 0.595226 0.573748 0.481277 0.197023 0.135359 0.333024 0.405157 0.176499 0.144251 0.228658 0.163755 0.148954 0.124977 0.0893984
internal_count=692 462 458 323 54 269 168 137 230 50 64 101 86 60 73 180 175 135 170 72 47 119 164 52 62 112 85 83 69 54
is_linear=0
shrinkage=0.05


Tree=116
num_leaves=31
num_cat=0
split_feature=10 18 27 15 11 32 18 9 27 9 0 10 4 9 10 20 33 27 9 10 4 10 18 28 22 4 10 18 15 4
split_gain=0.505181 0.403094 0.409985 0.338868 0.479358 0.419495 0.464243 0.406176 0.327698 0.324261 0.328296 0.264119 0.0493926 0.0469956 0.00705845 0.000511271 0.000188569 8.6339e-05 6.15525e-05 3.95515e-05 3.78762e-05 3.12736e-05 1.21765e-05 3.3058e-06 1.96748e-06 1.46594e-06 6.0843e-07 5.92537e-07 1.70079e-07 6.95379e-08
threshold=7.3105976581573495 3128832.0000000005 7.5000000000000009 3.5000000000000004 3.5302884578704838 1.0000000180025095e-35 365056.00000000006 4.3252396583557138 6.5000000000000009 4.1499738693237314 517288.00000000006 6.8003742694854745 270.50000000000006 2.5125126838684086 6.6664593219757089 74.000000000000014 1.5000000000000002 8.5000000000000018 3.126909732818604 7.4684011936187753 264.50000000000006 6.6276571750640878 735488.00000000012 86.500000000000014 14838.856933593752 34.500000000000007 7.8385148048400888 124160.00000000001 4.5000000000000009 430.50000000000006
decision_type=2 2 2 2 2 2 2 2 2 2 2 2 2 2 2 2 2 2 2 2 2 2 2 2 2 2 2 2 2 2
left_child=1 2 3 4 -1 12 7 8 14 17 23 13 15 -10 16 -5 18 19 25 -2 -17 24 26 -11 -4 -7 28 -22 -21 -27
right_child=9 -3 21 5 -6 6 -8 -9 11 10 -12 -13 -14 -15 -16 20 -18 -19 -20 22 27 -23 -24 -25 -26 29 -28 -29 -30 -31
leaf_value=0.0061311476900736978 0.051332706282087262 0.057090456699113681 -0.05010252584167893 0.054374924655980754 -0.055076269887788701 -0.050426338027894903 0.030106617564307426 0.039319768401577825 0.010325670907321768 0.050128347706048348 -0.054176964725694644 -0.038971441427992005 0.021043276158114622 0.050601999563511635 -0.040207860674852838 0.051523286140402427 -0.052562231255301101 0.051857491076083319 -0.051522062337070511 0.050165695788492962 0.05015517319821259 -0.050995930162822528 0.050865753772519673 0.050645177495512152 -0.050351747837028588 -0.050188858130744418 0.050104138187220398 0.050360777788461542 0.050269702596142954 -0.05011080648871067
leaf_weight=0.61202394857536979 0.1085360078141091 0.23642367869615544 0.15578433650080104 0.16739797219634089 0.670146030257456 0.070807447191328032 0.67667494155466545 0.2502960949204861 0.13102459174115211 0.077139386325143278 0.18035491555929184 0.23029954358935356 0.18390560150146484 0.16194467875175178 0.17015947704203427 0.099607240408658981 0.29292646434623748 0.14093482680618763 0.18541362113319337 0.062767123337835073 0.076172402943484485 0.22921063005924225 0.072469650767743587 0.051661001751199365 0.16106985392980278 0.045741947251372039 0.21752845356240869 0.064897083444520831 0.10516305139753968 0.075864987913519144
leaf_count=32 5 4 85 3 22 16 18 12 30 38 3 4 29 17 9 5 18 5 10 27 29 16 6 9 34 14 112 14 25 41
internal_value=-2.18885e-05 -0.00661775 -0.00981473 -0.00447426 -0.0258599 0.00503621 -0.00465833 -0.0192293 -0.0299717 0.0320816 -0.0106349 0.00109415 0.0425572 0.0325892 -0.0493029 0.0522528 -0.0516101 0.0507501 -0.0508719 0.0504745 0.0507768 -0.050551 0.0502711 0.0503356 -0.0502292 -0.0502455 0.0501593 0.0502498 0.0502308 -0.0501402
internal_weight=5.96435 4.94779 4.71137 4.1653 1.28217 2.88313 2.29115 1.61448 1.36418 1.01655 0.309155 0.523269 0.59198 0.292969 0.840914 0.408075 0.670754 0.707399 0.377828 0.566464 0.240677 0.546065 0.457928 0.1288 0.316854 0.192414 0.385459 0.141069 0.16793 0.121607
internal_count=692 462 458 323 54 269 189 171 159 230 50 51 80 47 108 51 99 180 81 175 48 135 170 47 119 71 164 43 52 55
is_linear=0
shrinkage=0.05


Tree=117
num_leaves=31
num_cat=0
split_feature=10 21 27 3 11 32 21 9 27 9 0 10 4 9 23 21 20 33 23 4 10 0 6 10 28 28 22 21 10 4
split_gain=0.478617 0.379655 0.392305 0.31369 0.460754 0.393027 0.429647 0.379536 0.314082 0.308372 0.311455 0.244017 0.0509775 0.0458539 0.00786545 0.0181832 0.000438169 0.000120004 9.00962e-05 3.25623e-05 2.68887e-05 2.07641e-05 7.49202e-06 6.9305e-06 2.8445e-06 2.15765e-06 1.69289e-06 5.10366e-07 3.43581e-07 6.62505e-08
threshold=7.3105976581573495 3128524.0000000005 7.5000000000000009 3.5000000000000004 3.5302884578704838 1.0000000180025095e-35 364938.00000000006 4.3252396583557138 6.5000000000000009 4.1499738693237314 517288.00000000006 6.8003742694854745 270.50000000000006 2.5125126838684086 0.34765625000000006 117333.50000000001 74.000000000000014 1.5000000000000002 0.97646722197532665 264.50000000000006 6.6276571750640878 600716.00000000012 142606336.00000003 6.2554597854614267 86.500000000000014 322.00000000000006 14838.856933593752 125600.00000000001 7.6989610195159921 264.50000000000006
decision_type=2 2 2 2 2 2 2 2 2 2 2 2 2 2 2 2 2 2 2 2 2 2 2 2 2 2 2 2 2 2
left_child=1 2 3 4 -1 12 7 8 14 18 24 13 16 -10 15 23 -5 -16 21 -18 26 22 25 -7 -11 28 -4 -21 -2 -30
right_child=9 -3 20 5 -6 6 -8 -9 11 10 -12 -13 -14 -15 17 -17 19 -19 -20 27 -22 -23 -24 -25 -26 -27 -28 -29 29 -31
leaf_value=0.0058181331489385634 0.050264733917192786 0.056711426085428333 -0.050097519666538186 0.054149465685777845 -0.054840811124371253 -0.050117885273925314 0.029004136928698389 0.038358800284134603 0.0098296897724653789 0.050122088485755639 -0.053959526361225696 -0.037880005122316991 0.020123617839320478 0.049977933327885936 -0.051138310586927353 -0.016518049143798483 0.051447734999828722 -0.052545835345359532 0.051873313038420327 0.050147588575273121 -0.0509467125512909 0.050986299541088811 0.050820815628368314 -0.050856499483178587 0.050613539137927148 0.05047400711894106 -0.050334524226922417 0.050343211057891649 0.050139863466470341 0.050087249920607695
leaf_weight=0.61268590192776151 0.038039186852984019 0.22635815851390351 0.1482010792242362 0.1598801072686914 0.64013048727065325 0.069572818465531094 0.66751562990248192 0.24390325555577863 0.13076095166616142 0.073386186501011252 0.17223275080323219 0.22521992772817612 0.18272577109746635 0.15592193068005145 0.35504129796754569 0.057065099012106657 0.094884966500103474 0.26406341057736427 0.13403309253044426 0.072468113387003541 0.21823721029795706 0.12615014705806971 0.050996655598282814 0.05843330267816782 0.049171406659297645 0.051281898282468319 0.15326548845041543 0.061753014335408807 0.088598970090970397 0.18427614879328758
leaf_count=32 10 4 85 3 22 36 18 12 30 38 3 4 29 17 35 14 5 16 5 29 16 9 5 7 9 7 34 14 35 109
internal_value=-2.58547e-05 -0.00649665 -0.00962625 -0.00438079 -0.0251757 0.00492621 -0.00456548 -0.0189299 -0.029547 0.0320425 -0.0106061 0.0010679 0.0419076 0.0316656 -0.049035 -0.0399909 0.0521406 -0.0517387 0.0507131 0.0507388 -0.050524 0.0504248 0.0502534 -0.0504551 0.0503193 0.0501735 -0.050218 0.0502376 0.050124 0.0501043
internal_weight=5.76625 4.79809 4.57173 4.05203 1.25282 2.79921 2.2275 1.55998 1.31608 0.968166 0.29479 0.511903 0.571712 0.286683 0.804176 0.185071 0.388986 0.619105 0.673376 0.229106 0.519704 0.539343 0.413193 0.128006 0.122558 0.362196 0.301467 0.134221 0.310914 0.272875
internal_count=692 462 458 323 54 269 189 171 159 230 50 51 80 47 108 57 51 51 180 48 135 175 166 43 47 161 119 43 154 144
is_linear=0
shrinkage=0.05


Tree=118
num_leaves=31
num_cat=0
split_feature=10 21 27 5 5 0 9 0 2 3 32 4 0 10 4 23 11 10 0 10 27 5 28 22 11 20 3 4 9 22
split_gain=0.453468 0.357653 0.375391 0.300714 0.436268 0.327732 0.293265 0.295518 0.269063 0.307562 0.381559 0.0832309 0.0520183 0.0651937 9.39363e-05 7.7339e-05 3.39654e-05 2.31199e-05 1.78572e-05 5.73327e-06 5.24484e-06 2.55542e-06 2.44764e-06 1.45668e-06 4.45778e-07 2.91556e-07 1.03025e-07 8.25521e-08 5.92281e-08 3.09188e-08
threshold=7.3105976581573495 3128524.0000000005 7.5000000000000009 862222.00000000012 77060.500000000015 226816.00000000003 4.1499738693237314 517288.00000000006 17368.000000000004 3.5000000000000004 1.5000000000000002 270.50000000000006 106412.00000000001 6.6435739994049081 264.50000000000006 0.97646722197532665 4.7445175647735605 6.6276571750640878 600716.00000000012 6.43459177017212 5.5000000000000009 24366.000000000004 86.500000000000014 14838.856933593752 4.643662929534913 17854.500000000004 5.5000000000000009 290.50000000000006 0.15775315463542941 16386.066894531254
decision_type=2 2 2 2 2 2 2 2 2 2 2 2 2 2 2 2 2 2 2 2 2 2 2 2 2 2 2 2 2 2
left_child=1 2 3 4 8 12 15 22 9 -1 11 -11 -6 -14 -15 18 19 23 20 21 25 27 -8 -4 28 26 -2 -10 -16 -29
right_child=6 -3 17 -5 5 -7 7 -9 16 10 -12 -13 13 14 24 -17 -18 -19 -20 -21 -22 -23 -24 -25 -26 -27 -28 29 -30 -31
leaf_value=-0.051149509997576705 0.050080674981477093 0.056354275063749681 -0.050092757683322192 -0.058399453913581416 0.069357859166178065 0.0016676000692386077 0.050116134125941625 -0.053754074329442653 -0.050182518144292559 0.050471663004003069 -0.018045034117623669 0.010145989584920787 0.0052176108980805042 0.052122288290966337 0.050185226662163643 0.051779037003989406 -0.051281937939509893 -0.050899959490311675 0.050937650213385172 -0.050812767219891697 0.050530871025471297 -0.050574824490222596 0.050583462766123605 -0.050318148840987287 0.050313888932486756 0.050248575216615167 0.050149238870390016 -0.050071358869899107 0.050111751368367 -0.050135032561999499
leaf_weight=0.31483426096383604 0.155410558101721 0.21664858609437931 0.14098629110958416 0.24105806322768319 0.20120370388030995 1.0004433380672706 0.069815185386687517 0.16444320417940617 0.05194627318996925 0.35078102769330122 0.81684567278716713 0.20143464440479875 0.10885608848184347 0.10165255703032017 0.054413437843322754 0.12772249872796237 0.19942536810413003 0.20777952834032476 0.1201094463467598 0.060302933328785002 0.11173983139451593 0.044124802923761308 0.046800399548374116 0.1458368938183412 0.064425004879012704 0.041364178876392543 0.084620827110484242 0.041122291819192469 0.055303424131125212 0.035544622805900872
leaf_count=29 99 4 85 4 1 37 38 3 16 30 33 27 19 3 15 5 11 16 9 5 23 9 9 34 12 12 32 29 27 16
internal_value=-3.01475e-05 -0.00637551 -0.00943755 -0.0042879 -0.000765024 0.019059 0.0320053 -0.0105789 -0.0156239 -0.00658911 0.00365816 0.0357619 0.0487578 0.0379823 0.0509145 0.0506781 -0.0508029 -0.0504983 0.0504041 -0.050393 0.0502411 -0.0502465 0.0503037 -0.0502074 0.0502095 0.050126 0.0501048 -0.0501339 0.0501482 -0.0501009
internal_weight=5.57699 4.65497 4.43832 3.94372 3.70266 1.5863 0.922026 0.281059 2.11636 1.6839 1.36906 0.552216 0.585854 0.384651 0.275794 0.640967 0.432466 0.494603 0.513245 0.233041 0.393135 0.172738 0.116616 0.286823 0.174142 0.281396 0.240031 0.128613 0.109717 0.0766669
internal_count=692 462 458 323 319 114 230 50 205 119 90 57 77 76 57 180 86 135 175 75 166 70 47 119 54 143 131 61 42 45
is_linear=0
shrinkage=0.05


Tree=119
num_leaves=31
num_cat=0
split_feature=7 4 24 25 12 5 10 17 20 11 33 0 0 10 0 5 0 0 12 28 10 19 0 5 19 10 11 12 32 23
split_gain=0.445893 0.382381 0.337728 0.397234 0.455073 0.593806 0.365924 0.23521 0.2987 0.46191 0.331565 0.0305924 0.0289788 0.0281212 0.00193546 0.00105608 0.000257305 0.000231738 0.0001781 4.3197e-05 7.26064e-06 7.10451e-06 9.49622e-07 6.80755e-07 1.18428e-07 5.88838e-08 4.29251e-08 3.93943e-08 2.68143e-08 1.71199e-08
threshold=2.5000000000000004 258.50000000000006 4.0291795730590829 0.99957478046417247 2.8961431980133061 40976.000000000007 7.3105976581573495 1.0000000180025095e-35 1561.0000000000002 5.134796380996705 1.0000000180025095e-35 94740.000000000015 466432.00000000006 7.0828819274902353 464896.00000000006 4098.5000000000009 426340.00000000006 140820.00000000003 3.1821014881134038 75.500000000000014 6.6222393512725839 41369.599609375007 168960.00000000003 152501.50000000003 24857.599609375004 7.0746397972106942 2.4703060388565068 2.5452164411544804 1.5000000000000002 0.95399692654609691
decision_type=2 2 2 2 2 2 2 2 2 2 2 2 2 2 2 2 2 2 2 2 2 2 2 2 2 2 2 2 2 2
left_child=1 2 3 4 5 6 19 -3 11 -10 -11 -9 14 16 17 -13 -5 -12 21 -1 23 25 -19 24 28 27 -21 -17 -2 -24
right_child=20 7 -4 13 -6 -7 -8 8 9 10 12 15 -14 -15 -16 18 -18 22 -20 26 -22 -23 29 -25 -26 -27 -28 -29 -30 -31
leaf_value=-0.051340388525764225 -0.050119860875794689 -0.03728128270932593 0.032348497674621272 -0.05086971004263479 -0.028993934035476655 0.055462740236860757 0.050979453292502946 0.021806237720142393 -0.040506735866698493 -0.044498679544445335 0.052825580207672966 0.056506057313018387 0.02296541073671712 -0.031112122026872292 0.058647215039626013 0.050145113588178671 -0.053144407575489855 0.050344937216594457 0.052020775753690143 -0.050163681928545138 -0.050706162233495944 0.050615747533420435 0.050071341450716317 -0.050322635263754412 -0.050173259937867823 0.050120986580537867 -0.050098269739547951 0.050194648842661366 -0.050084451248711227 0.050113097894075621
leaf_weight=0.20220289891585774 0.095181845012120792 0.15867875842377532 0.45918608678039152 0.2477263273904099 0.8319729125360027 0.55531570687890053 0.12233094125986099 0.096268435940146224 0.3313938929932192 0.11737845372408628 0.14632710814476013 0.10188207030296326 0.094746955786831677 0.23799275816418231 0.12570472061634064 0.068647000240162015 0.24956015776842833 0.045775478705763817 0.26152284780982882 0.037558221374638379 0.070138797862455249 0.12995446694549173 0.10247056954540312 0.047547231777571142 0.073871111613698304 0.076357869780622423 0.075491514406166971 0.096642456483095884 0.12198339507449418 0.032279193634167314
leaf_count=9 41 8 27 36 26 36 7 2 29 10 3 1 17 14 1 24 11 7 26 14 8 22 73 10 27 37 46 26 78 16
internal_value=-2.89763e-05 0.00407135 -0.00713689 -0.0142189 -0.00171722 0.0211386 -0.0224205 0.0211111 0.0261816 0.00771436 0.0317562 0.0483101 0.0481103 -0.0452467 0.0533746 0.0517814 -0.0520113 0.0513468 0.0510211 -0.0509028 -0.0502431 0.0503176 0.0501482 -0.0501472 -0.0501186 0.0501573 -0.05012 0.0501741 -0.0501 0.0500813
internal_weight=5.41409 5.00537 3.01934 2.56015 1.82487 0.992899 0.437584 1.98603 1.82735 0.996076 0.664682 0.831275 0.547304 0.735279 0.452557 0.735007 0.497286 0.326852 0.633125 0.315253 0.408722 0.371602 0.180525 0.338584 0.291036 0.241647 0.11305 0.165289 0.217165 0.13475
internal_count=692 528 226 199 138 112 76 302 294 156 127 138 117 61 100 136 47 99 135 69 164 109 96 156 146 87 60 50 119 89
is_linear=0
shrinkage=0.05


Tree=120
num_leaves=31
num_cat=0
split_feature=7 10 27 14 32 21 24 23 11 25 11 28 22 25 10 11 27 22 10 10 2 0 19 19 0 19 25 32 21 25
split_gain=0.423562 0.355796 0.427356 0.22224 0.353832 0.439846 0.343688 0.189003 0.169188 0.141491 0.0531614 0.0695358 0.00184249 0.000476665 0.000335611 5.71791e-05 3.35516e-05 1.69824e-05 7.61377e-06 6.2471e-06 4.66782e-06 9.6028e-07 5.71485e-07 5.36795e-07 3.65114e-07 5.30372e-08 3.00427e-08 2.30714e-08 8.66914e-09 7.40443e-09
threshold=2.5000000000000004 7.8300440311431894 8.5000000000000018 1.0000000180025095e-35 1.0000000180025095e-35 364938.00000000006 1.237218499183655 0.56091308593750011 4.6360843181610116 0.9390399456024171 2.6771810054779057 175.00000000000003 143329.16406250003 0.66238051652908336 7.4684011936187753 4.926105499267579 8.5000000000000018 33971.916015625007 6.6711206436157235 6.6222393512725839 17368.000000000004 481280.00000000006 41369.599609375007 34905.599609375007 194896.00000000003 24857.599609375004 1.4283843040466311 1.5000000000000002 88109.500000000015 0.91519513726234447
decision_type=2 2 2 2 2 2 2 2 2 2 2 2 2 2 2 2 2 2 2 2 2 2 2 2 2 2 2 2 2 2
left_child=1 2 3 -1 13 6 9 -8 -7 -6 11 -4 -10 -5 18 17 21 24 23 22 -14 26 25 -12 29 27 -3 -2 -29 -15
right_child=19 16 10 4 5 8 7 -9 12 -11 14 -13 20 15 -16 -17 -18 -19 -20 -21 -22 -23 -24 -25 -26 -27 -28 28 -30 -31
leaf_value=-0.012568037600030006 -0.050114001663460306 0.050111692589482504 -0.05007215090867756 0.05435186954094328 -0.012571383335837225 0.0086125325182813267 0.0056117779157961734 -0.051486798084090103 0.057219545797174753 0.032061433865311718 -0.050144601605729089 0.036581381516956876 0.050709940447293093 0.05014738721462756 -0.053452063052504765 0.051866997772475977 0.051165189028189589 0.051115547111284437 -0.050799469318564716 -0.05067146156054151 0.051140952841582481 0.050362264546962125 -0.050271226392192947 -0.050337595924797487 0.050289770234928512 -0.05015270005563064 0.050074813351562136 -0.05007245315878836 -0.050104047783073896 0.05011971555798958
leaf_weight=1.1895039589144292 0.090550090186297783 0.089125333121046313 0.04965151788201172 0.14566373080015216 0.31246229389216773 0.37028307339642186 0.19958870182745159 0.52921698335558176 0.21683023124933243 0.41130203614011407 0.072467451333068311 0.043377013062126935 0.12356442934833467 0.046792395412921906 0.15278542600572109 0.111149612814188 0.10888887569308281 0.073139984626322985 0.10556235909461975 0.066762625821866095 0.12777278013527393 0.037212410708889365 0.066001558094285429 0.071655495557934046 0.060371883562766016 0.049520559259690344 0.14517084090039134 0.087125798803754151 0.028917712159454823 0.050013574538752437
leaf_count=27 41 43 36 2 17 16 36 34 2 28 34 5 34 19 3 5 6 6 8 8 6 8 17 13 15 20 101 63 15 24
internal_value=-2.56857e-05 0.00400521 4.89361e-05 0.00551656 0.0132597 0.00503163 -0.0116131 -0.0358499 0.0338677 0.0127926 -0.0437324 -0.00966765 0.0538425 0.0519572 -0.0516063 0.0509356 0.0504237 0.0504862 -0.0504769 -0.0502313 0.0509291 0.0501263 -0.05014 -0.0502406 0.0501933 -0.0501062 0.0500888 -0.0500951 -0.0500803 0.0501331
internal_weight=5.23243 4.84355 4.46315 3.96766 2.77815 2.29102 1.45257 0.728806 0.838451 0.723764 0.495499 0.0930285 0.468167 0.487131 0.402471 0.341467 0.380397 0.230318 0.249685 0.388878 0.251337 0.271509 0.322116 0.144123 0.157178 0.256114 0.234296 0.206594 0.116044 0.096806
internal_count=692 528 370 271 244 173 115 70 58 45 99 41 42 71 58 69 158 64 55 164 40 152 156 47 58 139 144 119 78 43
is_linear=0
shrinkage=0.05


Tree=121
num_leaves=31
num_cat=0
split_feature=7 10 27 12 5 3 32 9 25 0 22 5 21 14 28 10 24 10 27 22 10 10 0 5 5 19 25 9 32 21
split_gain=0.402125 0.338983 0.403922 0.219575 0.47097 0.266073 0.336999 0.327004 0.203499 0.210242 0.419731 0.125649 0.106261 0.0456156 0.0839516 0.0429441 0.00869298 0.000248658 2.88566e-05 1.9108e-05 5.37511e-06 3.01288e-06 8.26226e-07 5.04041e-07 3.82606e-07 8.76962e-08 2.58527e-08 2.41351e-08 1.98512e-08 7.46013e-09
threshold=2.5000000000000004 7.8300440311431894 8.5000000000000018 3.2052499055862431 74229.000000000015 3.5000000000000004 1.5000000000000002 3.4144024848937993 0.6642267405986787 641536.00000000012 56748.833984375007 22589.000000000004 263960.00000000006 5.5000000000000009 265.50000000000006 6.6276571750640878 1.0021744370460512 7.0903625488281259 8.5000000000000018 44023.250000000007 6.6222393512725839 6.5644235610961923 481280.00000000006 152501.50000000003 111544.00000000001 24857.599609375004 1.4283843040466311 0.15775315463542941 1.5000000000000002 88109.500000000015
decision_type=2 2 2 2 2 2 2 2 2 2 2 2 2 2 2 2 2 2 2 2 2 2 2 2 2 2 2 2 2 2
left_child=1 2 3 4 5 -1 11 12 -6 10 15 16 -8 17 -15 -10 -7 21 22 24 23 -4 26 25 27 28 -3 -17 -2 -30
right_child=20 18 13 -5 8 6 7 -9 9 -11 -12 -13 -14 14 -16 19 -18 -19 -20 -21 -22 -23 -24 -25 -26 -27 -28 -29 29 -31
leaf_value=-0.050541573934254395 -0.050108430218442017 0.050106235198286955 -0.05022789192431 -0.023918529658220306 0.060520960185230947 0.052343455667370378 -0.052212832679035009 0.022920701873303292 0.011340000485742749 0.052529463886098943 -0.042500925754707576 -0.00124488844787052 -0.01160665126468763 -0.050067357200540757 0.044401218052447684 0.050162185191428392 0.037801281954415851 -0.053000018767774576 0.051107579480372867 0.051151791212972975 -0.050638478181951156 -0.050610044468522054 0.050344503709122405 -0.050291808306106515 0.050291801830883477 -0.050156732978842988 0.050071159843168539 0.050116672747132246 -0.050068915742411173 -0.050098965150230351
leaf_weight=0.28264018020127046 0.086143245804123469 0.084787640487775096 0.11037028452847142 0.54971982864662994 0.44020882993936516 0.24852841615211207 0.40781463973689802 0.35869217175059021 0.097485932754352689 0.318161491304636 0.28326693514827639 0.20637380331754684 0.26633179211057723 0.060588777647353709 0.038437154842540622 0.048071571858599782 0.17521895375102758 0.16683418862521648 0.10369211062788963 0.071474135387688875 0.063546895980834961 0.096820030827075243 0.035409712814725935 0.043049962492659688 0.056700169574469328 0.066861070459708571 0.13810059742536396 0.07392348547000438 0.082882331276778132 0.02751009922940284
leaf_count=15 41 43 36 15 5 26 34 26 8 12 15 10 14 46 3 15 22 4 6 7 8 10 8 10 11 27 101 36 63 15
internal_value=-2.44985e-05 0.00391054 4.84199e-05 0.00536059 0.0101869 -0.00569108 0.00193181 -0.015649 0.0324229 0.0193903 0.00267884 0.0307487 -0.0361707 -0.0435742 -0.0133992 0.039491 0.0463303 -0.0515633 0.050403 0.0504608 -0.05022 -0.0504065 0.0501201 -0.0501332 0.0501845 -0.0501073 0.0500845 0.0501346 -0.0500904 -0.0500764
internal_weight=5.08965 4.71965 4.35766 3.88461 3.33489 1.9456 1.66296 1.03284 1.38929 0.949084 0.630922 0.630121 0.674146 0.47305 0.0990259 0.347655 0.423747 0.374025 0.36199 0.250169 0.369994 0.20719 0.258298 0.306447 0.178695 0.263397 0.222888 0.121995 0.196536 0.110392
internal_count=692 528 370 271 256 147 132 74 109 104 92 58 48 99 49 77 48 50 158 69 164 46 152 156 62 146 144 51 119 78
is_linear=0
shrinkage=0.05


Tree=122
num_leaves=31
num_cat=0
split_feature=7 4 18 12 28 29 17 20 11 33 5 12 0 0 32 0 5 0 0 12 17 19 0 0 19 5 28 0 12 32
split_gain=0.381951 0.350303 0.38981 0.310156 0.619827 0.213054 0.199805 0.271192 0.401084 0.285971 0.134142 0.0535781 0.0295519 0.0279155 0.00139336 0.00131289 0.000873727 0.000299987 0.000153918 0.000133572 9.30417e-06 5.73944e-06 2.96613e-06 6.39008e-07 1.70541e-07 7.68493e-08 5.02893e-08 4.03147e-08 2.2159e-08 1.69324e-08
threshold=2.5000000000000004 258.50000000000006 3128832.0000000005 2.8961431980133061 46.500000000000007 2.5000000000000004 1.0000000180025095e-35 1561.0000000000002 5.134796380996705 1.0000000180025095e-35 98512.000000000015 2.3332173824310307 94740.000000000015 466432.00000000006 1.5000000000000002 464896.00000000006 4098.5000000000009 426340.00000000006 140820.00000000003 3.1821014881134038 2816.0000000000005 41369.599609375007 196248.00000000003 168960.00000000003 23645.867187500004 20815.500000000004 113.50000000000001 134192.00000000003 2.5452164411544804 1.5000000000000002
decision_type=2 2 2 2 2 2 2 2 2 2 2 2 2 2 2 2 2 2 2 2 2 2 2 2 2 2 2 2 2 2
left_child=1 2 3 4 10 11 -3 12 -9 -10 -1 14 -8 15 -6 18 -14 20 -11 21 25 27 24 -20 29 26 -16 -18 -29 -2
right_child=22 6 -4 -5 5 -7 7 8 9 13 -12 -13 16 -15 17 -17 19 -19 23 -21 -22 -23 -24 -25 -26 -27 -28 28 -30 -31
leaf_value=0.013326328789017974 -0.050103431343743024 -0.03483352475540985 0.055291412849722645 -0.041302416594605207 -0.045459938117814007 0.00015668978342561456 0.020723957422450867 -0.039452425764930778 -0.043933012377128912 0.052459730567066265 0.059377124971891959 -0.018077468546761708 0.056085309947103583 0.021838451940554754 -0.050149634948462855 0.057526649521205044 0.050103096500179294 -0.053180536015895188 0.050302093186642707 0.051843489692811606 -0.050848059254518477 0.05057366787547421 -0.050419868953877248 0.050071075993448011 -0.050186697481262733 -0.050190315346686831 -0.050073704862877905 0.050128385435437607 0.050167180647476509 -0.050072838303320599
leaf_weight=0.29704895929899144 0.080163057893514522 0.14684802573174227 0.22837979579344381 0.69780055596493173 0.11434447835199513 0.54385076393373311 0.087099116295575874 0.302283083088696 0.10401700483635068 0.12874669395387173 0.33815503097139299 0.17413971538189799 0.096728526055812836 0.0877305205212906 0.03537712967954576 0.1137191504240036 0.058321087737567723 0.18721572309732437 0.040155945112928748 0.24009616952389479 0.069047280354425311 0.11776392883621156 0.11332889436744153 0.11758512025699019 0.054745901026763022 0.03449102328158915 0.056847758358344436 0.060724187642335892 0.093452075961977243 0.10378434346057475
leaf_count=18 40 8 8 32 8 34 2 29 10 3 25 22 1 17 14 1 33 6 7 26 5 22 30 89 17 12 42 24 30 77
internal_value=-2.32976e-05 0.00384081 -0.00728781 -0.0128961 -0.0021846 -0.023105 0.0210531 0.0260317 0.00740716 0.0313361 0.0378418 -0.0419459 0.0481149 0.0473818 -0.0503035 0.0529812 0.0516913 -0.0517496 0.0511769 0.0509461 -0.0503811 0.0502937 -0.0502092 0.0501299 -0.0501092 -0.0501266 -0.0501028 0.0501385 0.0501519 -0.0500862
internal_weight=4.92399 4.57197 2.7767 2.54832 1.85052 1.21531 1.79527 1.64842 0.894238 0.591954 0.635204 0.671463 0.754185 0.487937 0.497323 0.400207 0.667086 0.382979 0.286488 0.570357 0.195763 0.330261 0.352022 0.157741 0.238693 0.126716 0.0922249 0.212497 0.154176 0.183947
internal_count=692 528 226 218 186 143 302 294 156 127 43 109 138 117 87 100 136 79 99 135 73 109 164 96 134 68 56 87 54 117
is_linear=0
shrinkage=0.05


Tree=123
num_leaves=31
num_cat=0
split_feature=10 18 7 19 5 0 4 12 12 10 32 0 5 19 23 8 0 10 10 10 23 5 10 12 12 19 0 8 32 23
split_gain=0.390842 0.310664 0.244156 0.29826 0.318459 0.37522 0.306964 0.233796 0.228852 0.174963 0.144868 0.00929564 7.36227e-05 5.98435e-05 4.33338e-05 2.26804e-05 1.73184e-05 3.98214e-06 3.1184e-06 1.37867e-06 7.5354e-07 3.73049e-07 3.37256e-07 2.14975e-07 1.21164e-07 6.48999e-08 4.39473e-08 1.51669e-08 1.46985e-08 5.61521e-09
threshold=7.3105976581573495 3128832.0000000005 2.5000000000000004 144664.89062500003 77060.500000000015 239580.00000000003 258.50000000000006 1.4882033467292788 1.482320308685303 6.7254662513732919 3.5000000000000004 109360.00000000001 146605.50000000003 30799.644531250004 0.97646722197532665 4.5000000000000009 600716.00000000012 6.6222393512725839 6.3354051113128671 6.6436879634857187 0.032348632812500007 152501.50000000003 7.7570912837982187 1.6825190186500552 2.1682687997817998 24857.599609375004 47936.000000000007 4.5000000000000009 1.5000000000000002 0.96171376109123241
decision_type=2 2 2 2 2 2 2 2 2 2 2 2 2 2 2 2 2 2 2 2 2 2 2 2 2 2 2 2 2 2
left_child=1 2 3 4 6 11 9 -8 -2 13 -9 -6 19 15 16 -1 20 21 24 -13 -10 25 -22 -21 -17 28 -26 29 -4 -24
right_child=8 -3 17 -5 5 -7 7 10 14 -11 -12 12 -14 -15 -16 18 -18 -19 -20 23 22 -23 27 -25 26 -27 -28 -29 -30 -31
leaf_value=-0.051007909732184525 -0.0087181206896471356 0.055644695098914482 -0.050098092054410431 -0.036080061224409536 0.065347427587448159 -0.0016099211907205525 0.035661855644802842 0.011398655112796554 0.050337395637807439 0.0058226746282991097 -0.040178738228038809 0.050452288822714769 0.0519802984961951 -0.051813037141053869 0.051456435677397376 -0.050198895149003164 0.050876721217641613 -0.050577419176623145 -0.050515749110620047 0.050248362404548663 0.050189697290124215 -0.050263902542501494 0.050060235455563075 0.050115740328712202 -0.050141888570822871 -0.050141769146026582 -0.050072434529056409 0.050097165943420868 -0.05006912359649577 0.050087016514096021
leaf_weight=0.18975739460438601 0.23372763907536853 0.19269192498177279 0.07796114683151234 0.64858157723210741 0.17970021069049813 0.69478433765470982 0.39558470901101828 0.26760703255422413 0.044132552924565971 0.18075183033943176 0.27712787734344602 0.064664402278140187 0.09267691895365715 0.13727440498769283 0.10617174964863807 0.038395663606934249 0.10803916957229376 0.057581241009756923 0.078362070256844163 0.050926335388794541 0.098068759776651859 0.038970987952779979 0.10413608548697084 0.076391076669096947 0.033705442678183317 0.060506359615828842 0.070239147287793458 0.052535969996824861 0.099900394852738827 0.024102897034026682
leaf_count=11 38 4 41 24 1 33 8 31 11 10 9 12 3 8 5 13 9 8 13 12 36 10 89 38 14 27 54 28 78 14
internal_value=-1.9047e-05 -0.00629572 -0.00942718 -0.00549933 0.00151427 0.0216467 -0.0124696 0.00640527 0.0325821 -0.036833 -0.0148408 0.0564437 0.050823 -0.0509093 0.0505516 -0.0506071 0.0503287 -0.050199 -0.0502624 0.0502643 0.0501454 -0.0501205 0.050115 0.0501688 -0.050123 -0.050097 -0.050095 0.0500745 -0.0500818 0.0500653
internal_weight=4.77506 4.00414 3.81145 3.47653 2.82795 1.15914 1.66881 0.94032 0.770915 0.728486 0.544735 0.464359 0.284659 0.547734 0.537187 0.41046 0.431015 0.33492 0.220702 0.191982 0.322976 0.277339 0.278844 0.127317 0.14234 0.238368 0.103945 0.180775 0.177862 0.128239
internal_count=692 462 458 294 270 99 171 48 230 123 40 66 65 113 192 105 187 164 94 62 178 156 167 50 81 146 68 131 119 103
is_linear=0
shrinkage=0.05


Tree=124
num_leaves=31
num_cat=0
split_feature=10 0 27 7 22 9 0 22 20 10 11 10 0 22 23 10 0 6 10 28 28 22 12 22 10 23 22 22 2 22
split_gain=0.365511 0.273675 0.301054 0.264699 0.274013 0.232055 0.234623 0.231147 0.341493 0.315817 0.356052 0.194957 0.000610702 5.53721e-05 3.42772e-05 1.31016e-05 1.2381e-05 3.88493e-06 3.36214e-06 1.43472e-06 8.75815e-07 7.83816e-07 7.30577e-07 2.58922e-07 1.63653e-07 4.59264e-08 3.52287e-08 1.32146e-08 1.21591e-08 6.51016e-09
threshold=7.3105976581573495 3290996.0000000005 7.5000000000000009 2.5000000000000004 170073.42968750003 4.1499738693237314 517288.00000000006 115408.53125000001 3304.0000000000005 6.4869177341461191 3.3795642852783208 6.9049172401428232 146176.00000000003 44432.533203125007 0.97646722197532665 6.6276571750640878 600716.00000000012 142606336.00000003 6.6222393512725839 87.500000000000014 322.00000000000006 14838.856933593752 2.8386291265487675 42125.199218750007 7.6989610195159921 0.22241210937500003 24558.546875000004 10317.799804687502 17368.000000000004 202543.00000000003
decision_type=2 2 2 2 2 2 2 2 2 2 2 2 2 2 2 2 2 2 2 2 2 2 2 2 2 2 2 2 2 2
left_child=1 2 3 4 7 14 19 8 9 10 -1 12 -11 22 16 21 17 20 23 -7 24 27 -14 26 -2 -26 28 -4 -5 -27
right_child=5 -3 15 18 -6 6 -8 -9 -10 11 -12 -13 13 -15 -16 -17 -18 -19 -20 -21 -22 -23 -24 -25 25 29 -28 -29 -30 -31
leaf_value=0.026128083514095519 0.050205339118143989 0.051950492223882316 -0.050062331237107842 -0.050093318345791518 -0.031008347057456677 0.05009519224102274 -0.05291581017644173 0.041402149290031449 -0.051362129963259201 0.054534285371310637 -0.033615468535694387 -0.0017143173379941075 0.050209568018942774 0.051724490700641328 0.051383622784419929 -0.05075023471205873 0.050833570691165279 0.050655832295592999 -0.050562333049121846 0.050493484572717844 0.050355412290380146 -0.050259575878160351 0.05041880013879052 -0.050211873263249163 0.050129902570315701 0.050076292302504571 -0.050137827489579671 -0.050104031352864779 -0.050063663944786098 0.050054885186222697
leaf_weight=0.42051589302718884 0.030469377990811952 0.19275672826915968 0.082471885485574492 0.078622154425829538 0.57398101920261968 0.056574447662569582 0.13271271623671055 0.41456019319593895 0.27515414543449868 0.1939124073833226 0.61281114595476538 0.25537476758472621 0.085502465488389134 0.11861475626938045 0.10113319044467062 0.17196528927888721 0.10285507282242179 0.040913408622145653 0.05331394518725574 0.037661746260710061 0.038195024477317929 0.11580147076165304 0.081476466031745076 0.059791509294882417 0.039030063315294683 0.11359451751923189 0.032813915400765836 0.024685143434908241 0.061689623107668012 0.051669848442543298
leaf_count=30 10 8 70 44 12 39 3 9 17 3 26 39 25 5 5 16 9 5 7 8 7 34 18 19 18 78 14 15 51 48
internal_value=-1.72825e-05 -0.00613841 -0.00915399 -0.00424224 9.68614e-05 0.0320822 -0.0100764 0.00736064 0.000454248 0.00851749 -0.00930263 0.0335746 0.0523688 0.0508984 0.0505579 -0.0504223 0.0503575 0.0502015 -0.0502042 0.0502544 0.0501334 -0.0501694 0.0503117 -0.0501222 0.0500972 0.0500811 -0.0500912 -0.0500719 -0.0500803 0.0500696
internal_weight=4.65062 3.90581 3.71306 3.31813 3.0319 0.744809 0.226949 2.45792 2.04336 1.76821 1.03333 0.734881 0.479506 0.285594 0.517861 0.394924 0.416727 0.313872 0.286231 0.0942362 0.272959 0.222958 0.166979 0.232917 0.234764 0.204294 0.173126 0.107157 0.140312 0.165264
internal_count=692 462 454 319 184 230 50 172 163 146 56 90 51 48 180 135 175 166 135 47 161 119 43 128 154 144 109 85 95 126
is_linear=0
shrinkage=0.05


Tree=125
num_leaves=31
num_cat=0
split_feature=10 18 27 7 3 5 11 12 22 27 5 5 20 18 6 11 20 10 27 10 18 22 19 17 3 19 22 22 2 28
split_gain=0.346602 0.279341 0.274703 0.269257 0.3026 0.282506 0.230237 0.272195 0.411081 0.182993 0.110268 0.0956564 0.0658734 0.109405 0.178045 0.000164598 2.34302e-05 1.27751e-05 6.68819e-06 2.89277e-06 7.06888e-07 6.43712e-07 2.92002e-07 1.1931e-07 4.41848e-08 3.86039e-08 2.55261e-08 1.1374e-08 1.07306e-08 9.40533e-09
threshold=7.6910860538482675 3128832.0000000005 7.5000000000000009 2.5000000000000004 3.5000000000000004 177876.00000000003 5.3011872768402108 2.7767953872680669 9657.2500000000018 19.500000000000004 5322.0000000000009 12312.000000000002 1416.0000000000002 184832.00000000003 4831838208.000001 5.7429986000061044 28146.000000000004 6.6276571750640878 8.5000000000000018 6.6222393512725839 662016.00000000012 14838.856933593752 44714.666015625007 17920.000000000004 5.5000000000000009 24857.599609375004 184454.50000000003 10317.799804687502 17368.000000000004 68.500000000000014
decision_type=2 2 2 2 2 2 2 2 2 2 2 2 2 2 2 2 2 2 2 2 2 2 2 2 2 2 2 2 2 2
left_child=1 2 3 4 -1 6 7 8 -6 16 -4 -9 13 14 24 17 18 21 20 22 23 27 25 26 -10 28 29 -12 -5 -2
right_child=9 -3 10 19 5 -7 -8 11 12 -11 15 -13 -14 -15 -16 -17 -18 -19 -20 -21 -22 -23 -24 -25 -26 -27 -28 -29 -30 -31
leaf_value=-0.021308080309619559 0.05008135105283993 0.055485845693157593 0.023964348111392555 -0.050088507270674369 0.031036304988357823 0.052085791919923456 0.042658159805480149 0.00083964882986892978 0.050106712744402315 -0.0526547498514576 -0.050059287738551228 0.051874941974069916 -0.05187112594579657 -0.053111463599962216 -0.050932527373855369 -0.053132349256894397 0.051262265599601398 -0.050744750205823787 0.050683747892436341 -0.050534727497996201 0.050320137145797056 -0.050245808771859024 -0.050238047031744726 0.050163139231244581 0.050173996827542922 -0.050132596137015567 0.050058453746805544 -0.050098952418986292 -0.050060555588650225 0.050114489713646716
leaf_weight=0.97649605479091528 0.065073712787125149 0.18332954589277495 0.055498673580586799 0.082755188457667717 0.30160914338193856 0.36926786205731321 0.3135904159862547 0.15355150355026115 0.049748569959774613 0.047876104712486267 0.078454333357512951 0.22836172173265368 0.40342130092903972 0.14948662463575602 0.078688542591407895 0.065963274333626032 0.061718578217551112 0.16912535822484642 0.062092948704957962 0.050740798003971577 0.037005231250077486 0.10264571267180145 0.040240908972918987 0.043486222857609391 0.047886643093079329 0.039902777411043644 0.13170931942295283 0.023483555240090936 0.058684536488726735 0.031911137280985713
leaf_count=28 42 4 5 49 17 21 18 14 26 1 70 34 20 4 6 2 5 16 5 7 6 32 10 18 16 18 117 15 51 15
internal_value=-1.52356e-05 -0.0048108 -0.00768978 -0.00254372 0.00168021 0.0123921 0.00390156 -0.00470129 -0.01806 0.0401039 -0.0424468 0.0313558 -0.0383661 -0.0216441 0.00503389 -0.0508297 0.0503602 -0.0504232 0.0502102 -0.0501942 0.0501151 -0.0501574 -0.0501162 0.0500872 0.0501397 -0.0500892 0.0500728 -0.0500684 -0.0500769 0.0500923
internal_weight=4.50381 4.02293 3.8396 3.34443 3.07211 2.09561 1.72634 1.41275 1.03084 0.480873 0.495171 0.381913 0.729232 0.32581 0.176324 0.439672 0.432997 0.373709 0.371279 0.272324 0.309186 0.204584 0.221583 0.27218 0.0976352 0.181343 0.228694 0.101938 0.14144 0.0969849
internal_count=692 483 479 339 204 176 155 137 89 209 140 48 72 52 48 135 208 133 203 135 198 117 128 192 42 118 174 85 100 57
is_linear=0
shrinkage=0.05


Tree=126
num_leaves=31
num_cat=0
split_feature=10 18 27 19 21 2 22 5 5 22 28 19 0 10 22 0 23 2 10 10 5 22 27 29 4 4 22 22 10 21
split_gain=0.332143 0.275278 0.273607 0.241135 0.350296 0.325083 0.341255 0.415966 0.225056 0.208386 0.205862 0.199022 0.0245175 0.0291376 5.11435e-05 1.79766e-05 1.4243e-05 1.24249e-05 9.88713e-06 3.09916e-06 6.98086e-07 5.79663e-07 2.13925e-07 1.10946e-07 5.34457e-08 1.72051e-08 9.78935e-09 9.30294e-09 7.17158e-09 3.58469e-09
threshold=7.3105976581573495 3128832.0000000005 7.5000000000000009 146562.03125000003 311811.00000000006 17368.000000000004 61379.583984375007 77060.500000000015 13535.000000000002 9657.2500000000018 275.50000000000006 17181.257812500004 106412.00000000001 6.6374311447143564 44432.533203125007 553848.00000000012 0.80605468153953563 17368.000000000004 6.6276571750640878 6.4465184211730966 111544.00000000001 14838.856933593752 4.5000000000000009 1.0000000180025095e-35 290.50000000000006 264.50000000000006 10317.799804687502 16386.066894531254 6.6441054344177255 402625.00000000006
decision_type=2 2 2 2 2 2 2 2 2 2 2 2 2 2 2 2 2 2 2 2 2 2 2 2 2 2 2 2 2 2
left_child=1 2 3 4 5 6 7 8 9 -1 15 -11 -9 -14 20 17 19 22 21 24 28 26 25 -24 -7 -2 -4 -26 -15 -27
right_child=10 -3 18 -5 -6 16 -8 12 -10 11 -12 -13 13 14 -16 -17 -18 -19 -20 -21 -22 -23 23 -25 27 29 -28 -29 -30 -31
leaf_value=0.044359913698940295 0.05009139314293292 0.055198440801343333 -0.050056393727459562 -0.034276340180782044 0.041133758831336679 -0.050139944636931534 -0.052136563643858005 0.064307452610114071 -0.034494354371133205 -0.052732575847523527 -0.0093553410357517849 0.025883936283579712 0.017240961935960638 0.050119920318983081 0.051808481629653992 0.050930361931539006 -0.050901845906463107 0.050926625293016795 -0.050682452689488816 -0.05060616421517318 0.050335985325533607 -0.050234660193344396 0.050215610339054001 0.050111727029089836 -0.050047806068915693 0.050067889599555798 -0.050094121673741422 -0.050090454681035707 0.050092833328038926 0.050051325459210649
leaf_weight=0.28030388057232103 0.052727073023561277 0.17527348268777121 0.074632276024203636 0.55240366142243136 0.4705854239873587 0.050655354047194012 0.24875082762446243 0.172985479235649 0.43079601973295212 0.16592286620289087 0.20760418544523418 0.15637280669761822 0.09217924764379859 0.05176284012850374 0.072027061833068728 0.12235811026766896 0.20346072758547962 0.053550189360976219 0.15677207242697477 0.043829979375004768 0.050477428128942847 0.10492293071001768 0.0448079903726466 0.060274950519669801 0.02757523994660005 0.053572755714412779 0.022340348630677909 0.023841705173254013 0.046287570614367723 0.083684686047490686
leaf_count=20 31 4 70 18 16 22 11 1 39 14 13 33 16 22 3 10 21 3 16 4 9 34 13 36 29 41 15 16 29 83
internal_value=-1.40827e-05 -0.00594979 -0.00901296 -0.0042876 0.0021139 -0.00655884 0.00215073 0.0110401 -0.00689743 0.0128315 0.0321247 -0.0145891 0.0492032 0.0408485 0.0507151 0.0504089 -0.0506315 0.0502259 -0.0503845 -0.0502545 0.0501849 -0.0501532 0.0500988 0.050156 -0.0501035 0.0500671 -0.0500651 -0.0500676 0.0501071 0.0500578
internal_weight=4.35274 3.67416 3.49889 3.14022 2.58781 2.11723 1.76787 1.51912 1.0334 0.6026 0.67858 0.322296 0.48572 0.312734 0.220555 0.470976 0.349363 0.348618 0.358668 0.145902 0.148528 0.201896 0.295067 0.105083 0.102072 0.189985 0.0969726 0.0514169 0.0980504 0.137257
internal_count=692 462 458 323 305 289 197 186 106 67 230 47 80 79 63 217 92 207 135 71 60 119 204 49 67 155 85 45 51 124
is_linear=0
shrinkage=0.05


Tree=127
num_leaves=31
num_cat=0
split_feature=10 18 27 7 3 32 5 12 12 0 0 0 20 23 0 10 11 21 10 28 21 5 27 10 24 18 0 3 3 21
split_gain=0.31109 0.259796 0.261558 0.233435 0.266728 0.317074 0.307759 0.271345 0.199941 0.112664 0.276492 0.000225979 3.24025e-05 2.65374e-05 9.92151e-06 8.5041e-06 3.93202e-06 3.32953e-06 2.17137e-06 6.46413e-07 4.83666e-07 2.26365e-07 1.58203e-07 3.912e-08 2.30394e-08 2.26888e-08 2.0918e-08 1.19414e-08 1.18532e-08 3.53472e-09
threshold=7.3105976581573495 3128832.0000000005 7.5000000000000009 2.5000000000000004 3.5000000000000004 1.0000000180025095e-35 77060.500000000015 1.4882033467292788 1.482320308685303 641536.00000000012 239580.00000000003 109360.00000000001 74.000000000000014 0.97646722197532665 600716.00000000012 6.6276571750640878 4.6926512718200692 145100.00000000003 6.6222393512725839 322.00000000000006 65757.000000000015 98512.000000000015 4.5000000000000009 7.7447714805603036 2.6580256223678593 88320.000000000015 141636.00000000003 5.5000000000000009 5.5000000000000009 402625.00000000006
decision_type=2 2 2 2 2 2 2 2 2 2 2 2 2 2 2 2 2 2 2 2 2 2 2 2 2 2 2 2 2 2
left_child=1 2 3 4 -1 11 7 -7 -2 10 16 -6 -13 14 19 20 -8 26 21 22 24 25 28 -24 -4 27 -14 -5 29 -10
right_child=8 -3 15 18 5 6 9 -9 13 -11 -12 12 17 -15 -16 -17 -18 -19 -20 -21 -22 -23 23 -25 -26 -27 -28 -29 -30 -31
leaf_value=-0.022151172204289447 -0.0088471476064987797 0.054927048123865875 -0.050051048891587846 -0.050082817632064895 0.053264212390935345 0.011521055903853895 0.050229830516484678 -0.042163599664022028 0.050063780937539562 0.052134701591109556 -0.051714349884507328 0.051569393053984891 0.050097737973326319 0.051237002208347329 0.050730739380600777 -0.05064887867548673 0.050732571545962737 0.050605259882522881 -0.050486810377013684 0.050324342663218169 -0.050226392634603136 -0.050217153281816612 0.050186993174705277 0.050117310227389911 -0.050103148789539691 -0.050115110152202914 0.050146824719399109 -0.05004870374528067 0.050085325997839839 0.050045671877226118
leaf_weight=0.91604086849838662 0.20816618076059956 0.16752823907881964 0.066449563950300106 0.088350046309642383 0.14924177899956692 0.44470780808478572 0.078997189179062843 0.50003504520282149 0.052602643496356905 0.28272394463419914 0.11518595227971673 0.080277049914002419 0.043062561948318034 0.089991894667036831 0.089912742841988802 0.14922257035505027 0.076609866693615913 0.060667539248242974 0.046630205819383264 0.034880377119407058 0.09445254853926599 0.039232013863511384 0.037943861912935972 0.04292812873609364 0.031174814619589597 0.042808085214346647 0.043757576262578368 0.036148300976492465 0.043886323517654091 0.055248422955628484
leaf_count=26 38 4 67 56 3 16 30 31 43 11 5 3 27 5 9 16 11 9 7 7 31 11 13 27 21 23 16 38 27 61
internal_value=-1.33586e-05 -0.00585212 -0.00885947 -0.00420644 -3.68066e-05 0.0107657 0.000452404 -0.0168932 0.0316342 0.030058 0.00700854 0.0517519 0.050761 0.0504696 0.0502764 -0.0503657 0.0504773 0.0503211 -0.0501786 0.0501236 -0.0501457 -0.0501091 0.0500935 0.05015 -0.0500677 -0.0500837 0.0501225 -0.0500729 0.0500634 0.0500545
internal_weight=4.20886 3.5533 3.38578 3.04448 2.79131 1.87527 1.49826 0.944743 0.655561 0.553517 0.270793 0.377007 0.227765 0.447394 0.357403 0.341299 0.155607 0.147488 0.253169 0.26749 0.192077 0.206538 0.232609 0.080872 0.0976244 0.167306 0.0868201 0.124498 0.151737 0.107851
internal_count=692 462 458 323 188 162 104 47 230 57 46 58 55 192 187 135 41 52 135 178 119 128 171 40 88 117 43 94 131 104
is_linear=0
shrinkage=0.05


Tree=128
num_leaves=31
num_cat=0
split_feature=10 27 7 4 12 27 5 22 18 4 9 10 25 20 12 27 10 18 10 24 28 19 5 5 0 19 22 4 32 22
split_gain=0.296765 0.272098 0.26932 0.249164 0.196126 0.422393 0.159577 0.16018 0.326597 0.157518 0.123556 0.0853134 9.15799e-05 6.09015e-05 3.38825e-05 1.29203e-05 6.02521e-06 5.73301e-06 1.89763e-06 7.89527e-07 4.52307e-07 3.41807e-07 3.35476e-07 1.95802e-07 4.27519e-08 3.8824e-08 3.41691e-08 1.47096e-08 7.20069e-09 2.50647e-09
threshold=7.8300440311431894 9.5000000000000018 2.5000000000000004 258.50000000000006 2.8961431980133061 1.5000000000000002 57463.000000000007 9657.2500000000018 87552.000000000015 34.500000000000007 2.3818914890289311 6.5818047523498544 0.69378280639648449 20474.000000000004 3.2236673831939702 8.5000000000000018 6.6711206436157235 270848.00000000006 6.6222393512725839 1.3378075361251833 114.50000000000001 123494.39843750001 133291.50000000003 152501.50000000003 220928.00000000003 24857.599609375004 10964.666503906252 270.50000000000006 1.5000000000000002 13347.583007812502
decision_type=2 2 2 2 2 2 2 2 2 2 2 2 2 2 2 2 2 2 2 2 2 2 2 2 2 2 2 2 2 2
left_child=1 2 3 4 5 -1 7 -5 -9 -7 14 -11 -8 16 19 21 22 20 23 -10 24 27 26 25 -14 28 -3 -2 -4 -30
right_child=15 13 18 6 -6 9 12 8 10 11 -12 -13 17 -15 -16 -17 -18 -19 -20 -21 -22 -23 -24 -25 -26 -27 -28 -29 29 -31
leaf_value=0.040643239880671027 0.050085285395955394 -0.050050953728888695 -0.050080094294935651 0.04370642384172066 -0.030094652795345053 0.012816122128095291 0.05212026710337482 -0.052292677471968786 0.050114338426483974 -0.051983601977054997 -0.0012554664317881406 -0.013687256933817305 0.050099938441171193 -0.052245386001491027 0.051519882770244378 0.050838513508492944 -0.05064272411159304 0.05075907734909272 -0.050462929471449924 0.050382958400279836 0.050293218530461252 0.050261953765114858 -0.050242505494759296 -0.050221857487163381 0.050163516778389497 -0.050122478810884531 -0.050109671509420389 0.050053398891176326 -0.050047875720101748 -0.050067452634913724
leaf_weight=0.49193625734187774 0.053289570845663436 0.06452283973339934 0.063379213155712821 0.26473783515393712 0.63210228644311417 0.28984291863162071 0.1031277310103178 0.21979534346610308 0.066975723369978368 0.28287939407164231 0.25799981184536591 0.29928782291244715 0.068574487522710115 0.049729353981092572 0.090984201058745384 0.082483084872364998 0.089220999856479466 0.057928419206291437 0.044376485981047153 0.046240385738201439 0.061621401808224618 0.025004236260429025 0.040801349619869143 0.02914320002309978 0.043034043512307107 0.043825381144415587 0.040220451832283288 0.11257246561581269 0.037010518542956561 0.029288355377502739
leaf_count=18 34 67 41 6 17 20 3 9 33 23 26 23 37 3 5 6 9 6 7 13 21 7 11 8 17 22 25 111 40 24
internal_value=-7.38265e-06 -0.00361916 0.000178053 0.00397301 -0.00707191 0.00359767 0.0211829 0.0106966 -0.00211721 -0.0173012 0.0217433 -0.0322957 0.0508812 -0.0506559 0.0508014 0.0503156 -0.0503192 0.0503285 -0.0501668 0.050224 0.0501845 0.0500896 -0.0501209 -0.0501019 0.0501245 -0.0500818 -0.0500735 0.0500636 -0.050068 -0.0500565
internal_weight=4.08194 3.80859 3.52409 3.27707 1.99605 1.36395 1.28102 0.946733 0.681995 0.87201 0.4622 0.582167 0.334286 0.284495 0.2042 0.273349 0.234766 0.231158 0.247023 0.113216 0.17323 0.190866 0.145545 0.202647 0.111609 0.173503 0.104743 0.165862 0.129678 0.0662989
internal_count=692 534 419 277 101 84 176 92 86 66 77 46 84 115 51 158 112 81 142 46 75 152 103 135 54 127 92 145 105 64
is_linear=0
shrinkage=0.05


Tree=129
num_leaves=31
num_cat=0
split_feature=10 18 27 5 5 10 30 0 18 25 28 27 5 0 10 12 10 18 33 22 7 0 10 27 5 22 21 9 24 10
split_gain=0.282018 0.237952 0.231911 0.228261 0.261951 0.226934 0.327931 0.217132 0.393779 0.171202 0.166111 0.161469 0.0962484 0.0252857 0.0404156 0.0185332 0.000146207 0.000135025 5.69346e-05 4.12453e-05 1.53048e-05 1.15568e-05 7.78595e-06 2.56002e-06 4.69552e-07 3.90482e-07 7.8886e-08 1.01472e-08 7.55131e-09 6.37435e-09
threshold=7.6910860538482675 3128832.0000000005 7.5000000000000009 862222.00000000012 77060.500000000015 6.4869177341461191 1.0000000180025095e-35 226816.00000000003 365056.00000000006 0.44443522393703466 80.500000000000014 19.500000000000004 5322.0000000000009 106412.00000000001 6.6435739994049081 2.9333124160766606 7.6393072605133066 432128.00000000006 1.5000000000000002 44808.500000000007 2.5000000000000004 553848.00000000012 6.6276571750640878 10.500000000000002 110512.00000000001 14838.856933593752 328390.50000000006 0.15775315463542941 2.7689521312713627 5.7002520561218271
decision_type=2 2 2 2 2 2 2 2 2 2 2 2 2 2 2 2 2 2 2 2 2 2 2 2 2 2 2 2 2 2
left_child=1 2 3 4 5 6 9 13 -9 -1 -7 21 -4 -6 -15 17 22 18 20 24 -11 23 25 26 27 -14 -2 -16 -28 -22
right_child=11 -3 12 -5 7 10 -8 8 -10 15 -12 -13 16 14 19 -17 -18 -19 -20 -21 29 -23 -24 -25 -26 -27 28 -29 -30 -31
leaf_value=0.045943344685092515 0.05012020245661733 0.054811737794531225 0.023846936119374509 -0.056152624151845291 0.063170515962173698 0.030466000230248952 0.050555361854779594 -0.036998326153975442 0.03489706216633056 -0.050797119272966484 -0.017145430420508548 -0.052347259010921923 -0.050056052296638745 0.0065822797548879576 0.05011123448559604 -0.028809071345700495 -0.053139802737270182 -0.052737769230598412 -0.051874941559336252 0.051749293413604375 -0.05008458895709933 0.050791610817307445 -0.050632618015307156 0.050512494768012076 0.050299402954548739 -0.050206312673646274 0.050076244205222477 0.050073975067781176 0.050050912356602709 -0.050058184476828506
leaf_weight=0.05232273635920337 0.070299422601237782 0.16136495769023884 0.048899566056206711 0.18534789700061072 0.16502282023429848 0.3940668937866576 0.11156874429434538 0.3405816798331216 0.43206785619258881 0.24962421087548137 0.34234959352761507 0.042829524725675583 0.083544976601842791 0.072831763187423348 0.032781789428554475 0.10837861895561218 0.055594552308320999 0.12780292332172394 0.11364321684231982 0.063685975968837738 0.035001615295186639 0.090108786709606647 0.14271139458287507 0.039205718785524368 0.042216001776978374 0.089614259835798293 0.038464331708382815 0.041287665197160095 0.12510203500278294 0.065876188455149531
leaf_count=3 39 4 5 4 1 35 16 23 18 29 17 1 85 19 15 20 1 3 8 2 23 9 16 4 9 33 27 31 129 63
internal_value=-7.58437e-06 -0.00451248 -0.00733066 -0.00242092 0.00114721 -0.0120629 -0.0294418 0.0189086 0.00320578 -0.0413002 0.00833212 0.0394724 -0.0420948 0.0479465 0.0380087 -0.0478183 -0.0507753 -0.0512987 -0.0509024 0.0507265 -0.0505871 0.0503006 -0.0503592 0.0501386 0.0501663 -0.0501338 0.0500759 0.0500905 0.0500569 -0.0500673
internal_weight=3.9642 3.55819 3.39682 2.97646 2.79111 1.60063 0.864218 1.19048 0.77265 0.75265 0.736416 0.40601 0.420365 0.417826 0.252803 0.700327 0.371465 0.591948 0.464145 0.179971 0.350502 0.36318 0.315871 0.273072 0.116285 0.173159 0.233866 0.0740695 0.163566 0.100878
internal_count=692 483 479 339 335 217 165 118 41 149 52 209 140 77 76 146 135 126 123 57 115 208 134 199 55 118 195 46 156 86
is_linear=0
shrinkage=0.05


Tree=130
num_leaves=31
num_cat=0
split_feature=10 27 7 4 25 4 11 17 24 18 17 12 11 27 10 19 10 19 0 19 12 19 19 4 11 3 19 3 20 23
split_gain=0.267686 0.247536 0.248892 0.230046 0.176654 0.297399 0.160064 0.142452 0.167652 0.104624 0.00074006 8.68946e-05 4.5018e-05 9.56194e-06 4.69442e-06 2.71893e-06 1.52572e-06 2.52588e-07 2.02686e-07 1.72485e-07 9.54011e-08 4.47912e-08 2.41336e-08 1.08928e-08 5.99514e-09 5.63729e-09 5.41112e-09 4.66705e-09 1.91891e-09 1.77908e-09
threshold=7.8300440311431894 9.5000000000000018 2.5000000000000004 258.50000000000006 0.66238051652908336 34.500000000000007 4.7721533775329599 5376.0000000000009 3.1013135910034184 87552.000000000015 4352.0000000000009 3.1821014881134038 5.7429986000061044 8.5000000000000018 6.6711206436157235 41369.599609375007 6.6222393512725839 123494.39843750001 678668.00000000012 44714.666015625007 1.6763660907745364 13781.333496093752 24857.599609375004 270.50000000000006 3.5302884578704838 8.5000000000000018 9002.6665039062518 6.5000000000000009 22.000000000000004 0.96232482790946972
decision_type=2 2 2 2 2 2 2 2 2 2 2 2 2 2 2 2 2 2 2 2 2 2 2 2 2 2 2 2 2 2
left_child=1 2 3 4 -1 -6 -7 8 9 -5 11 15 14 17 18 20 19 23 21 22 -11 26 25 -2 27 28 -3 -22 -4 -25
right_child=13 12 16 7 5 6 -8 -9 -10 10 -12 -13 -14 -15 -16 -17 -18 -19 -20 -21 24 -23 -24 29 -26 -27 -28 -29 -30 -31
leaf_value=0.017088256898513617 0.050077156450655552 -0.050046122755196966 -0.050076167292209629 0.016625782602803282 0.015478487501779157 -0.051228646128901878 -0.0077492947921954207 -0.021334226027100809 -0.017608822568895417 0.050188098059849057 0.055808577546018173 0.051696712803603745 -0.052021513334912853 0.050757928437151982 -0.050587477791302286 0.050500038457967349 -0.050430424756666939 0.050236791367812242 -0.050232941677316137 -0.050195501003081733 0.050112604248788974 -0.050124996876511591 -0.050110896270619182 0.050044978836038992 0.050077946866162383 -0.050043894020729895 -0.050077241076300918 0.050089769757064639 -0.050061418387483791 0.050061411302182696
leaf_weight=0.54405671637505459 0.048225070175249019 0.056632784428074845 0.044533997192047425 0.36774112540297188 0.46965174574870594 0.52761325443862006 0.35349079163279384 0.17076413828181092 0.16889543132856488 0.033667243667878211 0.093247674405574799 0.17737068433780223 0.04554898664355278 0.074759947136044502 0.081672943662852049 0.062684759497642517 0.041779878083616495 0.022625451849307865 0.02499268134124577 0.035440884879790246 0.043971540522761643 0.031281974457670003 0.032846601156052202 0.081207223527599126 0.041253603296354413 0.0303909249487333 0.018544428050518036 0.045564363128505647 0.043687455938197672 0.020662381022702903
leaf_count=21 34 65 30 13 30 25 25 39 15 10 1 8 2 6 9 11 7 7 6 12 20 18 18 94 30 36 15 29 39 17
internal_value=-9.70632e-06 -0.00347944 0.000181947 0.00389538 -0.00696731 -0.0166564 -0.0337851 0.0209742 0.0279588 0.0368509 0.0517931 0.0508674 -0.0505947 0.0502855 -0.0502898 0.0502198 -0.0501573 0.0500811 -0.0501048 -0.0500962 0.050113 -0.0500747 -0.050073 0.0500576 0.0500937 -0.0500625 -0.0500538 0.050101 -0.0500689 0.0500483
internal_weight=3.83481 3.58733 3.32865 3.09997 1.89481 1.35076 0.881104 1.20516 1.0344 0.865501 0.49776 0.404512 0.258674 0.24748 0.213125 0.227142 0.22868 0.17272 0.131452 0.1869 0.164457 0.106459 0.151459 0.150095 0.13079 0.118612 0.0751772 0.0895359 0.0882215 0.10187
internal_count=692 534 419 277 101 80 50 176 137 122 109 108 115 158 113 100 142 152 104 135 89 98 123 145 79 105 80 49 69 111
is_linear=0
shrinkage=0.05


Tree=131
num_leaves=31
num_cat=0
split_feature=18 0 24 29 25 12 19 11 5 20 0 19 21 23 18 12 17 27 12 27 25 5 24 19 17 11 23 18 19 14
split_gain=0.258504 0.24467 0.301428 0.260829 0.226897 0.234423 0.18534 0.272402 0.195968 0.17552 0.121971 0.158292 0.114752 0.160776 0.0894257 0.0430072 0.0284422 0.0129724 0.00112219 0.00188304 0.000160142 2.88967e-05 2.24651e-05 7.54533e-06 3.29919e-06 1.28608e-06 3.92567e-07 5.5495e-08 2.68844e-08 3.03473e-09
threshold=85248.000000000015 157580.00000000003 2.1864583492279057 3.5000000000000004 0.99957478046417247 3.2052499055862431 11724.799804687502 4.6926512718200692 40976.000000000007 3.0000000000000004 423424.00000000006 58919.822265625007 311811.00000000006 0.53710937500000011 161536.00000000003 2.8450480699539189 768.00000000000011 7.5000000000000009 1.3982166647911074 5.5000000000000009 0.52153262495994579 18010.500000000004 0.96897193789482128 20352.000000000004 1792.0000000000002 3.4041860103607182 0.60693359375000011 363776.00000000006 2663.4343261718755 4.5000000000000009
decision_type=2 2 2 2 2 2 2 2 2 2 2 2 2 2 2 2 2 2 2 2 2 2 2 2 2 2 2 2 2 2
left_child=6 15 4 12 5 10 7 8 9 -1 11 14 13 -4 -3 16 -2 18 -14 24 -8 25 -22 26 -20 28 -24 -26 -11 -30
right_child=1 2 3 -5 -6 -7 20 -9 -10 21 -12 -13 17 -15 -16 -17 -18 -19 19 -21 22 -23 23 -25 27 -27 -28 -29 29 -31
leaf_value=0.052551767680838773 -0.0085171170735595415 -0.020760241026150972 0.050180183790623833 -0.040253016759706856 -0.045823176123411885 -0.031659461480409774 -0.05349078663032733 0.044017232306421419 0.043413688660405896 -0.050105207879145568 0.039341362996442183 -0.048363050961712603 0.053099762948783762 -0.051770555890787856 0.042259143512815185 0.054750588124964597 0.041805152800588677 0.031263082790312896 0.050536418685786511 0.036216492846062848 -0.051747589224825211 -0.05104936922958106 -0.050360042310924419 -0.050833278628617362 0.050044536631354775 -0.050358808015763916 -0.050156676244549531 0.05014144492189157 -0.050067361008542421 -0.050044796154240269
leaf_weight=0.046199411153793557 0.052755528595298862 0.085953466361388786 0.077156220446340629 0.12779242207761854 0.3683342613512649 0.38629313337150961 0.068990178988315165 0.19380289263790473 0.085663332138210535 0.032980026735458523 0.32403838611207902 0.12542423425475135 0.28749125759350136 0.077526762499473989 0.16313162539154291 0.28461444744607434 0.060030030086636543 0.099309987621381879 0.067030704347416759 0.028268860070966184 0.050359066692180932 0.21350796148180962 0.042094705393537879 0.12567036022664979 0.065242274664342403 0.058525149070192128 0.054392532620113343 0.01909742783755064 0.020558938733302057 0.054135563026648015
leaf_count=1 29 27 37 13 29 17 4 7 12 22 32 12 29 8 33 30 14 7 24 17 4 36 17 14 77 19 27 12 16 66
internal_value=-1.27615e-05 0.00816635 0.00191215 0.0255837 -0.0119163 -0.000403959 -0.0211035 -0.00646498 -0.0255896 -0.0394684 0.0168802 -0.00255404 0.0372508 -0.000917297 0.0205126 0.0443962 0.0182669 0.0476737 0.0511626 0.0480623 -0.0513389 -0.0506645 -0.0507941 -0.050578 0.0502746 -0.0501702 -0.0502454 0.0500665 -0.0500676 -0.050051
internal_weight=3.74637 2.69949 2.30209 0.848916 1.45318 1.08484 1.04688 0.705373 0.51157 0.425907 0.698548 0.374509 0.721123 0.154683 0.249085 0.3974 0.112786 0.566441 0.467131 0.179639 0.341507 0.379708 0.272517 0.222158 0.15137 0.1662 0.0964872 0.0843397 0.107675 0.0746945
internal_count=692 447 374 224 150 121 245 179 172 160 104 72 211 45 60 73 43 166 159 130 66 159 62 58 113 123 44 89 104 82
is_linear=0
shrinkage=0.05


Tree=132
num_leaves=31
num_cat=0
split_feature=10 18 4 17 20 9 5 19 20 10 18 28 10 24 11 4 10 18 32 23 20 32 10 10 18 17 22 22 9 28
split_gain=0.253618 0.213553 0.19643 0.289191 0.266296 0.281508 0.155942 0.258685 0.331456 0.183684 0.173577 0.140086 0.0334512 0.00239923 0.00271204 0.000179296 0.000169766 0.000129432 1.67786e-05 1.1354e-05 9.03478e-06 2.97702e-06 1.7777e-06 1.10538e-06 2.59051e-07 7.81707e-08 3.05891e-08 2.43361e-08 1.51206e-08 1.00459e-08
threshold=7.6910860538482675 3128832.0000000005 258.50000000000006 1.0000000180025095e-35 1561.0000000000002 3.6476505994796757 40976.000000000007 31203.555664062504 15.500000000000002 7.0903625488281259 365056.00000000006 884.50000000000011 6.2433390617370614 1.7871448993682864 3.6549445390701298 280.50000000000006 6.5644235610961923 432128.00000000006 1.5000000000000002 0.82552084326744091 28146.000000000004 5.5000000000000009 6.3354051113128671 6.4751358032226571 662016.00000000012 17920.000000000004 30898.416992187504 2596.202026367188 0.44951465725898748 100.50000000000001
decision_type=2 2 2 2 2 2 2 2 2 2 2 2 2 2 2 2 2 2 2 2 2 2 2 2 2 2 2 2 2 2
left_child=1 2 6 15 12 -6 9 -8 -9 17 -10 20 -5 16 -15 -4 -14 18 -1 -18 21 24 27 26 25 29 -17 -20 -29 -2
right_child=11 -3 3 4 5 -7 7 8 10 -11 -12 -13 13 14 -16 23 19 -19 22 -21 -22 -23 -24 -25 -26 -27 -28 28 -30 -31
leaf_value=-0.050876216002133913 0.050048488292875365 0.054314913766011302 -0.053532040602655623 0.019110996116964912 -0.046770563202945321 0.026656411865218478 0.03394444394676259 -0.053219875356560448 -0.022943464389625561 0.031613015800030328 0.031130738907266566 -0.052019916287152003 0.053105295864498331 0.050580614555783068 0.035636930679838474 -0.050056044935149639 0.050252003292462682 -0.052639842395924986 -0.050123702690651299 0.051141189335786832 0.050915793414771086 0.05051224681072556 -0.050389874219687297 -0.050415565399484941 0.050232256802824726 0.050135333204766597 -0.050125321352830245 -0.050048716909015127 -0.050097025735461702 0.050085992063044177
leaf_weight=0.20825637149391818 0.14471421344205726 0.14769457839429367 0.061626583337783702 0.11535647173877783 0.24212258699117228 0.28322475776076317 0.28726084914524097 0.4293538990896193 0.29296949738636613 0.078225550707429647 0.30075889674481004 0.037321947515010834 0.15296953171491623 0.065152629627846181 0.056856825714930892 0.056347407400608063 0.069346823438536376 0.093668773770332336 0.020838595170062035 0.074436945142224431 0.046716204145923257 0.050305504351854324 0.082597743137739599 0.034380788682028651 0.027092673350125551 0.035048414312768728 0.022217139427084476 0.05521207139827311 0.022922786010894924 0.020368943456560373
leaf_count=25 160 4 1 23 28 21 28 16 27 8 21 1 5 18 22 58 36 2 10 7 5 6 26 5 6 18 12 65 15 13
internal_value=-1.32412e-05 -0.00442776 -0.00722096 0.00826587 0.0180911 -0.00718468 -0.0174297 -0.00798122 -0.0197531 -0.0394703 0.00444835 0.0397136 0.0429517 0.0495191 0.0436168 -0.0513627 0.0519459 -0.0509709 -0.0505699 0.0507123 0.0502725 0.0501642 -0.0502186 -0.0501791 0.0500872 0.0500675 -0.0500756 -0.0500757 -0.0500629 0.0500531
internal_weight=3.61537 3.2538 3.1061 1.23404 1.05947 0.525347 1.87207 1.31034 1.02308 0.561722 0.593728 0.361568 0.534119 0.418763 0.122009 0.174572 0.296753 0.483496 0.389828 0.143784 0.324246 0.27753 0.181571 0.112945 0.227224 0.200132 0.0785645 0.0989735 0.0781349 0.165083
internal_count=692 483 479 236 160 49 243 92 64 151 48 209 111 88 40 76 48 143 141 43 208 203 116 75 197 191 70 90 80 173
is_linear=0
shrinkage=0.05


Tree=133
num_leaves=31
num_cat=0
split_feature=10 7 17 4 33 3 19 12 28 5 10 9 12 5 20 28 28 18 10 0 5 19 28 22 10 4 2 23 4 22
split_gain=0.240785 0.202142 0.185705 0.242457 0.19128 0.181973 0.180387 0.283402 0.133186 0.126583 0.031326 0.000418326 4.91896e-05 1.20559e-05 7.7692e-06 2.30945e-06 1.25098e-06 1.19123e-06 1.09993e-06 2.92333e-07 1.79196e-07 2.60174e-08 1.44904e-08 1.94421e-08 1.27406e-08 7.60729e-09 4.66402e-09 2.56729e-09 1.30624e-09 1.21396e-09
threshold=7.6910860538482675 2.5000000000000004 5376.0000000000009 258.50000000000006 2.5000000000000004 6.5000000000000009 31004.444335937504 2.9047055244445805 884.50000000000011 40976.000000000007 6.2433390617370614 3.4144024848937993 3.1821014881134038 18010.500000000004 28146.000000000004 265.50000000000006 75.500000000000014 146944.00000000003 6.6222393512725839 468992.00000000006 152501.50000000003 24857.599609375004 108.00000000000001 5578.2668457031259 6.6436879634857187 264.50000000000006 17368.000000000004 0.96232482790946972 264.50000000000006 191621.25000000003
decision_type=2 2 2 2 2 2 2 2 2 2 2 2 2 2 2 2 2 2 2 2 2 2 2 2 2 2 2 2 2 2
left_child=1 2 3 6 5 10 9 -8 14 13 -5 12 17 16 15 19 -1 24 20 25 21 26 -18 -24 -12 -2 28 29 -3 -27
right_child=8 18 -4 4 -6 -7 7 -9 -10 -11 11 -13 -14 -15 -16 -17 22 -19 -20 -21 -22 -23 23 -25 -26 27 -28 -29 -30 -31
leaf_value=-0.050388060455967658 0.05006942491242642 -0.050053170026514764 -0.047165582040290442 0.027244862240273938 -0.024969698044907639 -0.017301290494713368 0.019701012234161978 -0.027586813035726351 -0.051917530595153007 0.0098879113021875867 0.050118689152635433 0.05398082228556577 0.05156743420370289 -0.050826355523129085 0.050870514079310418 0.050454221449776161 -0.050112277492836282 0.05040748093600142 -0.050379518320647736 0.050194797119312795 -0.050202792405862166 -0.050100199013969816 -0.050041999038265228 -0.050108063348054781 0.050078739738535216 0.050052313920918724 -0.050042030347125045 0.05006001354235641 -0.050067681452203167 0.050038799787115062
leaf_weight=0.061100220074878808 0.045537815894931444 0.024114183732308336 0.20154752349480975 0.1744626925792544 0.16956065432168543 0.14264029992045835 0.80484691006131448 0.52255788911134005 0.03556998074054718 0.11580211907858029 0.033164773718453944 0.18753890413790941 0.13537411671131849 0.20626330550294369 0.044476382900029421 0.052159110782667994 0.02740124094998464 0.047952200286090374 0.03899971948703751 0.045707703800871968 0.028435191430617124 0.041656298388261348 0.029858164780307561 0.017761027789674699 0.050116489350330085 0.021337055426556617 0.047299946774728596 0.024164695001672953 0.043448833283036947 0.075129250180907547
leaf_count=12 36 25 23 8 15 33 37 14 1 11 15 7 5 25 5 9 14 11 8 16 10 27 40 14 35 21 60 21 34 100
internal_value=-1.85701e-05 -0.00435412 -0.00085217 0.00257152 0.023113 0.0336841 -0.00825159 0.00108527 0.0396965 -0.0353013 0.0452534 0.0521715 0.0508987 -0.0505853 0.0502592 0.0501562 -0.0502201 0.050209 -0.0501382 0.0500828 -0.0500873 -0.0500663 -0.0500833 -0.0500666 0.0500946 0.050052 -0.0500541 0.0500454 -0.0500625 0.0500418
internal_weight=3.49598 3.1519 2.92795 2.7264 0.94081 0.771249 1.78559 1.3274 0.344082 0.458186 0.628609 0.454146 0.266608 0.342384 0.308512 0.264036 0.136121 0.131233 0.223954 0.211877 0.184954 0.156519 0.0750204 0.0476192 0.0832813 0.166169 0.114863 0.120631 0.067563 0.0964663
internal_count=692 483 319 296 129 114 167 51 209 116 81 73 66 105 208 203 80 61 164 194 156 146 68 54 50 178 119 142 59 121
is_linear=0
shrinkage=0.05


Tree=134
num_leaves=31
num_cat=0
split_feature=10 21 27 7 19 21 20 22 27 0 12 19 10 3 10 21 20 10 28 27 10 0 21 19 19 19 28 2 24 24
split_gain=0.228368 0.203441 0.201194 0.190781 0.221701 0.210436 0.133279 0.131214 0.126628 0.125869 0.0436699 0.0425233 0.0500345 0.00375453 0.00010423 2.27953e-05 6.68109e-06 5.10983e-06 4.07774e-06 2.31052e-06 9.208e-07 2.4847e-07 2.4366e-07 1.55013e-07 1.91359e-08 1.26389e-08 8.73276e-09 4.52486e-09 3.74515e-09 9.4946e-10
threshold=7.6910860538482675 3128524.0000000005 7.5000000000000009 2.5000000000000004 176640.00000000003 89228.000000000015 5058.0000000000009 9657.2500000000018 19.500000000000004 239580.00000000003 2.8053920269012456 31004.444335937504 6.5818047523498544 3.5000000000000004 7.6393072605133066 189214.50000000003 28146.000000000004 6.6276571750640878 113.50000000000001 8.5000000000000018 6.6222393512725839 468992.00000000006 65757.000000000015 44714.666015625007 24857.599609375004 10837.333496093752 100.50000000000001 17368.000000000004 2.5667613744735722 0.99966397881507885
decision_type=2 2 2 2 2 2 2 2 2 2 2 2 2 2 2 2 2 2 2 2 2 2 2 2 2 2 2 2 2 2
left_child=1 2 3 4 5 7 9 -1 16 11 14 12 -7 -13 17 18 19 22 -15 21 23 26 25 24 27 -4 28 -5 29 -2
right_child=8 -3 10 20 -6 6 -8 -9 -10 -11 -12 13 -14 15 -16 -17 -18 -19 -20 -21 -22 -23 -24 -25 -26 -27 -28 -29 -30 -31
leaf_value=0.0083631838068409983 0.050051771459094951 0.054201663065553046 -0.050038168922257313 -0.050062309626858259 -0.030108920787419266 -0.010935905892965704 -0.010740194275254503 -0.034184830600331235 -0.051820517202438923 0.010021885993657496 -0.0073268052840081317 0.060826506679223527 0.050676301892720356 0.05070214037015966 -0.052812867986058602 0.051364607226371851 0.050827500413037123 -0.050587392089129039 0.050171892683640043 0.050479176609425858 -0.05036876703499419 0.050185265444864596 -0.050183029617961762 -0.050189938288106917 -0.050099707915541837 -0.050085714452417898 0.050081255803827364 -0.050040160210997386 0.050040877107220029 0.050066173618211446
leaf_weight=0.37305175862275275 0.025837761524598934 0.14204097446054209 0.051286941743455716 0.057521349284797796 0.44565993966534723 0.061981040169484691 0.25061595183797181 0.35234388976823539 0.033896956592798233 0.42880601005163044 0.072450460342224687 0.1480872550746426 0.070355182513594627 0.064296832773834467 0.050424296408891678 0.10594038479030132 0.042342144704889506 0.097961958730593324 0.083143514930270612 0.043659237213432789 0.03621211089193821 0.043486562091857195 0.069552877685055137 0.030482760106679052 0.029112553456798196 0.019213947700336576 0.020628646831028163 0.038485047989524901 0.097042155975941569 0.020541334117297083
leaf_count=30 26 4 71 49 16 16 14 21 1 24 11 2 30 8 1 5 5 12 38 5 7 16 29 10 18 16 14 51 125 17
internal_value=-1.88312e-05 -0.00424057 -0.007067 -0.00216884 0.00169054 0.00900075 0.0217387 -0.0123035 0.0396802 0.0301946 -0.0420309 0.0463994 0.0218196 0.0545017 -0.0507479 0.0508051 0.0502465 -0.0503104 0.0504031 0.0501486 -0.0501417 0.050079 -0.0501166 -0.0500888 -0.0500642 -0.0500511 0.0500508 -0.0500534 0.0500465 0.0500582
internal_weight=3.40646 3.07903 2.93699 2.5761 2.38428 1.93862 1.21323 0.725396 0.327435 0.96261 0.36089 0.533804 0.132336 0.401468 0.28844 0.253381 0.293538 0.238016 0.14744 0.251196 0.191814 0.207536 0.140054 0.155602 0.125119 0.0705009 0.16405 0.0960064 0.143421 0.0463791
internal_count=692 483 479 339 204 188 137 51 209 123 140 99 46 53 129 51 208 128 46 203 135 198 116 128 118 87 182 100 168 43
is_linear=0
shrinkage=0.05


Tree=135
num_leaves=31
num_cat=0
split_feature=10 18 27 3 32 10 21 23 20 22 27 18 0 5 10 22 28 20 10 3 10 20 10 9 27 10 21 0 4 9
split_gain=0.216527 0.19181 0.190322 0.187629 0.225953 0.305431 0.271343 0.163024 0.300173 0.136855 0.120397 0.106725 0.107869 0.0830955 0.0659577 0.00161614 0.00289619 0.00141101 0.00137996 0.000105136 9.01421e-05 5.74577e-06 4.58506e-06 4.3914e-06 1.98754e-06 4.90132e-07 2.18828e-07 2.1381e-07 4.65009e-08 1.17081e-08
threshold=7.6910860538482675 3128832.0000000005 7.5000000000000009 3.5000000000000004 2.5000000000000004 6.4663562774658212 364938.00000000006 0.92951378226280224 377.00000000000006 152090.91406250003 19.500000000000004 100096.00000000001 50952.000000000007 5322.0000000000009 5.73103952407837 44023.250000000007 33.500000000000007 1345.0000000000002 6.6439590454101571 4.5000000000000009 7.6393072605133066 28146.000000000004 6.6276571750640878 3.2357897758483891 8.5000000000000018 6.3735568523406991 65757.000000000015 468992.00000000006 148.50000000000003 1.7883312702178957
decision_type=2 2 2 2 2 2 2 2 2 2 2 2 2 2 2 2 2 2 2 2 2 2 2 2 2 2 2 2 2 2
left_child=1 2 3 9 11 19 7 8 -7 14 21 12 -5 -4 -1 16 -13 -10 -19 -6 22 24 26 25 27 28 29 -2 -21 -15
right_child=10 -3 13 4 5 6 -8 -9 17 -11 -12 15 -14 20 -16 -17 -18 18 -20 23 -22 -23 -24 -25 -26 -27 -28 -29 -30 -31
leaf_value=0.012284589586742231 0.05004835614579526 0.053985287659204878 0.024248044058725327 0.037193010896249136 -0.052228616876532574 -0.052259669154597066 0.052957770108520069 -0.051047276342697193 0.052930441632261641 -0.048485005575912593 -0.051728576949837561 0.050162349718158666 -0.017945853470716252 -0.050037951103263027 -0.023990318920137935 0.05016135607762108 0.03332620834597546 0.037275419125786025 0.050126905391039325 -0.050128318543700069 -0.052668166640032488 0.050786639884527952 -0.050536253790195877 -0.050749685906140089 0.050455618731329789 -0.050308577253966084 -0.050174657138058888 0.050176203086404761 -0.050051831526946824 -0.050089667212513261
leaf_weight=0.24904317874461579 0.15605663252063084 0.13564140815287817 0.042112513212486991 0.17552823666483153 0.13083378376904853 0.11968127265572548 0.2395926711615175 0.17278377374168485 0.10396122315432876 0.30408195476047695 0.032299641519784927 0.058061982621438801 0.17930968687869608 0.053861303487792611 0.25222507998114452 0.25453808705788106 0.045608336222358048 0.038656226999592036 0.045444216695614159 0.039555825060233474 0.0480935238301754 0.04030868160771206 0.1192912288242951 0.043277250602841377 0.041548851877450943 0.037811067595612258 0.069844205514527857 0.041372980049345642 0.03993104217806831 0.01373466313816607
leaf_count=27 182 4 5 17 7 5 12 16 6 12 1 29 30 77 17 18 19 20 22 20 1 5 16 3 5 10 30 16 49 11
internal_value=-1.44987e-05 -0.00411857 -0.00685812 -0.00209571 0.00720931 -0.00798595 0.00949185 -0.0121804 0.00964154 -0.0220215 0.0396648 0.0287653 0.00932978 -0.0415864 -0.005968 0.048018 0.0427555 0.0490351 0.0442198 -0.0511765 -0.0506816 0.0502344 -0.0503094 -0.0503192 0.0501413 -0.0501604 -0.0501126 0.0500751 -0.0500899 -0.0500485
internal_weight=3.32409 3.0125 2.87686 2.52992 1.72457 1.01153 0.720119 0.480527 0.307743 0.80535 0.311587 0.713046 0.354838 0.346937 0.501268 0.358208 0.10367 0.188062 0.0841004 0.291409 0.304825 0.279287 0.256731 0.160575 0.238978 0.117298 0.13744 0.19743 0.0794869 0.067596
internal_count=692 483 479 339 283 170 81 69 53 56 209 113 47 140 44 66 48 48 42 89 135 208 134 82 203 79 118 198 69 88
is_linear=0
shrinkage=0.05


Tree=136
num_leaves=31
num_cat=0
split_feature=7 4 24 25 24 19 17 20 5 28 5 19 28 6 5 4 5 0 14 27 20 9 4 18 0 5 27 19 27 3
split_gain=0.211681 0.20371 0.185165 0.231988 0.211423 0.309927 0.125449 0.174487 0.207602 0.229815 0.196967 0.100335 0.0183214 0.00428304 0.000345124 0.000258781 0.000160529 4.68684e-05 2.79433e-05 1.02189e-05 5.72984e-06 5.26194e-06 3.33891e-06 9.30081e-07 4.88202e-07 1.73502e-07 7.63933e-08 4.56069e-08 2.99969e-08 9.09418e-09
threshold=2.5000000000000004 258.50000000000006 4.0291795730590829 0.99957478046417247 0.99648618698120128 78745.601562500015 1.0000000180025095e-35 1043.0000000000002 4340.5000000000009 90.500000000000014 72034.000000000015 31004.444335937504 78.500000000000014 788529152.00000012 81613.500000000015 799.00000000000011 4624.5000000000009 168960.00000000003 1.0000000180025095e-35 6.5000000000000009 88.000000000000014 0.079586289823055281 148.50000000000003 391424.00000000006 196248.00000000003 320275.50000000006 6.5000000000000009 24288.000000000004 7.5000000000000009 5.5000000000000009
decision_type=2 2 2 2 2 2 2 2 2 2 2 2 2 2 2 2 2 2 2 2 2 2 2 2 2 2 2 2 2 2
left_child=1 2 3 4 21 11 -3 16 -9 15 -11 -6 -5 -12 -14 17 -8 -10 -18 20 -20 22 28 26 27 29 -19 -2 -1 -22
right_child=24 6 -4 12 5 -7 7 8 9 10 13 -13 14 -15 -16 -17 18 23 19 -21 25 -23 -24 -25 -26 -27 -28 -29 -30 -31
leaf_value=-0.050115189438793818 -0.050048991557374967 -0.035442939718993496 0.03121079038575017 -0.026588593430557285 0.0056000391141590071 -0.018699520139977749 0.053104588370375475 -0.05094947813723797 0.051641985377201952 -0.049926015908769307 0.029392111610545876 0.055283560407852164 -0.048158551900960217 0.050150936577116584 -0.051480584871348337 0.053950914597118385 0.051618876031601528 0.050038454107020902 0.050871505869273762 0.051090999512303781 0.050052493733205188 -0.050891918163106425 -0.050759757561473023 0.050422217404157268 -0.050233055467494729 0.05022805295810371 0.050154144044683428 -0.050117593885583844 -0.050030868915884409 0.050089042811213486
leaf_weight=0.018251492874697517 0.10171070348587807 0.094153458601795026 0.27169826824683685 0.10926888074027363 0.15533408772898838 0.51602819981053472 0.10977593495044835 0.11778024630621076 0.086543949320912361 0.14827479346422479 0.045280396472662687 0.29384918918367475 0.12689720973139629 0.055064369342289865 0.20365550357382745 0.090647879056632519 0.082229942083358765 0.083831649681087583 0.032552790828049183 0.055918801692314446 0.024230750219430774 0.11226536612957716 0.029022529721260071 0.021228432189673185 0.064272300456650555 0.025308365235105157 0.017196430824697018 0.031801473698578775 0.024988123448565602 0.057189574639778584
leaf_count=8 118 8 27 15 27 20 5 9 3 11 11 33 31 32 15 5 3 117 2 6 29 7 2 4 30 10 9 16 41 38
internal_value=-1.39816e-05 0.00328011 -0.00693449 -0.0134545 -0.00164038 0.0077345 0.0198525 0.0247965 0.00927585 0.0222183 -0.0133149 0.0381023 -0.044338 0.0407836 -0.0502053 0.0517201 0.0514861 0.0507516 0.0508457 0.05052 0.0502908 -0.0506777 -0.0503449 0.0501214 -0.0501198 0.0501137 0.0500581 -0.0500653 -0.0500665 0.0500782
internal_weight=3.20625 3.00847 1.86126 1.58956 1.14974 0.965211 1.14721 1.05305 0.665848 0.548068 0.24862 0.449183 0.439822 0.100345 0.330553 0.299448 0.387206 0.2088 0.27743 0.1952 0.139281 0.184528 0.0722621 0.122257 0.197784 0.106729 0.101028 0.133512 0.0432396 0.0814203
internal_count=692 528 226 199 138 80 302 294 201 192 54 60 61 43 46 138 93 133 88 85 79 58 51 130 164 77 126 134 49 67
is_linear=0
shrinkage=0.05


Tree=137
num_leaves=31
num_cat=0
split_feature=7 4 24 0 19 5 17 23 10 0 19 0 17 23 21 23 5 19 5 23 23 10 10 10 5 10 27 10 19 2
split_gain=0.201135 0.192223 0.170863 0.145064 0.41083 0.125273 0.118089 0.156242 0.125524 0.105165 0.0962983 0.0918319 0.0141515 0.0164797 0.00949312 0.000894485 0.000173537 3.54131e-05 7.1846e-06 5.0297e-06 5.17373e-06 5.9244e-07 5.82766e-07 4.35154e-07 9.53744e-08 3.43261e-08 3.00191e-08 2.94883e-08 1.7712e-08 3.27781e-09
threshold=2.5000000000000004 258.50000000000006 4.0291795730590829 239580.00000000003 31004.444335937504 40976.000000000007 1.0000000180025095e-35 0.93412640690803539 6.6494672298431405 641536.00000000012 96192.000000000015 63668.000000000007 11776.000000000002 0.87566265463829052 75632.000000000015 0.83756509423255932 4340.5000000000009 134297.60156250003 16243.000000000002 0.76428222656250011 0.074218750000000014 6.6222393512725839 6.6433546543121347 6.6795935630798349 152501.50000000003 7.6989610195159921 7.5000000000000009 7.2801284790039071 24857.599609375004 17368.000000000004
decision_type=2 2 2 2 2 2 2 2 2 2 2 2 2 2 2 2 2 2 2 2 2 2 2 2 2 2 2 2 2 2
left_child=1 2 3 4 5 14 -3 11 -9 -5 -10 -8 15 -14 18 16 -13 19 23 20 -18 24 -22 26 28 27 -1 -24 29 -2
right_child=21 6 -4 9 -6 -7 7 8 10 -11 -12 12 13 -15 -16 -17 17 -19 -20 -21 22 -23 25 -25 -26 -27 -28 -29 -30 -31
leaf_value=-0.050107472977414941 -0.050053705785970876 -0.034420534650663324 0.030163880129404977 -0.0479315191413765 0.046325164992791323 0.016122873854735976 0.00074147333079848169 -0.043946370767764531 -0.013429889523558997 -0.011835975988497179 0.052988556140993008 0.052945226176838014 -0.0075382914877275987 0.050093968204227096 -0.028340641128852415 0.044317104443507511 0.05082832791899064 0.0515377237979356 -0.050717426493828557 0.050874164096573096 0.05026266832230513 -0.050309199126228388 0.0500682474317002 -0.050311059660855098 -0.050166636022914317 0.050034578301900536 -0.050031585454887798 0.050130290328162991 -0.050087374161321453 -0.050034961660405511
leaf_weight=0.021223949734122227 0.057778454414801561 0.092154485173523315 0.26718936924589787 0.35712604009313509 0.31329584663035348 0.11008585180388764 0.12817877437919356 0.12030369648709893 0.10953375033568591 0.46393874322529882 0.10876258328789845 0.10472846194170415 0.023866288713179529 0.025826635566772893 0.060113676474429667 0.05344013636931777 0.030990813858807087 0.078339599072933197 0.16319299256429076 0.035272181674372405 0.057499196380376816 0.032213908620178699 0.056102526839822531 0.025414391420781612 0.023440722317900509 0.042887837451416999 0.033760970691218972 0.029077934799715877 0.035614969820016995 0.039111742516979575
leaf_count=10 59 8 27 34 25 15 5 11 7 23 34 5 15 26 10 24 2 3 22 15 21 8 45 5 10 67 55 14 27 60
internal_value=-1.19267e-05 0.00322509 -0.00676044 -0.0131331 0.00313136 -0.0295721 0.0197499 0.0247181 -0.00293788 -0.0275359 0.019662 0.0387742 0.0478349 0.0224146 -0.0461354 0.0504217 0.0511718 0.0506093 -0.0505268 0.0503205 0.0502303 -0.050114 0.0501304 -0.05014 -0.0500737 0.0500711 -0.0500609 0.0500894 -0.0500572 -0.0500461
internal_weight=3.10047 2.91231 1.81534 1.54815 0.727088 0.413792 1.09696 1.00481 0.3386 0.821065 0.218296 0.66621 0.538032 0.0496929 0.303706 0.488339 0.434899 0.33017 0.243592 0.25183 0.216558 0.18816 0.185567 0.0803993 0.155946 0.128068 0.0549849 0.0851805 0.132505 0.0968902
internal_count=692 528 226 199 142 117 302 294 52 57 41 242 237 41 102 196 172 167 92 164 149 164 147 70 156 126 65 59 146 119
is_linear=0
shrinkage=0.05


Tree=138
num_leaves=31
num_cat=0
split_feature=10 18 27 3 11 32 10 21 23 20 27 18 3 5 23 5 20 10 3 10 20 10 9 27 10 21 18 4 17 9
split_gain=0.1942 0.182815 0.171206 0.170933 0.221543 0.195849 0.270491 0.245749 0.141788 0.259861 0.107671 0.0938638 0.257087 0.0759197 0.00449308 0.00146252 0.00123829 0.00137973 7.62992e-05 5.64898e-05 5.01411e-06 3.85736e-06 2.74827e-06 1.3789e-06 3.62952e-07 1.90582e-07 1.57181e-07 3.21593e-08 2.96636e-08 9.9809e-09
threshold=7.6910860538482675 3128832.0000000005 7.5000000000000009 3.5000000000000004 3.5302884578704838 2.5000000000000004 6.4663562774658212 364938.00000000006 0.92951378226280224 377.00000000000006 19.500000000000004 102656.00000000001 4.5000000000000009 5322.0000000000009 0.87174478173255932 9125.5000000000018 1345.0000000000002 6.6439590454101571 4.5000000000000009 7.6393072605133066 28146.000000000004 6.6276571750640878 3.2357897758483891 8.5000000000000018 6.3735568523406991 65757.000000000015 662016.00000000012 148.50000000000003 17920.000000000004 1.7883312702178957
decision_type=2 2 2 2 2 2 2 2 2 2 2 2 2 2 2 2 2 2 2 2 2 2 2 2 2 2 2 2 2 2
left_child=1 2 3 4 -1 11 18 8 9 -8 20 12 -5 -4 -14 -13 -11 -18 -7 21 23 25 24 26 27 29 28 -20 -2 -15
right_child=10 -3 13 5 -6 6 7 -9 -10 16 -12 15 14 19 -16 -17 17 -19 22 -21 -22 -23 -24 -25 -26 -27 -28 -29 -30 -31
leaf_value=0.0060217117645134134 0.050041322483787176 0.053880514424015674 0.023577259452710084 0.046127008692253717 -0.0486242804823269 -0.052006104727692071 -0.051993947964426239 0.052544413138373783 -0.050932815342634608 0.052506547539128048 -0.051540725931749548 0.043353179366713998 -0.032946428270618743 -0.050034070033380319 -0.051045194810678832 0.05084133233492813 0.036391904657011191 0.05011185604138596 -0.050112928401335403 -0.052291740285138381 0.05075253517796962 -0.050514061988097325 -0.05064526226304681 0.05040368517435493 -0.050279742546104247 -0.050168246584344191 0.050193205726137315 -0.050044614922203738 0.050099714467284284 -0.050084116800847983
leaf_weight=0.36296333430800753 0.12670572110800993 0.12963238451629866 0.039386868709698208 0.20240552973700665 0.37928825517883524 0.11781456688186154 0.10555245168507099 0.21927674836479127 0.15403117402456701 0.090305523597635329 0.028999749571084976 0.094639838789589703 0.065203772741369903 0.047317639458924532 0.072331625560764223 0.20966795750427991 0.034060351201333106 0.039662826806306839 0.034537725936388597 0.041905324906110764 0.037894680019235238 0.1109344206051901 0.037402805872261524 0.037449678406119347 0.033372360747307539 0.064934489491861314 0.022383677074685693 0.034374413720797747 0.026257127814460546 0.012619076675036922
leaf_count=32 174 4 5 12 24 7 5 12 16 6 1 25 30 77 11 35 20 22 20 1 5 16 3 5 10 30 6 49 18 11
internal_value=-1.1508e-05 -0.00407166 -0.00695664 -0.00218264 -0.0219022 0.00729329 -0.00776682 0.00957734 -0.0126639 0.00920184 0.0396713 0.028341 0.010284 -0.0413865 -0.0424648 0.0485125 0.0485813 0.0437732 -0.0510689 -0.0506001 0.0502226 -0.0502995 -0.0502785 0.0501283 -0.0501444 -0.0501089 0.0500695 -0.0500789 0.0500513 -0.0500446
internal_weight=3.01331 2.73362 2.60399 2.28689 0.742252 1.54464 0.900391 0.642889 0.423612 0.269581 0.279691 0.644249 0.339941 0.317098 0.137535 0.304308 0.164029 0.0737232 0.257502 0.277711 0.250691 0.235806 0.139687 0.212796 0.102285 0.124871 0.175347 0.0689121 0.152963 0.0599367
internal_count=692 483 479 339 56 283 170 81 69 53 209 113 53 140 41 60 48 42 89 135 208 134 82 203 79 118 198 69 192 88
is_linear=0
shrinkage=0.05


Tree=139
num_leaves=31
num_cat=0
split_feature=7 4 19 11 24 9 4 32 9 32 32 23 24 24 17 3 29 23 3 20 18 17 24 27 19 26 24 2 11 19
split_gain=0.184873 0.174757 0.159104 0.266047 0.2051 0.136128 0.107154 0.135602 0.168321 0.0926261 0.071107 0.0520295 0.041734 0.0369255 0.00848918 0.000124732 3.58043e-05 7.28853e-06 6.41459e-06 4.20316e-07 2.80868e-07 2.42689e-07 9.00063e-08 2.19202e-08 1.15248e-08 8.96602e-09 4.76394e-09 4.61141e-09 3.6289e-09 2.04368e-09
threshold=2.5000000000000004 258.50000000000006 11502.933593750002 3.3624733686447148 4.0291795730590829 0.079586289823055281 280.50000000000006 1.5000000000000002 3.0632699728012089 3.5000000000000004 1.5000000000000002 0.69030761718750011 0.99972662329673778 2.6757831573486333 2816.0000000000005 4.5000000000000009 1.0000000180025095e-35 0.93963217735290538 4.5000000000000009 550.00000000000011 101632.00000000001 1280.0000000000002 2.4926975965499882 7.5000000000000009 47978.666015625007 1.0000000180025095e-35 0.99884614348411571 17368.000000000004 2.8971453905105595 17566.475585937504
decision_type=2 2 2 2 2 2 2 2 2 2 2 2 2 2 2 2 2 2 2 2 2 2 2 2 2 2 2 2 2 2
left_child=1 2 18 -4 5 -5 7 16 11 -8 12 -9 -7 -11 -12 22 -3 21 -1 23 27 25 -10 -20 -22 -18 -25 29 -27 -2
right_child=20 6 3 4 -6 10 9 8 15 13 14 -13 -14 -15 -16 -17 17 -19 19 -21 24 -23 -24 26 -26 28 -28 -29 -30 -31
leaf_value=-0.050728208975614912 -0.05004855739164208 0.051385916323397389 0.051358810088468376 0.019077980680420041 0.032739630114522862 -0.030194963960860757 -0.040647979134874307 -0.049438069646403592 0.050147085044344689 -0.0047340533826695057 -0.035734015402939731 0.0012935748902390617 -0.0019887064098566467 0.038926716363832735 -0.051196252572938708 0.053185277207915688 0.050094943379684134 0.050879192330870453 -0.050104738652711915 -0.050314980523067314 -0.05015559634682918 0.05026123413047974 0.050032310353530687 -0.050028167400436675 -0.050194201806411237 0.05007347759442532 -0.0500660790837427 -0.050031050383600499 0.050042841686527353 -0.050067815375322115
leaf_weight=0.10314193647354919 0.044860576250357442 0.23142236817511708 0.20721415744628746 0.19432902539847396 0.23490451846737403 0.25040326980524696 0.11470606981310993 0.090422229084651917 0.026265365537256002 0.10187374812085181 0.16048618702916428 0.11458376393420622 0.27534406154882163 0.09230415488127619 0.19864412362221628 0.056303359568119049 0.031850485713221133 0.047903508762829006 0.020318925264291465 0.02307220853981562 0.038559487293241546 0.023340651183389127 0.048850393533939496 0.025713339302456006 0.038768991304095834 0.020670773199526593 0.012226288788951933 0.031118265294935554 0.018156637845095247 0.019881821004673839
leaf_count=8 51 21 10 19 19 34 15 5 11 38 25 37 12 6 20 1 18 4 10 10 27 23 81 47 16 18 12 54 24 16
internal_value=-1.2607e-05 0.00317163 -0.00661418 -0.00129675 -0.00959969 -0.0188154 0.0195586 0.0302565 0.00723389 -0.00502372 -0.0271373 -0.0210827 -0.0154228 0.0160205 -0.0442866 0.0514061 0.0510025 0.0503772 -0.0504664 -0.0501344 -0.0501041 0.0501214 0.0500724 -0.0500628 -0.050175 0.0500753 -0.0500404 -0.0500469 0.0500592 -0.0500545
internal_weight=2.89764 2.72445 1.7058 1.52133 1.31411 1.07921 1.01865 0.70977 0.336425 0.308884 0.884878 0.205006 0.525747 0.194178 0.35913 0.131419 0.373344 0.141922 0.184473 0.0813308 0.173189 0.0940185 0.0751158 0.0582586 0.0773285 0.0706779 0.0379396 0.0958607 0.0388274 0.0647424
internal_count=692 528 226 139 129 110 302 243 135 59 91 42 46 44 45 93 108 87 87 79 164 83 92 69 43 60 59 121 42 67
is_linear=0
shrinkage=0.05


Tree=140
num_leaves=31
num_cat=0
split_feature=10 18 19 19 2 24 25 23 0 28 23 23 24 33 33 10 23 0 2 23 10 20 10 24 28 28 3 3 24 23
split_gain=0.187615 0.179996 0.13902 0.192488 0.245007 0.220967 0.220219 0.142703 0.131554 0.121683 0.0329535 0.0136429 0.00217909 0.000156498 2.58999e-05 2.31035e-05 7.17803e-06 3.66206e-06 2.95297e-06 2.21717e-06 8.70602e-07 2.38486e-07 6.86045e-08 1.84134e-08 1.23194e-08 7.57945e-09 9.99683e-09 2.75495e-09 1.11696e-09 4.86329e-10
threshold=7.3105976581573495 3128832.0000000005 144664.89062500003 115968.00000000001 17368.000000000004 1.1890218853950503 0.75166326761245739 0.34765625000000006 96041.000000000015 275.50000000000006 0.15832519531250003 0.60693359375000011 0.99687486886978161 1.0000000180025095e-35 2.5000000000000004 6.6437258720397958 0.80605468153953563 553848.00000000012 17368.000000000004 0.94377788901329052 6.4465184211730966 738.00000000000011 7.7570912837982187 4.0526170730590829 100.50000000000001 108.00000000000001 10.500000000000002 4.5000000000000009 0.99935910105705272 0.96232482790946972
decision_type=2 2 2 2 2 2 2 2 2 2 2 2 2 2 2 2 2 2 2 2 2 2 2 2 2 2 2 2 2 2
left_child=1 2 3 4 5 6 8 10 -1 17 -7 -9 -8 -14 19 -12 20 18 22 21 23 -13 -2 25 27 26 -6 29 -27 -24
right_child=9 -3 -4 -5 16 7 12 11 -10 -11 15 14 13 -15 -16 -17 -18 -19 -20 -21 -22 -23 24 -25 -26 28 -28 -29 -30 -31
leaf_value=0.013374067730036222 0.050111213908298716 0.053690922848324996 -0.034509901718754975 0.034894449917450811 -0.050043104304654765 -0.010516048578200621 0.041725288301869987 -0.023284984116069819 -0.037638751542091883 -0.0082486659906171374 0.047991138185395632 -0.050289491733035679 0.0519307170387492 0.049199081029071536 -0.051467180069955959 0.050059749044963353 -0.050618359395526918 0.050558637200387314 0.05057632035515737 -0.050540286818385238 -0.050358474676690523 -0.050090407293858323 0.050028305560360989 -0.05010940602400496 0.050082412243121412 -0.050031597391130403 -0.050094375599161869 0.050049099230121713 -0.050048825471079042 0.050038942722857666
leaf_weight=0.35543267783941812 0.05128869367763389 0.12266768235713232 0.41896016942337144 0.2887546564452349 0.02235518125235092 0.040250774967717007 0.10647311893990263 0.054505243897438049 0.19611521944170818 0.13114477740600705 0.024547909793909639 0.025264394469559193 0.10048909392207861 0.10964065697044134 0.086017975758295506 0.029984974593389779 0.16153853412833996 0.075116558466106653 0.033686733804643154 0.11634532260359265 0.030901504447683692 0.037180765386437997 0.06025191058870405 0.01422882144106552 0.016024081327486783 0.039457874576328322 0.016542388853849843 0.02617183726397343 0.012353763886494562 0.013077535288175568
leaf_count=38 36 4 27 14 36 13 13 3 23 13 14 8 6 39 6 28 28 10 3 18 5 33 111 11 12 69 10 28 16 17
internal_value=-1.31752e-05 -0.00531455 -0.00847895 -0.00264185 -0.00950346 -2.0364e-05 0.0143147 -0.0300738 -0.00476468 0.0313967 0.0237999 -0.0460654 0.0475527 0.0505054 -0.0507543 0.0491286 -0.0503931 0.0502609 0.0501493 -0.0504113 -0.0501252 -0.050171 0.0500631 -0.0500565 0.0500417 -0.0500482 -0.0500649 0.0500352 -0.0500357 0.0500302
internal_weight=2.81677 2.41001 2.28734 1.86838 1.57963 1.28225 0.868151 0.414097 0.551548 0.406762 0.0947837 0.319314 0.316603 0.21013 0.264808 0.0545329 0.297378 0.275617 0.200501 0.17879 0.13584 0.0624452 0.166814 0.104938 0.115525 0.0907092 0.0388976 0.0995013 0.0518116 0.0733294
internal_count=692 462 458 431 417 242 119 123 61 230 55 68 58 45 65 42 175 217 207 59 147 41 204 142 168 131 46 156 85 128
is_linear=0
shrinkage=0.05


Tree=141
num_leaves=31
num_cat=0
split_feature=10 18 27 3 11 32 18 12 9 0 27 10 28 9 4 4 19 23 23 23 25 10 5 12 25 25 28 19 6 11
split_gain=0.17549 0.169898 0.165545 0.151345 0.224447 0.181618 0.203445 0.169226 0.130509 0.121329 0.10845 0.0941326 0.0314198 0.0224727 0.0208902 9.27717e-05 8.12173e-05 6.34825e-05 7.97117e-06 5.53559e-06 3.11594e-06 2.91231e-06 2.51864e-06 1.16948e-06 3.00196e-07 1.34417e-07 1.17689e-07 1.07276e-07 5.4944e-08 4.6089e-08
threshold=7.3105976581573495 3128832.0000000005 7.5000000000000009 3.5000000000000004 3.5302884578704838 1.0000000180025095e-35 365056.00000000006 0.73497411608695995 4.1499738693237314 517288.00000000006 6.5000000000000009 6.8003742694854745 218.50000000000003 2.5125126838684086 270.50000000000006 280.50000000000006 40813.714843750007 0.12500000000000003 0.56091308593750011 0.97646722197532665 0.97418808937072765 6.6276571750640878 819087.00000000012 1.7103052735328677 1.3205285072326662 0.91017159819602977 75.500000000000014 13781.333496093752 142606336.00000003 3.4041860103607182
decision_type=2 2 2 2 2 2 2 2 2 2 2 2 2 2 2 2 2 2 2 2 2 2 2 2 2 2 2 2 2 2
left_child=1 2 3 4 -1 14 7 -7 19 24 12 13 15 -12 17 18 29 -5 -9 22 25 27 23 -2 -10 -19 28 -4 -25 -17
right_child=8 -3 21 5 -6 6 -8 10 9 -11 11 -13 -14 -15 -16 16 -18 20 -20 -21 -22 -23 -24 26 -26 -27 -28 -29 -30 -31
leaf_value=0.0051621454607628176 0.05045118577340614 0.053502475643757458 -0.050048049619146696 0.052181111035644767 -0.052354258597005779 0.051378932782730619 0.027347468385502796 -0.051140435708095761 0.050286504197042725 -0.051597764308629869 0.0049228143952790276 -0.033347933627731578 -0.012387335052416112 0.0484089374168203 0.021596601940023552 -0.050141209793280489 -0.047032215808088786 0.050209430820548052 -0.050547877030419623 0.050772684987933553 0.050696924042506523 -0.050470580513302089 0.050641969981979777 0.050046935000686993 0.050035939983644195 0.05005963016893264 0.050152479640541453 -0.050146093252406466 0.050150797316668883 -0.050239801598836925
leaf_weight=0.34540568891680035 0.026688776677474269 0.11708571109920729 0.052919541863957309 0.090185160748660453 0.33327952376566827 0.075919119641184585 0.35453481297008693 0.091601144667947665 0.02213754242984578 0.074898502789437771 0.05197754455730319 0.11506067030131817 0.065840533701702952 0.069346794043667614 0.086582809337414801 0.023479164694435894 0.035646865027956665 0.027174808317795396 0.14918909507105127 0.055783569230698049 0.039692087564617395 0.10045725508825853 0.029576314613223076 0.0883494553854689 0.025985464832047001 0.033356467902194709 0.054956943378783762 0.059012195910327137 0.01487764879129827 0.023940283572301269
leaf_count=32 10 4 86 3 22 3 18 15 6 3 30 4 22 17 29 32 6 10 32 5 4 16 3 130 41 34 27 33 5 10
internal_value=-1.21059e-05 -0.00520244 -0.00829221 -0.00386091 -0.0230822 0.00592159 -0.0035264 -0.0191188 0.0308944 -0.0117961 -0.0276674 -0.000948263 -0.0438748 0.0297787 0.0419593 -0.0502763 -0.0488354 0.0512187 -0.0507733 0.050329 0.0503526 -0.0502751 0.0502136 0.050145 0.0501512 0.0501269 0.0500934 -0.0500997 0.0500619 -0.050191
internal_weight=2.73494 2.34169 2.2246 2.01221 0.678685 1.33353 1.05654 0.702001 0.393254 0.123022 0.626082 0.236385 0.389697 0.121324 0.276991 0.323857 0.0830663 0.190409 0.24079 0.270233 0.100223 0.212389 0.214449 0.184873 0.048123 0.0605313 0.158184 0.111932 0.103227 0.0474194
internal_count=692 462 458 323 54 269 189 171 230 50 168 51 117 47 80 95 48 51 47 180 48 135 175 172 47 44 162 119 135 42
is_linear=0
shrinkage=0.05


Tree=142
num_leaves=31
num_cat=0
split_feature=18 0 21 12 28 10 19 11 10 20 24 28 5 10 12 0 28 5 22 22 25 12 5 0 5 19 11 10 22 14
split_gain=0.168662 0.172978 0.288254 0.226601 0.24403 0.228195 0.125664 0.170329 0.164988 0.127038 0.0919837 0.0493874 0.0293341 0.0882414 0.0126966 0.00832171 0.0138319 0.000231438 0.000184278 8.59419e-05 3.27014e-05 1.94135e-05 9.89795e-06 7.98429e-06 5.4137e-06 1.68389e-06 3.55177e-07 6.26144e-08 7.13558e-09 1.62444e-09
threshold=85248.000000000015 239580.00000000003 328390.50000000006 3.2052499055862431 218.50000000000003 6.0779700279235849 11724.799804687502 4.6926512718200692 6.6222393512725839 3.0000000000000004 3.0445498228073125 133.50000000000003 65648.500000000015 6.9839320182800302 2.1769183874130253 106412.00000000001 113.50000000000001 3136710.0000000005 137511.87500000003 41464.000000000007 0.83502769470214855 3.1821014881134038 18010.500000000004 504064.00000000006 19046.000000000004 20352.000000000004 3.4041860103607182 7.6910860538482675 2596.202026367188 4.5000000000000009
decision_type=2 2 2 2 2 2 2 2 2 2 2 2 2 2 2 2 2 2 2 2 2 2 2 2 2 2 2 2 2 2
left_child=6 10 14 4 5 -4 7 8 9 -1 12 17 13 -2 -3 -14 -17 18 -7 -18 -8 23 26 27 -24 -22 28 -20 -11 -30
right_child=1 2 3 -5 -6 11 20 -9 -10 22 -12 -13 15 -15 -16 16 19 -19 21 -21 25 -23 24 -25 -26 -27 -28 -29 29 -31
leaf_value=0.05183845878572392 -0.023619402412734233 -0.050984590816089984 -0.051687525356369807 -0.035005487440571074 -0.03726265668138895 0.052885541749679688 -0.051574577368160845 0.042944059846131664 0.052291914800147991 -0.050068027807657289 -0.021912111044280581 0.01005464945924734 0.058488308485362399 0.045784998067259851 -0.031706619283166253 0.016410824266800995 0.048062207726574865 0.054328436601562002 0.050132148321396952 0.050807000077574951 -0.050172130680078357 0.051478660659667677 -0.051099984610914931 0.050647149233010683 -0.050507524526192386 -0.050531450826967132 -0.050234949959839306 0.050029880606541843 -0.050047671326448356 -0.050026824731080423
leaf_weight=0.034207381308079099 0.066352429857943096 0.17758839996531595 0.066551255993544833 0.2084573095489759 0.13674031523987651 0.12853987782727927 0.09956756659084931 0.12948231084737927 0.059372032643295825 0.021186093770666048 0.072606082889251411 0.082556385546922684 0.12406604737043381 0.1478333278791979 0.16454528327449225 0.041580407094443217 0.045265948632732034 0.073324099183082581 0.019394210889004171 0.077081119699869305 0.057458677707472816 0.055796064436435699 0.062906595063395798 0.16943636513315141 0.09961849483079277 0.075380944821517915 0.038458696304587647 0.065567173733143136 0.013169864716473967 0.032175325904972851
leaf_count=1 36 24 3 27 23 20 17 7 6 22 15 3 1 36 30 27 35 1 9 19 37 2 4 18 38 12 19 118 15 67
internal_value=-1.54801e-05 0.00772386 -0.00206589 0.011413 0.0235401 0.0361151 -0.0206037 -0.00625599 -0.0238983 -0.0388908 0.0306915 0.0459423 0.038297 0.0242843 -0.0417131 0.0487185 0.0413244 0.0517282 0.0512937 0.0497915 -0.0508895 0.050634 -0.0504924 0.0504488 -0.0507368 -0.050376 -0.050114 0.0500532 -0.0500441 -0.0500329
internal_weight=2.64627 1.92328 1.3485 1.00636 0.797906 0.661165 0.722984 0.490577 0.361094 0.301722 0.574785 0.594614 0.502179 0.214186 0.342134 0.287994 0.163927 0.512058 0.438734 0.122347 0.232407 0.310194 0.267515 0.254398 0.162525 0.13284 0.10499 0.0849614 0.0665313 0.0453452
internal_count=692 447 278 224 197 174 245 179 172 166 169 171 154 72 54 82 81 168 167 54 66 147 165 145 42 49 123 127 104 82
is_linear=0
shrinkage=0.05


Tree=143
num_leaves=31
num_cat=0
split_feature=10 18 5 5 0 18 13 9 0 9 11 17 4 12 0 10 23 10 3 19 9 23 5 12 19 25 10 5 10 28
split_gain=0.164322 0.15441 0.124758 0.176612 0.185072 0.235985 0.133845 0.119799 0.110184 0.107205 0.0876142 0.141614 0.0357642 0.0312144 0.0125308 0.0276057 0.000642261 5.23012e-05 3.86704e-05 1.17729e-05 6.00948e-06 3.93444e-06 2.45063e-06 9.9639e-07 9.06615e-07 2.24228e-07 1.39902e-07 1.37648e-07 1.08432e-07 8.66249e-08
threshold=7.3105976581573495 3128832.0000000005 862222.00000000012 77060.500000000015 226816.00000000003 345088.00000000006 1.5000000000000002 4.1499738693237314 517288.00000000006 3.6476505994796757 3.2165720462799077 1.0000000180025095e-35 264.50000000000006 2.8961431980133061 106412.00000000001 6.6435739994049081 0.33447265625000006 7.2844328880310067 4.5000000000000009 44714.666015625007 3.5005197525024419 0.97646722197532665 819087.00000000012 1.7103052735328677 20684.799804687504 1.3205285072326662 6.2853758335113534 111544.00000000001 6.5028138160705575 75.500000000000014
decision_type=2 2 2 2 2 2 2 2 2 2 2 2 2 2 2 2 2 2 2 2 2 2 2 2 2 2 2 2 2 2
left_child=1 2 3 6 14 -6 9 21 25 10 11 17 -13 16 -5 -16 -12 26 -18 27 24 22 23 -2 28 -9 -1 -17 -20 -25
right_child=7 -3 -4 4 5 -7 -8 8 -10 -11 13 12 -14 -15 15 19 18 -19 20 -21 -22 -23 -24 29 -26 -27 -28 -29 -30 -31
leaf_value=-0.050044089843312094 0.050427484867796524 0.053153813779415318 -0.053377747260961519 0.05800607737360023 -0.042616990903095009 0.02258149524789152 0.049591713698242543 0.050260272308747633 -0.051447229928391958 0.0080887581840824209 -0.044646783261779427 -0.0011670199404376098 0.044262927404710523 -0.018028221627834257 0.0052672770460470072 0.050051146994635531 -0.051500896297161404 -0.052249574289152272 -0.050073699628624728 0.051167344809357189 -0.050908422981375268 0.050700956966808611 0.050632027808886149 0.050057941975276278 -0.050404808259999156 0.050033160801267566 -0.050218951948701102 0.050203428516398356 -0.05020603250492725 0.050138671750270473
leaf_weight=0.069863105454716079 0.025028835574630537 0.10781403305008996 0.14243791077751655 0.11897148191928852 0.23445566178997979 0.34012815554160625 0.068085973267443367 0.020113210775889456 0.068450439721345901 0.21981175499968231 0.04518421579268761 0.098221241874853149 0.077506817848188803 0.092262128833681345 0.048809236555825919 0.043350497726351023 0.17614055698504671 0.041200730949640274 0.031168760149739683 0.042922006919980049 0.05332693480886519 0.050727162975817919 0.029128889553248882 0.095294843020383269 0.067004285287111998 0.023643921187613159 0.013678126939339563 0.022562807891517878 0.030752668913919479 0.051018851459957659
leaf_count=112 10 4 10 1 28 26 6 6 3 18 23 23 24 17 20 48 15 1 38 2 6 5 3 135 13 41 9 7 11 27
internal_value=-1.22952e-05 -0.00518874 -0.00821599 -0.00489227 0.0121542 -0.00402238 -0.0182753 0.0311208 -0.0118326 -0.0228227 -0.0313555 -0.0100503 0.0188704 -0.0442661 0.045756 0.0365111 -0.0502644 -0.0507917 -0.0509726 0.0505229 -0.050462 0.0503076 0.050208 0.050136 -0.0502773 0.0501376 -0.0500727 0.0501033 -0.0501394 0.0500861
internal_weight=2.54907 2.18566 2.07785 1.93541 0.8512 0.574584 1.08421 0.363406 0.112208 1.01612 0.79631 0.30047 0.175728 0.49584 0.276616 0.157645 0.403577 0.124742 0.358393 0.108835 0.182253 0.251199 0.200471 0.171343 0.128926 0.0437571 0.0835412 0.0659133 0.0619214 0.146314
internal_count=692 462 458 448 132 54 316 230 50 310 292 169 47 123 78 77 106 122 83 57 68 180 175 172 62 47 121 55 49 162
is_linear=0
shrinkage=0.05


Tree=144
num_leaves=31
num_cat=0
split_feature=10 18 27 3 25 32 5 9 10 9 0 11 18 5 5 2 27 10 5 10 9 10 25 22 0 10 11 3 28 22
split_gain=0.155817 0.145861 0.148095 0.139321 0.195715 0.160371 0.179072 0.162119 0.117591 0.113939 0.104712 0.0882932 0.0694405 0.0172433 0.000616026 3.55228e-05 2.81612e-06 2.07903e-06 2.03341e-06 1.40362e-06 1.23374e-06 2.67349e-07 1.92946e-07 1.00989e-07 7.41828e-08 2.31921e-08 6.32156e-09 6.09612e-09 5.96182e-09 2.42124e-09
threshold=7.3105976581573495 3128832.0000000005 7.5000000000000009 3.5000000000000004 0.66238051652908336 1.0000000180025095e-35 296083.00000000006 3.6476505994796757 6.4869177341461191 4.1499738693237314 517288.00000000006 5.0316786766052255 121088.00000000001 4976.0000000000009 40976.000000000007 17368.000000000004 8.5000000000000018 6.6276571750640878 819087.00000000012 7.4684011936187753 3.2357897758483891 6.4139940738677987 1.3205285072326662 14838.856933593752 468992.00000000006 7.6989610195159921 4.1456646919250497 9.5000000000000018 100.50000000000001 10964.666503906252
decision_type=2 2 2 2 2 2 2 2 2 2 2 2 2 2 2 2 2 2 2 2 2 2 2 2 2 2 2 2 2 2
left_child=1 2 3 4 -1 13 7 8 15 16 22 12 -10 -5 -15 -7 18 23 19 -2 21 26 -11 29 25 -21 27 -17 -27 -4
right_child=9 -3 17 5 -6 6 -8 -9 11 10 -12 -13 -14 14 -16 20 -18 -19 -20 24 -22 -23 -24 -25 -26 28 -28 -29 -30 -31
leaf_value=0.0041355144059677133 0.050447064879025595 0.0529937054582326 -0.050024677018814023 0.019623193509301102 -0.052046505674026217 -0.051423320841492731 0.042103538531197249 0.026634620815578425 -0.01302160917068094 0.050247534113008974 -0.051375058224414863 -0.044298946846877608 0.043792108867218342 0.045254373590641835 0.051342451756361054 -0.050032346526386877 0.050629732102712571 -0.050421951791255137 0.050600870512161999 0.050105941317115522 -0.050502829760076501 -0.050281626423885201 0.050031542226113106 -0.050133690715912504 0.050132723660345241 0.050030548994376201 -0.050086733446185042 -0.050074251145738526 0.050066561709838357 -0.050052192069081805
leaf_weight=0.32147374399937811 0.029870258178561815 0.10285789985209692 0.032016429933719226 0.06619248818606116 0.2993677431368269 0.16780873850802891 0.17769303033128381 0.19000082835555077 0.12267308522132225 0.019137005496304482 0.065201232209801674 0.10283881722716615 0.095772450498770922 0.062283954117447138 0.12482130169519223 0.022989051620243117 0.049175303429365158 0.089901554107200354 0.02772488771006465 0.013903829123592004 0.029457630589604378 0.018284078367287293 0.022491502604680136 0.055898615159094334 0.032845558336703107 0.071815660747233778 0.014916739513864741 0.013942793069873005 0.01368172827642411 0.01065654814010486
leaf_count=30 4 4 71 21 24 22 14 16 11 6 3 11 37 27 32 45 5 16 3 9 3 6 41 34 15 131 13 11 13 14
internal_value=-1.45e-05 -0.00508694 -0.00804587 -0.00370066 -0.0229553 0.00618138 -0.00318776 -0.0135231 -0.0264842 0.0311061 -0.0118211 -0.00609732 0.0118871 0.0415565 0.0493158 -0.0509794 0.0502925 -0.0502481 0.0502052 0.0501375 -0.0502313 -0.0501172 0.0501308 -0.0500895 0.0500676 0.0500461 -0.0500593 -0.0500482 0.0500363 -0.0500315
internal_weight=2.46769 2.12185 2.01899 1.83052 0.620841 1.20967 0.956377 0.778684 0.588683 0.345847 0.10683 0.321284 0.218446 0.253298 0.187105 0.267399 0.239017 0.188473 0.189842 0.162117 0.0995903 0.0701327 0.0416285 0.0985716 0.132247 0.0994012 0.0518486 0.0369318 0.0854974 0.042673
internal_count=692 462 458 323 54 269 189 175 159 230 50 59 48 80 59 100 180 135 175 172 78 75 47 119 168 153 69 56 144 85
is_linear=0
shrinkage=0.05


Tree=145
num_leaves=31
num_cat=0
split_feature=10 18 27 3 11 32 5 9 10 9 0 11 18 4 20 18 33 27 25 10 5 12 9 10 25 25 22 0 10 4
split_gain=0.147807 0.137865 0.141562 0.129016 0.192047 0.150362 0.167128 0.150931 0.113812 0.108366 0.0995163 0.0827 0.0650814 0.0207419 3.91968e-05 2.80758e-05 1.69435e-05 2.42236e-06 1.97397e-06 1.78881e-06 1.74879e-06 1.29722e-06 1.17399e-06 2.30323e-07 1.66034e-07 9.31739e-08 8.69114e-08 6.43987e-08 1.99591e-08 1.02674e-08
threshold=7.3105976581573495 3128832.0000000005 7.5000000000000009 3.5000000000000004 3.5302884578704838 1.0000000180025095e-35 296083.00000000006 3.6476505994796757 6.4869177341461191 4.1499738693237314 517288.00000000006 5.0316786766052255 121088.00000000001 270.50000000000006 74.000000000000014 432128.00000000006 1.5000000000000002 8.5000000000000018 0.97418808937072765 6.6276571750640878 819087.00000000012 1.5213544964790346 3.2357897758483891 6.4465184211730966 1.3205285072326662 0.91017159819602977 14838.856933593752 468992.00000000006 7.6989610195159921 148.50000000000003
decision_type=2 2 2 2 2 2 2 2 2 2 2 2 2 2 2 2 2 2 2 2 2 2 2 2 2 2 2 2 2 2
left_child=1 2 3 4 -1 13 7 8 15 17 24 12 -10 14 -5 16 22 20 25 26 21 -2 23 29 -11 -16 -4 28 -23 -7
right_child=9 -3 19 5 -6 6 -8 -9 11 10 -12 -13 -14 -15 18 -17 -18 -19 -20 -21 -22 27 -24 -25 -26 -27 -28 -29 -30 -31
leaf_value=0.0043665002640620914 0.05044973053853205 0.052842025667635267 -0.050030009172976592 0.051848472669810124 -0.051964906725881083 -0.05007452078461877 0.04134972153938149 0.025614435381600759 -0.012414121499395038 0.050235424260388607 -0.051306561383784456 -0.043709471757850518 0.043204804446415945 0.01993100256413334 0.050185504365701884 -0.051810957425904351 -0.051191924501458798 0.050598757737970769 0.050599481024507148 -0.050401274849757087 0.050571263976692954 0.050100766495980567 -0.050446533001472428 -0.050260230638172143 0.050030003638285851 0.050051671427300187 -0.050127160547679822 0.050124698616783696 0.05003454020567788 -0.050030926555922318
leaf_weight=0.31912580516655076 0.026418089866638073 0.098115216940641292 0.040593009762233012 0.078207262791692989 0.28771196899469942 0.029562533309217542 0.17203107848763466 0.18774888385087252 0.12225339614087716 0.018207959947176278 0.062102041207253933 0.099109680973924696 0.092309092171490192 0.07934021798428148 0.023854412836953998 0.066849447786808014 0.076276034698821604 0.04680490680038929 0.034505515825003386 0.085551201307680458 0.026387778343632817 0.013227063493104652 0.0388745644595474 0.018162051943363622 0.021395220508566126 0.028593540511792526 0.05317915923660621 0.033255054382607341 0.081330439541488886 0.024868430715287104
leaf_count=32 3 4 85 3 22 27 14 16 11 6 3 11 37 29 10 2 9 5 4 16 3 9 6 6 41 34 34 16 144 50
internal_value=-1.81089e-05 -0.00499629 -0.00789352 -0.00362632 -0.0223412 0.00605933 -0.00313096 -0.0132525 -0.0260938 0.031092 -0.0118102 -0.00593455 0.0115143 0.0409427 0.0510363 -0.050931 -0.0506177 0.0502782 0.0503058 -0.0502359 0.0501951 0.0501308 -0.0502248 -0.050106 0.0501244 0.0501125 -0.0500851 0.0500649 0.0500438 -0.0500546
internal_weight=2.38595 2.05682 1.95871 1.77938 0.606838 1.17255 0.928045 0.756014 0.568265 0.329129 0.101705 0.313672 0.214562 0.244501 0.165161 0.254593 0.187744 0.227423 0.0869535 0.179323 0.180618 0.154231 0.111468 0.072593 0.0396032 0.052448 0.0937722 0.127813 0.0945575 0.054431
internal_count=692 462 458 323 54 269 189 175 159 230 50 59 48 80 51 100 98 180 48 135 175 172 89 83 47 44 119 169 153 77
is_linear=0
shrinkage=0.05


Tree=146
num_leaves=31
num_cat=0
split_feature=7 4 19 11 24 9 17 20 5 28 5 32 24 5 20 23 5 4 14 3 27 20 10 10 10 19 5 22 27 32
split_gain=0.154791 0.142905 0.128872 0.214359 0.161573 0.100071 0.0847724 0.120632 0.140976 0.15297 0.131415 0.0523201 0.0284655 0.00810335 0.00375658 0.000112836 4.90814e-05 1.67336e-05 1.16476e-05 4.21152e-06 3.9008e-06 2.22039e-06 2.78992e-07 2.78227e-07 2.35009e-07 7.62735e-08 7.59313e-08 2.81863e-08 7.94475e-09 6.91553e-09
threshold=2.5000000000000004 258.50000000000006 11502.933593750002 3.3624733686447148 4.0291795730590829 0.079586289823055281 1.0000000180025095e-35 1043.0000000000002 4340.5000000000009 90.500000000000014 72034.000000000015 1.5000000000000002 0.99972662329673778 40259.500000000007 2786.0000000000005 0.9904722571372987 4624.5000000000009 270.50000000000006 1.0000000180025095e-35 4.5000000000000009 6.5000000000000009 88.000000000000014 7.5671324729919442 6.6222393512725839 6.2808752059936532 41369.599609375007 320275.50000000006 184454.50000000003 7.5000000000000009 1.5000000000000002
decision_type=2 2 2 2 2 2 2 2 2 2 2 2 2 2 2 2 2 2 2 2 2 2 2 2 2 2 2 2 2 2
left_child=1 2 19 -4 5 -5 -3 16 -9 15 -11 12 -7 -13 -12 17 -8 -10 -18 -1 21 -20 -19 25 28 29 -23 -24 -21 -2
right_child=23 6 3 4 -6 11 7 8 9 10 14 13 -14 -15 -16 -17 18 22 20 24 -22 26 27 -25 -26 -27 -28 -29 -30 -31
leaf_value=-0.050647973921117861 -0.050055487275199644 -0.033436650298482633 0.050303220406976962 0.016880356439604737 0.032344832203092436 -0.029550875146626007 0.052135975968436978 -0.050643915594773249 0.051162280435703048 -0.049483223392832495 0.050103322507366724 -0.033459077508226666 -0.0033430069417147894 -0.050835899581667482 0.02679139266149699 0.053169892218474096 0.05122128701999016 0.050268306579121735 0.05063926094665433 -0.050073265631536169 0.050806621177181335 0.050053405382212215 0.050099961686890862 -0.050247984094573386 -0.050277313638013646 -0.05013639920966282 0.050172189833370795 0.05002508141724063 -0.050029709174839322 -0.05002776370295961
leaf_weight=0.089961763937027039 0.049400762654840835 0.067714366014115401 0.17355048068566237 0.15862503350945167 0.18719269492430612 0.19861853224574588 0.077981684764381498 0.080872501246631145 0.062334317713975906 0.10050567932194099 0.038907513779122382 0.11200864356942475 0.21659445622935891 0.16730090969940647 0.031090624863281846 0.056063823401927948 0.062477401457726955 0.017116038710810244 0.023943066596984863 0.017034085001796484 0.040739605959970504 0.053744180302601308 0.016489694098709151 0.02526334609137848 0.014693862205604091 0.028689235099591315 0.017946123087313026 0.052833463647402823 0.027164982631802559 0.041298970143543556
leaf_count=8 50 8 10 19 19 34 5 9 3 11 33 22 12 23 10 1 3 5 2 12 6 67 12 8 8 17 10 117 59 89
internal_value=-2.16554e-05 0.00332641 -0.00652409 -0.00113974 -0.0097215 -0.0189514 0.0200901 0.0250346 0.00923451 0.0221362 -0.0128501 -0.0271352 -0.0158796 -0.0438675 0.039749 0.0512582 0.0510728 0.0505378 0.0506559 -0.0504328 0.0503969 0.0502224 0.0500875 -0.0500972 -0.0501041 -0.0500653 0.0500831 0.0500429 -0.0500465 -0.0500429
internal_weight=2.30816 2.16351 1.36275 1.21389 1.04034 0.853148 0.80076 0.733046 0.456214 0.375341 0.170504 0.694523 0.415213 0.27931 0.0699981 0.204837 0.276832 0.148774 0.19885 0.148855 0.136373 0.0956334 0.0864392 0.144652 0.0588929 0.119389 0.0716903 0.0693232 0.0441991 0.0906997
internal_count=692 528 226 139 129 110 302 294 201 192 54 91 46 45 43 138 93 137 88 87 85 79 134 164 79 156 77 129 71 139
is_linear=0
shrinkage=0.05


Tree=147
num_leaves=31
num_cat=0
split_feature=7 4 19 11 14 11 10 17 20 5 17 5 5 27 12 4 12 0 12 8 18 10 10 5 10 19 10 27 32 0
split_gain=0.147054 0.134907 0.123087 0.200173 0.144164 0.0822051 0.0818665 0.079849 0.114908 0.133775 0.0874916 0.0722689 0.11514 0.0664748 0.00729411 9.0293e-05 4.4371e-05 1.3233e-05 1.28657e-05 3.62152e-06 3.34419e-07 2.971e-07 2.39421e-07 2.12116e-07 2.02278e-07 6.56425e-08 1.15924e-08 6.83693e-09 5.95195e-09 4.1452e-09
threshold=2.5000000000000004 258.50000000000006 11502.933593750002 3.3624733686447148 1.5000000000000002 4.926105499267579 6.2634227275848398 1.0000000180025095e-35 1043.0000000000002 4340.5000000000009 1280.0000000000002 27088.000000000004 57463.000000000007 4.5000000000000009 1.0874468088150027 799.00000000000011 2.0500890016555791 168960.00000000003 3.1821014881134038 4.5000000000000009 270848.00000000006 7.4684011936187753 6.6222393512725839 78026.000000000015 6.2808752059936532 41369.599609375007 7.7199680805206308 7.5000000000000009 1.5000000000000002 141636.00000000003
decision_type=2 2 2 2 2 2 2 2 2 2 2 2 2 2 2 2 2 2 2 2 2 2 2 2 2 2 2 2 2 2
left_child=1 2 19 -4 5 6 -5 -3 16 -10 -11 15 -13 -6 -14 17 -9 -12 20 -1 29 -19 25 -16 27 28 -23 -21 -2 -18
right_child=22 7 3 4 13 -7 -8 8 9 10 11 12 14 -15 23 -17 18 21 -20 24 -22 26 -24 -25 -26 -27 -28 -29 -30 -31
leaf_value=-0.050616054846682995 -0.050052779142766027 -0.032420401342318009 0.049559017085786396 -0.0081103751547223404 0.050528822864520234 0.0015808230219644965 -0.049042216960380421 0.052069681783881272 -0.050612394902418527 -0.050871425068349831 0.051104427512840278 -0.05085669924608504 0.016762026335323331 -0.0034198264094467824 0.050061800033592244 0.053005748061025197 0.050042025213295677 0.050302585389862542 0.050961377039815473 -0.05006968739915605 0.050284134233114286 0.050079180285443281 -0.050235851265737319 0.050253468514435906 -0.050263766237330171 -0.050129736313957077 0.050022381769156334 -0.050028259903354355 -0.050026408842086811 0.05007010324417302
leaf_weight=0.085626882035286012 0.046993937488878035 0.066379775758832582 0.16750313219381485 0.2110976127150932 0.12300322076771408 0.29196240732562728 0.28994371782755479 0.07281285896897316 0.076975006610155106 0.03691918752156198 0.05935966782271862 0.057547594420611858 0.02241220441646874 0.10657262639142573 0.037122433597687632 0.053490530699491501 0.021946808410575613 0.012622169335372746 0.11249900248367339 0.016204451560042799 0.023565044917631894 0.011265031062066555 0.024036895483732224 0.023618912440724671 0.013980906340293586 0.02729358000215143 0.044353176286676899 0.025840860384050757 0.039285832550376654 0.032774814346339554
leaf_count=8 50 8 10 15 28 39 32 2 9 3 3 5 9 15 38 1 34 3 19 12 11 9 8 16 8 17 105 59 89 27
internal_value=-2.17674e-05 0.00326337 -0.00635181 -0.00110747 -0.00940687 -0.0195081 -0.0317969 0.0199873 0.0249621 0.00919674 0.0220311 0.0303952 0.00351341 0.025485 0.041141 0.0512814 0.0510196 0.0505585 0.0506189 -0.0504116 0.0501267 0.0500836 -0.0500925 0.0501363 -0.050099 -0.0500622 0.0500339 -0.0500442 -0.0500408 0.0500588
internal_weight=2.23501 2.0974 1.33174 1.19008 1.02258 0.793004 0.501041 0.765664 0.699284 0.435686 0.358711 0.321792 0.140701 0.229576 0.0831536 0.181091 0.263599 0.1276 0.190786 0.141653 0.0782867 0.0682404 0.13761 0.0607413 0.0560262 0.113573 0.0556182 0.0420453 0.0862798 0.0547216
internal_count=692 528 226 139 129 86 47 302 294 201 192 189 68 43 63 121 93 120 91 87 72 117 164 54 79 156 114 71 139 61
is_linear=0
shrinkage=0.05


Tree=148
num_leaves=31
num_cat=0
split_feature=7 10 27 20 29 25 27 18 10 25 23 18 20 10 27 10 19 5 18 5 17 22 32 19 18 28 22 24 22 23
split_gain=0.139719 0.112067 0.11453 0.0833599 0.144644 0.1131 0.072584 0.050282 0.149041 0.00243388 2.02798e-06 2.04365e-06 1.81904e-06 9.47593e-07 5.81085e-07 2.0603e-07 5.6496e-08 5.35658e-08 5.2937e-08 1.60758e-08 1.13235e-08 7.4649e-09 5.12239e-09 2.59875e-09 1.29336e-09 6.683e-10 6.48248e-10 2.35607e-10 1.23284e-10 8.40115e-11
threshold=2.5000000000000004 7.6910860538482675 9.5000000000000018 3304.0000000000005 1.0000000180025095e-35 0.66238051652908336 19.500000000000004 278528.00000000006 6.6112103462219247 1.1403407454490664 0.93963217735290538 121088.00000000001 28146.000000000004 6.6711206436157235 8.5000000000000018 6.6222393512725839 41369.599609375007 133291.50000000003 662016.00000000012 111544.00000000001 17920.000000000004 10964.666503906252 1.5000000000000002 81483.636718750015 48896.000000000007 44.500000000000007 15970.555664062502 0.99837818741798412 202543.00000000003 0.016601562500000003
decision_type=2 2 2 2 2 2 2 2 2 2 2 2 2 2 2 2 2 2 2 2 2 2 2 2 2 2 2 2 2 2
left_child=1 2 3 4 5 -1 12 8 -6 10 11 19 14 17 18 16 22 21 20 -10 23 27 24 25 -2 -3 29 -4 -25 -24
right_child=15 6 13 -5 7 -7 -8 -9 9 -11 -12 -13 -14 -15 -16 -17 -18 -19 -20 -21 -22 -23 26 28 -26 -27 -28 -29 -30 -31
leaf_value=0.015156112830987707 -0.050043218681203261 0.050032732265531288 -0.050016912092390876 -0.019824052925329738 -0.034632389972686549 -0.019102252725432773 -0.051029448542788708 0.051061599335849334 0.050044793351005201 0.035069212866917339 0.050727353327808977 0.050610488360419703 0.050545131385587895 -0.050371871992990883 0.050301829584282323 -0.050224314745086922 -0.05012340132809702 -0.050136573122007116 0.050134667533185642 0.050105806079857165 0.050072080841049041 -0.05006696852382711 -0.050015904057619881 0.050023346582197842 -0.050060558822176263 0.050046879484447943 -0.050032370797804329 -0.050027710351484636 0.050018115360061927 -0.050022309594811631
leaf_weight=0.45926690229680456 0.026697787950979435 0.021825917472597101 0.014417262224014737 0.33546387322712679 0.088822098739910871 0.50673805119004101 0.01976664736866951 0.19211392657598481 0.021318276674719527 0.03291656996589154 0.043527695350348949 0.030462551862001419 0.027131213922984898 0.049999873270280659 0.028304895386099815 0.022869721637107432 0.025965655717300251 0.022766956244595349 0.015616942895576358 0.021873765159398317 0.017602948471903801 0.01435236819088459 0.010134973301319405 0.018710830539930612 0.018006471043918282 0.013517940475139767 0.016893516556592658 0.0077760646527167401 0.02829345379723236 0.010342288122046739
leaf_count=25 33 36 43 37 25 39 1 20 31 27 4 8 5 8 5 8 17 11 6 11 18 14 32 42 17 16 32 16 80 25
internal_value=-2.03966e-05 0.00320425 -0.000574226 0.00255765 0.00793205 -0.00281483 0.0396839 0.0320172 0.0167038 0.0470823 0.0504568 0.0502969 0.0501696 -0.0502115 0.0500988 -0.050088 -0.0500591 -0.0500764 0.0500491 0.0500757 0.0500357 -0.0500389 -0.0500388 0.0500279 -0.0500502 0.0500381 -0.0500251 -0.0500207 0.0500202 -0.0500191
internal_weight=2.1635 2.03259 1.84182 1.7325 1.39704 0.966005 0.190771 0.431035 0.238921 0.150099 0.117182 0.0736546 0.171004 0.109313 0.143873 0.13091 0.108041 0.0593127 0.115568 0.043192 0.0999511 0.0365457 0.082075 0.0823481 0.0447043 0.0353439 0.0373708 0.0221933 0.0470043 0.0204773
internal_count=692 528 319 227 190 64 209 126 106 81 54 50 208 92 203 164 156 84 198 42 192 73 139 174 50 52 89 59 122 57
is_linear=0
shrinkage=0.05


Tree=149
num_leaves=31
num_cat=0
split_feature=7 4 19 11 24 14 17 20 27 17 32 32 30 3 23 12 12 3 10 19 10 10 19 10 27 32 10 24 9 21
split_gain=0.132681 0.127557 0.115794 0.185432 0.135551 0.119851 0.0765728 0.10669 0.10114 0.127882 0.0567873 0.0454256 0.00790684 0.00147323 0.000104299 3.99339e-05 1.03236e-05 3.16552e-06 1.19297e-06 2.62902e-07 1.77302e-07 1.64332e-07 4.86203e-08 4.24468e-08 6.20631e-09 4.40828e-09 3.56308e-09 1.41836e-09 1.39009e-09 1.13814e-09
threshold=2.5000000000000004 258.50000000000006 11502.933593750002 3.3624733686447148 4.0291795730590829 1.5000000000000002 1.0000000180025095e-35 1043.0000000000002 1.5000000000000002 1280.0000000000002 1.5000000000000002 4.5000000000000009 1.0000000180025095e-35 4.5000000000000009 0.9904722571372987 2.0500890016555791 3.1821014881134038 4.5000000000000009 6.8003742694854745 51541.333984375007 6.6222393512725839 6.2808752059936532 41369.599609375007 7.7570912837982187 7.5000000000000009 1.5000000000000002 6.9839320182800302 0.99893736839294445 0.15775315463542941 47628.000000000007
decision_type=2 2 2 2 2 2 2 2 2 2 2 2 2 2 2 2 2 2 2 2 2 2 2 2 2 2 2 2 2 2
left_child=1 2 17 -4 5 10 -3 15 -9 -10 -5 12 14 -12 18 -8 19 -1 -11 26 22 24 25 -20 -19 29 -17 -26 -28 -2
right_child=20 6 3 4 -6 -7 7 8 9 11 13 -13 -14 -15 -16 16 -18 21 23 -21 -22 -23 -24 -25 27 -27 28 -29 -30 -31
leaf_value=-0.05059255606311916 -0.050040998385258155 -0.032134237971744091 0.048792603740830387 -0.016360242081827674 0.030870404368149751 0.024119201751549399 0.051990322968818552 -0.050007358568747745 -0.050610980919601478 0.050500404027689898 -0.051340763763931853 0.00047712053901323074 0.029923016924160703 -0.04325061957761886 0.052907647728587262 0.050067621076669511 0.05089610789077436 -0.050066435461448122 0.050092517103783402 0.05025451966602984 -0.05021334490342777 -0.050247425607593377 -0.050117372815975947 0.050019764627621192 -0.050017287109924327 -0.050023895386411714 0.050051887955307774 -0.050043813711041142 0.050028570078142633 -0.050057658778038187
leaf_weight=0.081935587339103555 0.025285764888394513 0.064249435206875094 0.15940470667555906 0.44337203272152692 0.17262891394784674 0.14006703073391691 0.069748204201459885 0.061032042925944552 0.054364871233701706 0.018671853002160788 0.1096857896191068 0.078818399284500629 0.062333173234947026 0.11555804181261919 0.051936812698841095 0.022768714930862188 0.10474201777833514 0.015443782205693424 0.040675795229617506 0.024415426596533507 0.02175898541463539 0.012961256288690493 0.024702191614778712 0.039535865245852619 0.016074768122052774 0.035549032370909117 0.01300337357679382 0.0073403394781053058 0.012570131046231836 0.017240271205082536
leaf_count=8 33 8 10 34 19 34 2 7 7 2 7 36 12 35 1 18 19 12 30 13 8 8 17 106 48 89 15 11 26 17
internal_value=-1.49779e-05 0.00311313 -0.00638614 -0.00122536 -0.00935029 -0.0179362 0.0199543 0.0250667 0.00934095 0.0197994 -0.0267463 0.0329097 0.0449025 -0.0471902 0.0510934 0.0509766 0.0505783 -0.0503991 0.0501404 0.0501208 -0.0500837 -0.0500933 -0.0500562 0.0500567 -0.0500418 -0.0500369 0.0500532 -0.0500256 0.0500404 -0.0500478
internal_weight=2.11787 1.99334 1.27447 1.14072 0.981312 0.808683 0.718866 0.654617 0.407369 0.346337 0.668616 0.291972 0.213153 0.225244 0.15082 0.247248 0.1775 0.133756 0.0988835 0.0727576 0.124536 0.0518201 0.102777 0.0802117 0.0388589 0.0780751 0.0483422 0.0234151 0.0255735 0.042526
internal_count=692 528 226 139 129 110 302 294 201 194 76 187 151 42 139 93 91 87 138 72 164 79 156 136 71 139 59 59 41 50
is_linear=0
shrinkage=0.05


Tree=150
num_leaves=31
num_cat=0
split_feature=10 18 19 5 6 12 25 10 12 22 28 24 25 5 10 10 14 3 19 23 5 23 18 24 23 10 22 4 3 22
split_gain=0.126213 0.127496 0.106586 0.147884 0.119407 0.13005 0.0982643 0.137747 0.0831291 0.0731033 0.108081 0.0615446 0.0493346 0.0190764 0.0162565 0.00109797 2.10568e-05 4.63718e-06 3.12879e-06 1.73968e-06 1.59611e-06 9.37628e-07 1.93492e-07 8.06738e-08 6.77555e-08 1.92969e-08 2.45869e-09 1.23462e-09 8.19053e-10 1.47915e-10
threshold=7.3105976581573495 3128832.0000000005 144664.89062500003 77060.500000000015 10518528.000000002 2.0387133359909062 0.6642267405986787 6.4663562774658212 1.482320308685303 11371.409179687502 48.500000000000007 1.5286458134651186 0.9500412940979005 5444.0000000000009 6.6222393512725839 6.7254662513732919 5.5000000000000009 4.5000000000000009 30799.644531250004 0.97646722197532665 819087.00000000012 0.84023436903953563 432128.00000000006 3.1949036121368413 0.018554687500000003 7.7570912837982187 2596.202026367188 264.50000000000006 6.5000000000000009 202543.00000000003
decision_type=2 2 2 2 2 2 2 2 2 2 2 2 2 2 2 2 2 2 2 2 2 2 2 2 2 2 2 2 2 2
left_child=1 2 3 4 5 12 -5 -8 -2 17 -11 15 -1 16 -13 -9 -12 -7 21 20 22 -6 24 26 -10 -26 -19 -27 -28 -29
right_child=8 -3 -4 6 18 9 7 11 19 10 13 14 -14 -15 -16 -17 -18 23 -20 -21 -22 -23 -24 -25 25 27 28 29 -30 -31
leaf_value=0.046121029826331268 -0.0080512158867505172 0.052752504795398614 -0.034283843291291256 0.050118903921595161 -0.050214400768942971 -0.05062748693877283 -0.043093715072002395 0.041447369998185303 0.050172670290440896 0.037063954496169789 -0.050147474872949918 0.017803749809888272 0.00225455417812643 -0.011322627709097838 -0.015588862543583557 0.050678763587630751 -0.051818929526360885 -0.050049396883659718 -0.050802236075409617 0.050526131970420211 0.050531995378764655 -0.05051250775426204 0.050223797072242206 -0.050193812399550133 0.050071525890298257 0.050034075873267275 -0.050034405976720368 0.050021923186693421 -0.050018204238803245 0.050015639189789844
leaf_weight=0.11682155414018802 0.090676612016977631 0.090937925036996492 0.3144407037179916 0.16564555990044028 0.045068511215504259 0.098137311229947954 0.11058891925495118 0.05288420629221946 0.011077724804636091 0.08847438934026286 0.037907083577010781 0.069419392850250006 0.14201133762253448 0.050743342551868409 0.076736302929930389 0.082394602679414675 0.037466414913069457 0.013712097832467407 0.079098430112935603 0.040226904588053003 0.023621267871931195 0.063599885441362858 0.020538834040053189 0.0091522462316788733 0.034372772672213614 0.020699702377896756 0.012439958838513121 0.019223989627789706 0.020916624896926805 0.018258389056427404
leaf_count=7 38 4 27 8 35 18 26 13 4 33 35 4 35 10 37 31 5 21 10 5 3 11 6 5 36 32 22 46 65 60
internal_value=-1.50228e-05 -0.00491733 -0.00802481 -0.00201199 -0.0155802 -0.00511706 0.0178306 0.00418744 0.0312707 -0.0241781 -0.00530195 0.0227664 0.0220532 -0.0350228 0.000271586 0.04707 -0.0509783 -0.0504201 -0.050563 0.0502346 0.0501553 -0.0503889 0.0500836 -0.050058 0.0500558 0.0500418 -0.0500316 0.0500243 -0.0500242 0.0500189
internal_weight=2.05729 1.7786 1.68766 1.37322 0.815549 0.627782 0.557669 0.392023 0.278696 0.368949 0.214591 0.281435 0.258833 0.126117 0.146156 0.135279 0.0753735 0.154358 0.187767 0.18802 0.147793 0.108668 0.124171 0.0562209 0.103633 0.0925549 0.0470687 0.0581821 0.0333566 0.0374824
internal_count=692 462 458 431 312 256 119 111 230 214 83 85 42 50 41 44 40 131 56 192 187 46 184 113 178 174 108 138 87 106
is_linear=0
shrinkage=0.05


Tree=151
num_leaves=31
num_cat=0
split_feature=7 4 19 11 24 14 28 17 17 5 32 19 3 23 10 20 3 19 26 23 10 10 5 22 10 32 6 22 28 24
split_gain=0.122512 0.11575 0.105667 0.165499 0.12516 0.104143 0.0762084 0.103073 0.137268 0.0949051 0.0547211 0.0301238 0.00147511 8.0969e-05 1.26691e-05 7.66145e-06 2.3084e-06 1.33194e-06 1.01905e-06 7.06634e-07 1.5184e-07 1.38495e-07 3.92527e-08 3.20042e-08 1.89025e-08 6.19947e-09 5.44318e-09 4.59903e-09 2.79389e-09 8.55423e-10
threshold=2.5000000000000004 258.50000000000006 11502.933593750002 3.3624733686447148 4.0291795730590829 1.5000000000000002 100.50000000000001 768.00000000000011 4352.0000000000009 4144.5000000000009 1.5000000000000002 8746.6665039062518 4.5000000000000009 0.9904722571372987 6.6406595706939706 998.00000000000011 4.5000000000000009 125376.00000000001 1.0000000180025095e-35 0.91615512967109691 6.3272254467010507 6.6222393512725839 152501.50000000003 41486.400390625007 7.7570912837982187 1.5000000000000002 4227072.0000000009 24558.546875000004 108.00000000000001 0.99779266119003307
decision_type=2 2 2 2 2 2 2 2 2 2 2 2 2 2 2 2 2 2 2 2 2 2 2 2 2 2 2 2 2 2
left_child=1 2 16 -4 5 10 9 -8 15 -3 -5 -11 -12 14 -13 -9 -1 18 -16 23 28 22 25 -17 26 27 -20 -2 -18 -30
right_child=21 6 3 4 -6 -7 7 8 -10 11 12 13 -14 -15 17 19 20 -19 24 -21 -22 -23 -24 -25 -26 -27 -28 -29 29 -31
leaf_value=-0.050535646733763054 -0.050037978097967478 -0.0093352891371330168 0.047871630476080659 -0.015689772479568546 0.030064291926942766 0.02242515993951966 -0.051108154456711623 0.051012184570485876 -0.038386157600849624 -0.01306022439806781 -0.051237455476388527 0.050909954772065127 -0.042851868081453068 0.052751603100357314 0.050554504506162723 0.050046597053874278 -0.050054063792235107 0.050491819045233283 0.050048689790010009 0.050402479316904183 -0.050245041933503334 -0.050196332991756965 -0.050123381539262948 0.050128374244363921 0.05001837814413105 -0.050021701443244637 0.050084842750376724 -0.050071314488682954 -0.050018707897612716 -0.050040656973456138
leaf_weight=0.074215855915099271 0.028579392732353992 0.099282906216103473 0.14810726538416907 0.42485292165656574 0.16822200611932203 0.13447778765112162 0.074469016049988568 0.044584608054719865 0.068014560965821147 0.019651812152005732 0.1010625681374222 0.11464660731144249 0.10901548591209576 0.049440663307905197 0.010848182253539562 0.031057187035912648 0.015613249765010551 0.027355973143130541 0.023245985357789323 0.025146148458588868 0.011796323407907039 0.020294968882808462 0.016166270826943219 0.019461197021882981 0.045430274883983657 0.033881914685480297 0.01885677722748369 0.016216314339544624 0.013565838191425428 0.0065980632207356385
leaf_count=8 40 11 10 34 19 34 10 5 9 6 7 16 35 1 1 40 17 3 36 6 7 8 10 14 131 93 13 13 43 12
internal_value=-1.28569e-05 0.00305492 -0.00619922 -0.00124547 -0.00900396 -0.0175458 0.0196964 -0.00131366 0.0183829 0.0332008 -0.0260116 0.0468468 -0.0468859 0.0509088 0.0505298 0.0504923 -0.0503614 0.0501832 0.0500974 0.0501859 -0.0500895 -0.0500778 -0.0500524 0.0500781 0.0500407 -0.0500378 0.0500649 -0.05005 -0.0500382 -0.0500259
internal_weight=1.99416 1.87902 1.20753 1.08574 0.937631 0.769409 0.671492 0.262733 0.188264 0.408759 0.634931 0.309476 0.210078 0.289824 0.240384 0.120249 0.121789 0.125737 0.0983812 0.0756645 0.0475735 0.115139 0.0948439 0.0505184 0.087533 0.0786776 0.0421028 0.0447957 0.0357772 0.0201639
internal_count=692 528 226 139 129 110 302 84 74 218 76 207 42 201 200 65 87 184 181 60 79 164 156 54 180 146 49 53 72 55
is_linear=0
shrinkage=0.05


Tree=152
num_leaves=31
num_cat=0
split_feature=10 18 27 8 11 5 32 9 9 0 10 29 5 11 0 24 10 23 5 6 6 27 23 22 27 18 4 20 20 22
split_gain=0.116641 0.121109 0.115449 0.114728 0.148792 0.121839 0.127638 0.11967 0.0849423 0.0795264 0.0594037 0.0564143 0.0172978 0.00043492 1.56209e-05 3.90278e-06 1.37372e-06 1.19034e-06 9.703e-07 5.30744e-07 2.2265e-07 1.33118e-07 9.34782e-08 5.55157e-08 5.34346e-08 2.25131e-08 3.66017e-09 2.65593e-09 2.57894e-09 2.14464e-09
threshold=7.3105976581573495 3128832.0000000005 7.5000000000000009 3.5000000000000004 3.5302884578704838 177876.00000000003 1.0000000180025095e-35 3.4144024848937993 4.1499738693237314 517288.00000000006 6.6112103462219247 2.5000000000000004 4769.0000000000009 3.1258943080902104 426340.00000000006 0.95023247599601757 6.6276571750640878 0.97646722197532665 819087.00000000012 142606336.00000003 4831838208.000001 6.5000000000000009 0.99996328353881847 16386.066894531254 7.5000000000000009 391424.00000000006 270.50000000000006 738.00000000000011 54.000000000000007 10964.666503906252
decision_type=2 2 2 2 2 2 2 2 2 2 2 2 2 2 2 2 2 2 2 2 2 2 2 2 2 2 2 2 2 2
left_child=1 2 3 4 -1 6 12 10 17 21 14 -12 -5 -14 15 -8 23 18 19 24 22 -10 28 29 25 26 27 -2 -17 -4
right_child=8 -3 16 5 -6 -7 7 -9 9 -11 11 -13 13 -15 -16 20 -18 -19 -20 -21 -22 -23 -24 -25 -26 -27 -28 -29 -30 -31
leaf_value=0.0031006958586454335 0.050031244148481861 0.052661250198276083 -0.050016633546224543 0.010030580562916447 -0.051652324027026235 0.04311012715154848 -0.050961990556396108 0.014923807254068493 0.050025024694803355 -0.051034876323676953 -0.042803863976375714 0.012864550440854522 0.051044497897270669 0.044745139183568358 -0.051237251746106827 -0.050053432508578327 -0.050380990075981881 0.050486755177912471 0.05048088982482897 0.050299965655788204 -0.050245436831777325 0.050229852424848877 -0.050196471684947154 -0.050113796689924217 0.050157529425812836 0.050103413931555311 0.050018838443021879 0.050060542973225645 -0.050023126041337657 -0.050044414425033483
leaf_weight=0.25889018020825438 0.020833070040680579 0.086784559302031883 0.021520738620892987 0.039417015097569674 0.23828502048854716 0.18344564316794276 0.018520334735512733 0.24035705404821783 0.017475914864917286 0.049467440694570541 0.078650961513631046 0.10800834360998124 0.067237890092656016 0.046246468235040084 0.081831501564010978 0.010798087198054418 0.074391286325408146 0.037638628360582516 0.021399181801825762 0.029509734129533172 0.038651204551570117 0.014525272883474827 0.012357400875771418 0.040687110857106745 0.011362156132236123 0.012457857083063573 0.034401940894895233 0.012302662740694359 0.020060288341483101 0.010258651484036818
leaf_count=32 36 4 71 20 22 23 1 24 43 3 10 39 31 21 6 11 16 5 3 8 24 4 4 30 4 8 102 14 55 18
internal_value=-1.15817e-05 -0.00485538 -0.00799548 -0.00369644 -0.0231412 0.00652737 -0.00227807 -0.0125288 0.0310556 -0.0113016 -0.0304167 -0.010592 0.0385661 0.0484774 -0.0507245 -0.0503065 -0.0502301 0.0502367 0.0501706 0.0501156 -0.0501582 0.050118 -0.0500803 -0.0500751 0.0500561 0.0500417 0.0500303 0.0500421 -0.0500337 -0.0500256
internal_weight=1.93777 1.6764 1.58962 1.44276 0.497175 0.945582 0.762137 0.609235 0.261374 0.0814686 0.368878 0.186659 0.152901 0.113484 0.182219 0.100387 0.146858 0.179905 0.142267 0.120867 0.081867 0.0320012 0.0432158 0.0724665 0.0913577 0.0799955 0.0675377 0.0331357 0.0308584 0.0317794
internal_count=692 462 458 323 54 269 246 174 230 50 150 49 72 52 101 95 135 180 175 172 94 47 70 119 164 160 152 50 66 89
is_linear=0
shrinkage=0.05


Tree=153
num_leaves=31
num_cat=0
split_feature=10 18 27 3 11 5 6 32 11 28 5 4 5 17 25 32 32 11 10 0 4 10 21 27 0 25 25 4 18 21
split_gain=0.110626 0.11443 0.110449 0.106183 0.143805 0.11422 0.119358 0.11766 0.103149 0.0743437 0.0446239 0.0616098 0.0331477 0.0165665 0.00174678 9.70012e-06 2.71109e-06 2.52607e-06 1.18215e-06 8.11874e-07 1.13184e-06 5.61511e-08 4.85305e-08 1.33218e-08 4.69564e-09 1.49923e-09 1.48003e-09 1.44401e-09 1.29217e-10 7.29906e-11
threshold=7.3105976581573495 3128832.0000000005 7.5000000000000009 3.5000000000000004 3.5302884578704838 177876.00000000003 10518528.000000002 1.5000000000000002 4.6926512718200692 275.50000000000006 60149.500000000007 4754.5000000000009 4769.0000000000009 768.00000000000011 0.95703241229057323 3.5000000000000004 2.5000000000000004 3.0853250026702885 6.6276571750640878 553848.00000000012 148.50000000000003 6.2394337654113778 65757.000000000015 4.5000000000000009 466432.00000000006 1.3147950172424319 0.55588287115097057 264.50000000000006 41216.000000000007 402625.00000000006
decision_type=2 2 2 2 2 2 2 2 2 2 2 2 2 2 2 2 2 2 2 2 2 2 2 2 2 2 2 2 2 2
left_child=1 2 3 4 -1 6 7 12 13 19 -8 -12 -5 15 17 16 -9 -14 22 20 -2 26 25 27 -25 28 -18 -22 -4 -29
right_child=9 -3 18 5 -6 -7 10 8 -10 -11 11 -13 14 -15 -16 -17 21 -19 -20 -21 23 -23 -24 24 -26 -27 -28 29 -30 -31
leaf_value=0.0029452571445703303 0.050418428349579041 0.052527066114657933 -0.050014091625668833 -6.779433926536184e-06 -0.051572534003454573 0.042442631831831834 -0.050736876274590538 -0.050864697986342328 0.016741227305943459 -0.0079950856151148244 -0.050373555154357541 0.050084158097039748 0.051169993667396087 -0.013412595095426008 0.040619251307342508 -0.051340292989689541 -0.050045484493354012 0.05069662312623581 -0.050362349138665233 0.050359000073789198 0.050033310053444892 -0.050174603691548407 -0.050107447976935296 0.050045481449605668 0.050081877743879712 -0.050043222474711969 -0.050016639459565408 0.050019155292781052 -0.05002270753344934 0.05001470710771188
leaf_weight=0.25892479799222179 0.024509329348802678 0.082757583819329628 0.016579369679675326 0.046846483484841883 0.22700555738992989 0.177174674696289 0.13979850347095635 0.017947713000467047 0.170317289972445 0.081826644600369036 0.03013892428134568 0.030920787074137479 0.048959545732941478 0.040834997605998069 0.064417927496833727 0.057863461654051207 0.011075447357143275 0.066411094390787184 0.070788711891509593 0.048277732101269066 0.018902955605881289 0.011495753307826817 0.039707005984382704 0.021344816355849616 0.015152768086409196 0.0067504294420359648 0.0074305506859673178 0.015164375668973662 0.0059003819915233171 0.023535895641543902
leaf_count=32 3 4 61 22 22 23 29 3 19 13 9 32 21 9 21 11 17 19 16 10 31 10 31 38 11 12 24 41 15 83
internal_value=-1.61671e-05 -0.00475546 -0.00781924 -0.00361033 -0.0225231 0.00636141 -0.00222561 0.00994413 -0.00972579 0.0310446 -0.0351616 0.000498476 0.0374539 -0.0404647 0.0472148 -0.0509045 -0.0503786 0.0508975 -0.0502188 0.0501861 0.0501158 -0.0500878 -0.0500715 0.050037 0.0500606 -0.0500226 -0.0500339 0.050022 -0.0500164 0.0500165
internal_weight=1.87876 1.63005 1.54729 1.40756 0.48593 0.921633 0.744458 0.5436 0.316965 0.248715 0.200858 0.0610597 0.226635 0.146648 0.179789 0.105813 0.0479495 0.115371 0.139726 0.166888 0.11861 0.0300018 0.0689372 0.0941008 0.0364976 0.0292302 0.018506 0.0576032 0.0224798 0.0387003
internal_count=692 462 458 323 54 269 246 176 93 230 70 41 83 74 61 65 54 40 135 217 207 51 119 204 49 88 41 155 76 124
is_linear=0
shrinkage=0.05


Tree=154
num_leaves=31
num_cat=0
split_feature=7 4 19 11 24 14 28 17 17 5 0 18 0 23 10 20 0 0 4 23 27 10 5 22 10 32 27 22 6 20
split_gain=0.114311 0.104312 0.0975077 0.151652 0.106819 0.0917617 0.0671599 0.0905001 0.126788 0.0825852 0.050112 0.164041 0.0144565 6.59072e-05 8.06528e-06 6.504e-06 1.8862e-06 9.02403e-07 6.19985e-07 5.30705e-07 4.5288e-07 1.11801e-07 4.34989e-08 2.25639e-08 1.50273e-08 6.08672e-09 5.44945e-09 4.14382e-09 3.993e-09 8.89099e-10
threshold=2.5000000000000004 258.50000000000006 11502.933593750002 3.3624733686447148 4.0291795730590829 1.5000000000000002 100.50000000000001 768.00000000000011 4352.0000000000009 4144.5000000000009 239580.00000000003 126976.00000000001 38816.000000000007 0.9904722571372987 6.6222393512725839 998.00000000000011 34192.000000000007 504064.00000000006 264.50000000000006 0.91615512967109691 5.5000000000000009 6.6222393512725839 152501.50000000003 41486.400390625007 7.7570912837982187 1.5000000000000002 9.5000000000000018 24558.546875000004 4227072.0000000009 38.000000000000007
decision_type=2 2 2 2 2 2 2 2 2 2 2 2 2 2 2 2 2 2 2 2 2 2 2 2 2 2 2 2 2 2
left_child=1 2 16 -4 5 10 9 -8 15 -3 11 -5 -11 14 -14 -9 -1 18 -16 23 -18 22 25 -17 28 27 -22 -2 -20 -28
right_child=21 6 3 4 -6 -7 7 8 -10 12 -12 -13 13 -15 17 19 20 -19 24 -21 26 -23 -24 -25 -26 -27 29 -29 -30 -31
leaf_value=-0.050577669549800079 -0.050036749573931762 -0.0076093347214887825 0.047560632104167465 -0.049421654091864692 0.02918816646988347 0.022091543462864537 -0.05097172116008436 0.050961248910272899 -0.038290419998059988 0.014277546594023974 -0.035252287804297566 0.046473583573611379 0.050798418643283431 0.052528857779764918 0.050450377517096856 0.050042280269535659 -0.050310543465522217 0.050427668841162204 0.050042000725427617 0.050366108636606677 -0.050063587284256972 -0.050186740795550744 -0.050127349322284631 0.050114768361108189 0.050015817662797148 -0.050018938777071642 -0.050014450157829737 -0.050069085339974506 0.050072853574330105 -0.05003748188899193
leaf_weight=0.05082895979285218 0.027294126222841553 0.093253432889468857 0.13805439363932237 0.092962720547802746 0.15131946420297027 0.12306655658176169 0.065555428271181881 0.04187665821518749 0.063447613501921296 0.030411331914365292 0.40124518450465985 0.085715734399855137 0.084499518619850278 0.045824531465768814 0.01027276273816824 0.027789162413682789 0.028430912352632731 0.024192142300307751 0.019239101296989247 0.022791609226260334 0.012095860729459673 0.018997649342054501 0.016102125548059121 0.01749358675442636 0.039103701012209058 0.029376789345405996 0.014345564442919567 0.01555371651193127 0.023052538395859301 0.005919162984355352
leaf_count=5 40 11 10 26 19 34 10 5 9 2 32 18 15 1 2 40 7 3 35 6 11 8 10 14 131 93 53 13 18 11
internal_value=-1.94708e-05 0.00311715 -0.00604597 -0.00106235 -0.00891971 -0.0171225 0.0197333 -0.00092728 0.0179926 0.0330817 -0.0254442 -0.00341873 0.0468006 0.0508182 0.050427 0.0504709 -0.0503529 0.050156 0.0500844 0.0501693 -0.0501649 -0.0500767 -0.050053 0.0500703 0.0500382 -0.0500365 -0.050037 -0.0500485 0.0500588 -0.0500212
internal_weight=1.82011 1.71279 1.10398 0.992364 0.85431 0.70299 0.608803 0.238954 0.173399 0.369849 0.579924 0.178678 0.276596 0.246184 0.20036 0.109951 0.11162 0.11586 0.0916681 0.0680744 0.0607915 0.107324 0.0883268 0.0452827 0.0813953 0.0722246 0.0323606 0.0428478 0.0422916 0.0202647
internal_count=692 528 226 139 129 110 302 84 74 218 76 44 207 205 204 65 87 189 186 60 82 164 156 54 184 146 75 53 53 64
is_linear=0
shrinkage=0.05


Tree=155
num_leaves=31
num_cat=0
split_feature=7 4 19 12 27 28 17 17 5 4 24 24 0 23 10 0 0 0 4 27 12 10 5 10 27 19 6 2 5 10
split_gain=0.108613 0.0978842 0.0930378 0.115776 0.168276 0.0624359 0.0858628 0.119897 0.0796417 0.0527733 0.0630407 0.0190011 0.0148235 5.65022e-05 6.93657e-06 5.47426e-06 1.62196e-06 7.76238e-07 5.33369e-07 3.89646e-07 2.90019e-07 9.62122e-08 3.74358e-08 1.29333e-08 4.68983e-09 4.5049e-09 3.43615e-09 1.30951e-09 7.60917e-10 3.93238e-10
threshold=2.5000000000000004 258.50000000000006 11502.933593750002 3.2052499055862431 2.5000000000000004 100.50000000000001 768.00000000000011 4352.0000000000009 4144.5000000000009 34.500000000000007 1.2631292939186098 0.99968650937080394 38816.000000000007 0.9904722571372987 6.6222393512725839 134192.00000000003 34192.000000000007 504064.00000000006 264.50000000000006 5.5000000000000009 2.8876425027847294 6.6222393512725839 152501.50000000003 7.7570912837982187 9.5000000000000018 24857.599609375004 4227072.0000000009 17368.000000000004 11773.500000000002 5.7002520561218271
decision_type=2 2 2 2 2 2 2 2 2 2 2 2 2 2 2 2 2 2 2 2 2 2 2 2 2 2 2 2 2 2
left_child=1 2 16 4 11 8 -7 15 -3 -6 -11 -4 -10 14 -14 -8 -1 18 -16 -18 -17 22 25 26 -21 27 -20 29 -26 -2
right_child=21 5 3 -5 9 6 7 -9 12 10 -12 -13 13 -15 17 20 19 -19 23 24 -22 -23 -24 -25 28 -27 -28 -29 -30 -31
leaf_value=-0.050549222847102865 -0.050040318892399988 -0.0072391484921199463 0.021869835585396416 -0.037239668509444254 0.011420492805070202 -0.050924097634449376 0.050907691909681523 -0.037424159079703666 0.013614158125727881 0.0024336735655765052 -0.04472983649237907 0.045174691658138005 0.050759075125145381 0.052399444325745871 0.050428241762731689 0.050079577011999998 -0.050295324252001818 0.050406653096154955 0.050039951846120936 -0.050060482727981005 0.050297187196436347 -0.050177611462739885 -0.050121128004486898 0.050015045876950825 -0.050012730693816954 -0.050054952537382069 0.050069296372349636 -0.050015135628380482 -0.050033455123044461 -0.050028596968643459
leaf_weight=0.048376523889601009 0.010611460020300112 0.093124406645074376 0.18249090612516738 0.17979214823571965 0.14320266054710373 0.062415098887868226 0.039988403848838061 0.061715105548501015 0.030301460064947605 0.11921409968635999 0.17464915110031143 0.16796491807326674 0.08043915533926338 0.043694578111171722 0.0097759353229776025 0.039738680177833885 0.027052296965848655 0.023021630942821503 0.018301529693417251 0.011506634124089032 0.024908203631639481 0.018074327788781375 0.01531866897130385 0.037197150493739173 0.012380741696688347 0.019602391635999084 0.021929771290160716 0.016526530176633969 0.006896051359944976 0.021964195504551753
leaf_count=5 14 11 22 15 25 10 13 9 2 19 36 22 15 1 2 38 7 3 35 11 14 8 10 131 50 27 18 60 14 45
internal_value=-1.84061e-05 0.00306003 -0.00591444 -0.00103694 0.00722819 0.0194854 -0.000915533 0.0178478 0.0325296 -0.0134681 -0.0255966 0.0330393 0.0465228 0.0507777 0.050406 0.0504479 -0.0503356 0.0501484 0.0500802 -0.0501569 0.0501634 -0.050073 -0.0500504 0.0500363 -0.0500352 -0.0500347 0.0500559 -0.0500266 -0.0500201 -0.0500324
internal_weight=1.76217 1.66008 1.07353 0.967314 0.787522 0.586551 0.228765 0.16635 0.357786 0.437066 0.293863 0.350456 0.264661 0.23436 0.190665 0.104635 0.106212 0.110226 0.0872044 0.0578357 0.0646469 0.102098 0.0840232 0.0774285 0.0307834 0.0687046 0.0402313 0.0491022 0.0192768 0.0325757
internal_count=692 528 226 139 124 302 84 74 218 80 55 44 207 205 204 65 87 189 186 82 52 164 156 184 75 146 53 119 64 59
is_linear=0
shrinkage=0.05


Tree=156
num_leaves=31
num_cat=0
split_feature=7 4 19 11 0 10 25 23 12 27 17 24 10 17 12 10 24 10 0 27 0 27 0 10 5 12 19 27 32 27
split_gain=0.103174 0.0917693 0.0888367 0.136904 0.0996645 0.123773 0.0610144 0.0601331 0.057004 0.0847392 0.0831398 0.080372 0.0734437 0.0297231 0.00751462 0.0179052 2.50441e-05 2.57137e-06 1.3948e-06 9.4743e-07 4.81969e-07 3.3525e-07 8.27986e-08 2.93209e-08 2.00915e-08 4.8863e-09 4.57835e-09 4.03629e-09 1.40208e-09 7.0821e-10
threshold=2.5000000000000004 258.50000000000006 11502.933593750002 3.3624733686447148 2174036.0000000005 6.4663562774658212 1.0074170231819155 0.026367187500000003 3.0123689174652104 1.5000000000000002 1.0000000180025095e-35 3.1013135910034184 7.3712267875671396 6400.0000000000009 2.2963551282882695 6.2433390617370614 1.1469494104385378 6.5644235610961923 34192.000000000007 6.5000000000000009 504064.00000000006 5.5000000000000009 165536.00000000003 6.6433546543121347 87115.000000000015 2.7163579463958745 24288.000000000004 9.5000000000000018 1.0000000180025095e-35 6.5000000000000009
decision_type=2 2 2 2 2 2 2 2 2 2 2 2 2 2 2 2 2 2 2 2 2 2 2 2 2 2 2 2 2 2
left_child=1 2 18 -4 5 -5 7 -7 9 -3 -11 13 -13 14 16 -16 -12 -10 -1 20 24 -20 26 -17 -19 -14 28 -23 -2 -25
right_child=22 8 3 4 -6 6 -8 -9 17 10 11 12 25 -15 15 23 -18 19 21 -21 -22 27 -24 29 -26 -27 -28 -29 -30 -31
leaf_value=-0.050522190297435432 -0.050034373636114994 -0.049930079519606513 0.046301770224264238 -0.050810728618126716 0.021979439998144112 -0.019396669073780015 -0.021795135170951378 0.037072185631269995 0.050840365120146391 -0.051029433416619446 0.050725249065533731 -0.050754968796461589 0.050013636737683047 0.0017090586253523524 -0.0087441672157036639 0.050126836705416046 0.051918954031292187 0.050018871617210893 -0.05028085462941826 0.050602011872068836 0.050386674818471179 -0.050057529906220803 -0.050127624356307493 0.050025910055744575 0.050114365543559386 0.050061688643391458 -0.050059088560898128 -0.050019161313700468 -0.050017037018463287 0.050042442494699871
leaf_weight=0.046041175723075645 0.022774534532800428 0.050371154269669094 0.13169310986995697 0.20094608372892253 0.20061938930302858 0.074109098059125245 0.21195823437301442 0.12957494927104563 0.045590098947286606 0.038426625891588628 0.08378646633354947 0.054516934789717197 0.019829593482427299 0.044701873499434441 0.019307934679090977 0.01303359551820904 0.092390321777202189 0.013404388606431894 0.025740159850101918 0.02534508821554482 0.02190731605514884 0.010946078255074099 0.037489628390176222 0.011678490598569624 0.0093502466042991728 0.0072156582609750322 0.012958883540704846 0.018337004017666914 0.023901902706711553 0.014546396967489272
leaf_count=5 35 7 10 33 14 8 35 39 3 7 22 7 77 34 3 8 23 41 7 4 3 11 33 29 9 7 13 64 83 18
internal_value=-1.8583e-05 0.00299075 -0.00575454 -0.00100811 -0.0086321 -0.0185922 -0.00301582 0.0165264 0.019231 0.0111826 0.0188893 0.0263317 -0.0173368 0.0390773 0.0461933 0.0306774 0.0513512 0.0505481 -0.0503191 0.0503578 0.0502193 -0.0501492 -0.0500694 0.0500655 0.0500581 0.0500265 -0.0500328 -0.0500335 -0.0500255 0.0500351
internal_weight=1.71249 1.61537 1.04997 0.948901 0.817208 0.616588 0.415642 0.203684 0.565402 0.449805 0.399434 0.361007 0.0815622 0.279445 0.234743 0.0585664 0.176177 0.115597 0.101064 0.070007 0.044662 0.0550232 0.0971249 0.0392585 0.0227546 0.0270453 0.0596353 0.0292831 0.0466764 0.0262249
internal_count=692 528 226 139 129 115 82 47 302 242 235 228 91 137 103 58 45 60 87 57 53 82 164 55 50 84 131 75 118 47
is_linear=0
shrinkage=0.05


Tree=157
num_leaves=31
num_cat=0
split_feature=18 10 27 12 12 10 0 30 21 24 9 25 0 12 6 21 4 25 9 28 2 10 10 0 27 21 4 21 19 25
split_gain=0.0976185 0.101018 0.0959931 0.0932268 0.102597 0.0947408 0.0995038 0.103279 0.0944892 0.149101 0.0732569 0.0658038 0.0635345 0.071422 0.0296567 0.0305647 0.0184925 0.0369456 0.00482775 0.0134416 2.32876e-06 9.39491e-07 5.42277e-07 8.61145e-07 4.94558e-08 3.36287e-08 1.13385e-08 5.14778e-09 3.76832e-09 8.12221e-10
threshold=3128832.0000000005 7.3105976581573495 7.5000000000000009 2.8961431980133061 2.8817828893661503 6.4663562774658212 3290996.0000000005 1.0000000180025095e-35 311811.00000000006 1.1890218853950503 4.1499738693237314 0.44443522393703466 547084.00000000012 3.1051523685455327 276824064.00000006 703532.50000000012 264.50000000000006 1.2132055163383486 0.076000668108463301 35.500000000000007 17368.000000000004 6.6276571750640878 7.5671324729919442 553848.00000000012 7.5000000000000009 65757.000000000015 280.50000000000006 328390.50000000006 43932.445312500007 1.3147950172424319
decision_type=2 2 2 2 2 2 2 2 2 2 2 2 2 2 2 2 2 2 2 2 2 2 2 2 2 2 2 2 2 2
left_child=1 2 3 4 5 6 7 11 9 -7 22 -1 13 -5 15 -12 -11 -18 19 -13 -20 25 -3 24 27 29 -21 28 -24 -4
right_child=-2 10 21 12 -6 8 -8 -9 -10 16 14 18 -14 -15 -16 -17 17 -19 20 26 -22 -23 23 -25 -26 -27 -28 -29 -30 -31
leaf_value=0.042707649622178177 0.052090450919738074 0.050353801775150669 -0.050013467777285305 -0.038097915079910311 0.054605914386882483 0.035698322676399538 0.050464372029888377 0.036735629149043957 0.05110406505507778 -0.050698655383183071 0.05011936841554953 0.016790177782164451 -0.051925111515565496 0.019429528968326816 -0.050992337063062027 -0.036722129374466471 0.030407865345107605 -0.050242181768282171 -0.050674354620527606 -0.050087699674310829 -0.050323738637798356 -0.050341951295232279 0.050027665792313325 0.050375837873244733 0.050148902076811885 -0.05009558259252557 -0.050020781823026786 0.050016769406183249 0.050065631658274726 -0.050035317414749141
leaf_weight=0.021816431486513244 0.085247631766833476 0.042589927077642531 0.018472042909706832 0.1047292971634306 0.093219998118001968 0.14370446122484282 0.04518510214984417 0.051015702629229054 0.12898009773925878 0.087288652983261272 0.024881210032617673 0.010514232271816581 0.137663877569139 0.11128472752170637 0.029002557042986155 0.017092901791329496 0.025692266295664012 0.031746617751196027 0.15027712218579836 0.010504099249374121 0.069151503208559006 0.063275994383729994 0.013320236044819467 0.027762550627812743 0.010161414742469788 0.034475700551411137 0.01593025351758115 0.033899483387358487 0.012832190084736794 0.0055256002087844527
leaf_count=3 8 10 76 38 14 27 5 17 9 13 37 6 6 11 2 11 32 12 34 9 36 16 28 5 4 31 51 117 12 12
internal_value=-2.03046e-05 -0.00284621 -0.00784426 -0.00368039 0.00499088 -0.000850342 -0.0191123 -0.0286619 0.0155296 -0.000378535 0.0292968 -0.0406546 -0.0253789 -0.00846129 -0.0121105 0.0147554 -0.0362004 -0.0141676 -0.0477484 -0.0310278 -0.0505639 -0.0502084 0.0502048 0.0501401 0.0500469 -0.0500639 -0.0500474 0.0500296 0.0500463 -0.0500185
internal_weight=1.65724 1.572 1.36045 1.2387 0.885027 0.791807 0.374394 0.329209 0.417412 0.288432 0.211542 0.278194 0.353678 0.216014 0.0709767 0.0419741 0.144728 0.0574389 0.256377 0.0369486 0.219429 0.121749 0.140566 0.0979759 0.0702133 0.0584733 0.0264344 0.0600519 0.0261524 0.0239976
internal_count=692 684 458 323 268 254 161 156 93 84 226 139 55 49 50 48 57 44 136 66 70 135 176 166 161 119 60 157 40 88
is_linear=0
shrinkage=0.05


Tree=158
num_leaves=31
num_cat=0
split_feature=7 4 18 22 3 10 28 17 17 10 28 10 9 28 10 20 3 4 23 9 10 19 21 22 10 27 3 19 11 11
split_gain=0.0949008 0.086012 0.0822987 0.104076 0.106339 0.0796271 0.0532125 0.0742897 0.104115 0.0610937 0.0419819 0.0373108 0.00916989 3.54563e-05 4.51909e-06 3.71328e-06 1.26969e-06 3.14181e-07 2.96955e-07 1.48966e-07 7.35266e-08 2.34033e-08 1.82606e-08 1.32686e-08 7.69718e-09 2.09577e-09 1.51849e-09 9.58382e-10 3.75343e-10 2.78085e-10
threshold=2.5000000000000004 258.50000000000006 85248.000000000015 56748.833984375007 4.5000000000000009 6.4772624969482431 100.50000000000001 768.00000000000011 4352.0000000000009 6.2634227275848398 41.500000000000007 6.7254662513732919 0.01840079948306084 71.500000000000014 6.6222393512725839 998.00000000000011 4.5000000000000009 270.50000000000006 0.91615512967109691 3.5005197525024419 6.6222393512725839 41369.599609375007 65757.000000000015 41486.400390625007 7.7570912837982187 7.5000000000000009 5.5000000000000009 20352.000000000004 3.9229928255081181 3.4041860103607182
decision_type=2 2 2 2 2 2 2 2 2 2 2 2 2 2 2 2 2 2 2 2 2 2 2 2 2 2 2 2 2 2
left_child=1 2 11 10 -5 -6 9 -8 15 -3 -4 16 -11 14 -14 -9 -1 -16 23 22 21 26 25 28 -19 -18 27 29 -17 -2
right_child=20 6 3 4 5 -7 7 8 -10 12 -12 -13 13 -15 17 18 19 24 -20 -21 -22 -23 -24 -25 -26 -27 -28 -29 -30 -31
leaf_value=-0.050418067316788329 -0.0500316643668339 -0.0014022660097691563 0.053827441944629545 -0.029749368835769636 0.043619117489988507 -0.011541203513905298 -0.050804847931306754 0.050794158335552279 -0.03616825884420391 0.024235755692381809 0.010020181852768874 -0.0015061300787601129 0.050783422167679927 0.05178246704895622 0.050278883311244561 0.050028541282361422 -0.05004237620502109 0.050056853545413928 0.050300299146281091 -0.050252362464101544 -0.050161410693907948 -0.050092318350219781 -0.050108486395940448 0.050095934538632807 0.050012910479067266 -0.050014142025049238 -0.050015336565306316 -0.050045317319434179 0.050041251435726866 -0.050020741207996836
leaf_weight=0.082865876553114282 0.016603026364464424 0.095434321206994355 0.10283513032482006 0.3108949416782707 0.11941262142499909 0.14471312437672168 0.054160123923793435 0.035048959369305521 0.055872477707453072 0.038654203308396973 0.11681584335747175 0.055982411955483258 0.04259188286960125 0.082763641170458868 0.018677204221603461 0.011548827344086021 0.010705234832130373 0.017190473547088914 0.019107819010969251 0.011340361263137311 0.016298056958476081 0.018646858225110918 0.0085863042040728033 0.014463688858086243 0.02371000632410869 0.017025309352902696 0.017598809135961346 0.011295966192847118 0.01168610408785753 0.008977110730484128
leaf_count=12 28 19 15 22 16 35 10 5 9 35 27 9 3 25 16 24 13 23 6 3 8 17 5 14 97 69 70 15 16 26
internal_value=-2.37654e-05 0.00295523 -0.00576262 0.00125265 -0.00993081 0.0133971 0.019376 -0.0007126 0.0176523 0.0320888 0.0305297 -0.0356537 0.0463839 0.0510132 0.0503901 0.0503894 -0.0502998 0.050109 0.0501397 -0.0500942 -0.0500654 -0.050044 -0.0500448 0.0500583 0.0500314 -0.050025 -0.0500274 -0.0500332 0.0500349 -0.0500278
internal_weight=1.59151 1.50209 0.981177 0.794672 0.575021 0.264126 0.52091 0.201888 0.147728 0.319022 0.219651 0.186505 0.223587 0.184933 0.10217 0.0918554 0.130523 0.0595777 0.0568064 0.0476572 0.0894198 0.0731218 0.0363168 0.0376986 0.0409005 0.0277305 0.0544749 0.0368761 0.0232349 0.0255801
internal_count=692 528 226 115 73 51 302 84 74 218 42 111 199 164 139 65 102 136 60 90 164 156 87 54 120 82 139 69 40 54
is_linear=0
shrinkage=0.05


Tree=159
num_leaves=31
num_cat=0
split_feature=21 19 21 24 24 19 23 12 29 25 12 29 23 21 24 19 12 24 24 23 24 22 12 12 22 33 24 25 5 25
split_gain=0.0939427 0.0842993 0.136389 0.137931 0.126085 0.145621 0.14151 0.0683111 0.0669174 0.0457558 0.0168143 0.0155058 0.0114242 0.0223195 0.00774749 0.0114237 0.00790243 0.00137453 0.00133669 0.00258359 0.000489209 0.00010382 4.82617e-05 5.49865e-05 8.99809e-05 5.63659e-06 1.74357e-06 1.11272e-06 1.03244e-06 8.29592e-07
threshold=3128524.0000000005 144664.89062500003 311811.00000000006 1.1890218853950503 0.99534550309181224 73881.601562500015 0.0053710937500000009 2.8258566856384282 3.5000000000000004 0.4803940355777741 1.1916526556015017 1.0000000180025095e-35 0.33447265625000006 100679.50000000001 48.286743164062507 94937.601562500015 1.0080447196960451 0.99800845980644237 0.99944216012954723 0.73608398437500011 1.6098918914794924 81072.937500000015 1.3779053092002871 1.996762812137604 202290.00000000003 2.5000000000000004 0.99998325109481823 0.62656959891319286 101063.00000000001 0.97292596101760875
decision_type=2 2 2 2 2 2 2 2 2 2 2 2 2 2 2 2 2 2 2 2 2 2 2 2 2 2 2 2 2 2
left_child=1 2 3 4 9 6 17 12 14 -1 -8 27 13 -5 16 -16 -4 -6 -12 -20 -14 -18 -23 24 -24 28 -25 -11 -22 -28
right_child=-2 -3 8 7 5 -7 10 -9 -10 11 18 -13 20 -15 15 -17 21 -19 19 -21 25 22 23 26 -26 -27 29 -29 -30 -31
leaf_value=0.037736383487782577 0.052052020645575327 -0.027576470408337019 0.0081597334239454471 -0.050215156775365727 -0.033031345709121758 -0.04397003631659218 0.022005738967446221 0.029602642047855322 -0.029950003786372959 -0.050027429370876911 0.051892402967724106 -0.011781118441975597 -0.043944458225092506 0.031111472083815601 -0.016943982430592829 0.050132654790551651 0.047128817281087469 -0.050810140779882162 0.036877947324817077 0.051005067083751979 -0.05015427961770378 0.051812639575371994 0.041062818884550878 0.05076597131751244 0.050010746959928278 -0.05084123349240887 0.05062521069498175 -0.050415306562034391 -0.050494897646906955 0.050157437583246561
leaf_weight=0.021051786097814107 0.082030042656697444 0.2805978936376049 0.011767934338422492 0.021783801639685407 0.015477710796403699 0.075994946790160611 0.075983356524375267 0.035199260048102587 0.03466211463091895 0.023529230587882921 0.14422884506348055 0.034203608447569422 0.034449584243702702 0.013768836855888367 0.011958013827097602 0.013528969473554753 0.021698511060094461 0.036530612225760706 0.056782717132591642 0.075256097974488512 0.079000636353157461 0.069525805301964283 0.0042288046679459521 0.043688749894499779 0.0083718169626081362 0.063710391288623214 0.014325810567243025 0.086332715436583385 0.030967381462687626 0.028011859336402267
leaf_count=5 8 33 18 26 30 9 15 30 6 68 39 19 14 25 19 22 17 31 32 12 68 3 17 3 40 8 5 22 7 41
internal_value=-1.91349e-05 -0.00293155 0.00289914 -0.00612442 0.00657282 0.0195314 0.0314688 -0.0355078 0.0347595 -0.0311181 0.0428357 -0.0411795 -0.0449129 -0.018719 0.0446358 0.0186616 0.0479192 -0.0455192 0.0485647 0.0449298 -0.0493874 0.0503837 0.0508037 0.0500925 0.0470078 -0.050467 0.0505444 -0.0503322 -0.0502502 0.0503157
internal_weight=1.54865 1.46662 1.18602 0.924252 0.645372 0.480254 0.404259 0.27888 0.261768 0.165117 0.352251 0.144066 0.243681 0.0355526 0.227106 0.025487 0.201619 0.0520083 0.276268 0.132039 0.208128 0.189851 0.168153 0.098627 0.0126006 0.173678 0.0860264 0.109862 0.109968 0.0423377
internal_count=692 684 651 460 282 168 159 178 191 114 98 109 148 51 185 41 144 61 83 44 97 126 109 106 57 83 49 90 75 46
is_linear=0
shrinkage=0.05


Tree=160
num_leaves=31
num_cat=0
split_feature=18 10 27 3 25 5 6 32 9 9 23 12 6 21 9 4 10 32 17 10 18 10 23 10 21 10 4 4 25 19
split_gain=0.0891034 0.0924586 0.0857579 0.0873824 0.112277 0.0940778 0.100987 0.0890733 0.0931241 0.0662359 0.0449144 0.0310565 0.0262148 0.0279798 0.0260774 0.0387531 0.000837496 3.1915e-06 1.68536e-06 6.77758e-07 5.09737e-07 6.03343e-07 3.99978e-08 3.53574e-08 2.60534e-08 3.89439e-09 7.79924e-10 5.74893e-10 5.15161e-10 1.35922e-10
threshold=3128832.0000000005 7.3105976581573495 7.5000000000000009 3.5000000000000004 0.66238051652908336 177876.00000000003 10518528.000000002 1.5000000000000002 3.4144024848937993 4.1499738693237314 0.35839843750000006 2.7801418304443364 276824064.00000006 703532.50000000012 0.01840079948306084 667.00000000000011 6.5818047523498544 4.5000000000000009 3840.0000000000005 6.6276571750640878 432128.00000000006 7.5671324729919442 0.018554687500000003 6.5121612548828134 65757.000000000015 7.7570912837982187 280.50000000000006 264.50000000000006 1.3147950172424319 13781.333496093752
decision_type=2 2 2 2 2 2 2 2 2 2 2 2 2 2 2 2 2 2 2 2 2 2 2 2 2 2 2 2 2 2
left_child=1 2 3 4 -1 6 7 14 11 20 -8 17 13 -11 15 -5 -16 18 23 24 21 -3 -23 26 28 -24 -9 -27 -4 -28
right_child=-2 9 19 5 -6 -7 10 8 -10 12 -12 -13 -14 -15 16 -17 -18 -19 -20 -21 -22 22 25 -25 -26 27 29 -29 -30 -31
leaf_value=0.0026242884929233634 0.051950341356665701 0.050311219590594515 -0.050011622571180837 0.050098215180155614 -0.051286675296796529 0.042589147225181243 0.013153768518330319 -0.050035771099792431 0.028543061262513367 0.05010734354130443 -0.050548726841883156 -0.0023109490731750225 -0.050874302023981605 -0.036550700938197164 0.042915961654174772 -0.050081906247474828 0.050697819116229559 -0.050926275718561842 -0.05059434636343655 -0.050308695059731762 0.05036014392558949 0.050139623914567492 0.05004597678189341 -0.050140924619851313 -0.050088192034350054 0.050024836645124485 -0.050009183975339967 0.050011991441030017 -0.050030374437605156 -0.050020012194579792
leaf_weight=0.20325871612294555 0.078178259427659325 0.031588161960826144 0.015946472616633289 0.019610816321801394 0.18400969495996833 0.14407739671878517 0.035586341167800128 0.0071777749108150593 0.098273292940575629 0.022485980007331818 0.12438921726425178 0.050471701164497063 0.025916975922882557 0.015901863473118283 0.062790384487016127 0.019012359320186079 0.076940646613365971 0.038418721524067223 0.031426499597728252 0.057280691486084834 0.033448206959292293 0.0092004046309739351 0.017691024855594151 0.0095613491721451283 0.03138219156244304 0.014873228399665095 0.0055833459191489965 0.021022260159952566 0.0047547197318635872 0.006026020972058177
leaf_count=30 8 9 76 21 24 23 39 11 13 37 31 5 2 11 11 21 30 5 4 16 6 4 31 6 31 32 31 94 12 18
internal_value=-1.59049e-05 -0.00288073 -0.00793483 -0.00379625 -0.0229914 0.006396 -0.00251379 0.0102244 -0.0092223 0.0293697 -0.0363782 -0.0341866 -0.0120212 0.0142099 0.0371492 0.000784288 0.0472009 -0.0505707 -0.0503422 -0.05019 0.0501924 0.050133 0.0500433 -0.0500627 -0.0500595 0.0500268 -0.0500228 0.0500173 -0.0500159 -0.0500148
internal_weight=1.49628 1.41811 1.22598 1.11661 0.387268 0.729346 0.585268 0.425293 0.246939 0.192128 0.159976 0.148665 0.0643048 0.0383878 0.178354 0.0386232 0.139731 0.0981937 0.059775 0.109364 0.127823 0.0943751 0.0627869 0.0283485 0.0520834 0.0535865 0.0187871 0.0358955 0.0207012 0.0116094
internal_count=692 684 458 323 54 269 246 176 93 226 70 80 50 48 83 42 41 75 70 135 176 170 161 66 119 157 60 126 88 49
is_linear=0
shrinkage=0.05


Tree=161
num_leaves=31
num_cat=0
split_feature=21 10 27 14 25 32 10 21 20 20 21 3 5 10 25 11 17 5 3 10 5 10 27 10 28 22 28 5 17 3
split_gain=0.0845489 0.0875905 0.0972568 0.0839955 0.111343 0.0932739 0.132359 0.114018 0.0660354 0.115704 0.0527666 0.120113 0.015212 0.0246224 0.0022381 0.00210445 0.00102838 0.00117034 4.75964e-06 4.17523e-06 6.17654e-07 4.94694e-07 4.83141e-07 2.64563e-07 2.35577e-08 1.3353e-08 4.08683e-09 1.30416e-09 8.76796e-10 7.94954e-10
threshold=3128524.0000000005 7.8300440311431894 7.5000000000000009 1.0000000180025095e-35 0.66238051652908336 2.5000000000000004 6.4663562774658212 364938.00000000006 3304.0000000000005 377.00000000000006 101662.00000000001 4.5000000000000009 5369.5000000000009 7.5057497024536142 0.9692269265651704 3.5302884578704838 1792.0000000000002 78026.000000000015 4.5000000000000009 7.6393072605133066 171180.50000000003 6.6276571750640878 8.5000000000000018 6.303377866744996 265.50000000000006 16386.066894531254 124.50000000000001 20815.500000000004 768.00000000000011 10.500000000000002
decision_type=2 2 2 2 2 2 2 2 2 2 2 2 2 2 2 2 2 2 2 2 2 2 2 2 2 2 2 2 2 2
left_child=1 2 3 4 -1 10 18 8 9 -8 11 -5 13 24 -13 -12 -11 -18 -7 21 -17 25 26 27 -4 -14 28 29 -3 -20
right_child=-2 22 12 5 -6 6 7 -9 -10 16 15 14 19 -15 -16 20 17 -19 23 -21 -22 -23 -24 -25 -26 -27 -28 -29 -30 -31
leaf_value=0.0038108204565573908 0.051853769836559843 0.050033865188788607 -0.05000994575615926 0.045733343714972216 -0.0512837448554532 -0.050789073662577656 -0.049742446997420295 0.05078126727869095 -0.050439954872439456 0.051317079390433097 0.036863079823581037 -0.03228064246642081 -0.050021788000286595 0.050328869797263566 -0.05048877686590051 0.050308009259901504 0.031583314151463801 0.050095460232414006 -0.050013021552097962 -0.050863404146011343 0.05052000784584753 -0.050299645928251473 0.05028456264284982 -0.050245743007618505 -0.050141483911976648 -0.050086407178982051 0.050059156556725229 -0.050048540047204396 0.050013446491245554 -0.050036326933365599
leaf_weight=0.20903742461814523 0.074500465183518938 0.0063140736892818286 0.009029329230543115 0.089549390235333703 0.16337501435191371 0.062125180702423677 0.051022471103351563 0.11327566948602907 0.071657866224995814 0.046245598758105189 0.036166673671687022 0.030596832075389102 0.011282075414783321 0.010557616362348199 0.037636261185980402 0.066673713517957367 0.018980763299623504 0.015517523395828903 0.01005504654312972 0.032264768145978451 0.070884443819522858 0.056436731509165838 0.029379377141594887 0.039172300472273491 0.005463430716190488 0.027436105985543691 0.0067307509307283899 0.0062129482539603478 0.031420209765201434 0.0057523573632352045
leaf_count=31 8 11 48 13 20 9 6 39 17 5 36 31 40 3 13 34 31 12 47 2 8 16 6 17 4 28 7 10 132 8
internal_value=-2.00109e-05 -0.00284038 -0.00585746 -0.000857686 -0.0203588 0.00855544 -0.00653446 0.0105775 -0.0118097 0.0091984 0.0285846 0.00765293 -0.0433693 -0.0077503 -0.042324 0.0475955 0.0464434 0.0399102 -0.0504808 -0.0503719 0.0504173 -0.0502052 0.0501272 -0.0501678 -0.0500595 -0.0500676 0.0500233 -0.0500291 0.0500169 -0.0500215
internal_weight=1.44475 1.37025 1.29641 1.14394 0.372412 0.771525 0.440018 0.3167 0.203424 0.131766 0.331507 0.157782 0.15247 0.0250504 0.0682331 0.173725 0.0807439 0.0344983 0.123318 0.12742 0.137558 0.0951549 0.0738444 0.0611927 0.0144928 0.0387182 0.044465 0.0220204 0.0377343 0.0158074
internal_count=692 684 528 387 51 336 201 110 71 54 135 57 141 55 44 78 48 43 91 86 42 84 156 82 52 68 150 65 143 55
is_linear=0
shrinkage=0.05


Tree=162
num_leaves=31
num_cat=0
split_feature=7 0 27 12 5 6 12 25 11 5 19 5 24 25 12 14 19 3 11 19 19 0 25 0 25 29 25 19 19 12
split_gain=0.0837515 0.0635146 0.0581986 0.0719153 0.107862 0.0810921 0.0807115 0.0729272 0.14597 0.0524797 0.0523722 0.0443529 0.0305304 0.0282054 0.0270266 0.021144 0.0430286 0.000232115 1.76199e-05 1.68464e-05 1.31227e-06 5.17172e-07 7.21832e-08 5.02623e-08 2.26316e-08 2.17831e-08 1.26823e-08 3.83027e-09 2.64639e-09 2.27085e-09
threshold=2.5000000000000004 36608.000000000007 7.5000000000000009 3.2052499055862431 320275.50000000006 10518528.000000002 2.9333124160766606 1.0183655619621279 5.3011872768402108 31529.000000000004 16435.200195312504 57463.000000000007 0.99598270654678356 0.67407509684562694 2.3405556678771977 1.0000000180025095e-35 15149.714355468752 3.5000000000000004 5.3320193290710458 14250.666503906252 44714.666015625007 192812.00000000003 0.80266144871711742 165536.00000000003 6.8878960609436044 1.0000000180025095e-35 1.3205285072326662 14549.333496093752 24288.000000000004 2.1084316968917851
decision_type=2 2 2 2 2 2 2 2 2 2 2 2 2 2 2 2 2 2 2 2 2 2 2 2 2 2 2 2 2 2
left_child=1 -1 3 4 5 6 7 12 -9 10 25 -7 -3 -5 -13 -8 -17 -14 -10 -19 22 -20 -21 28 -18 27 -23 -4 -2 -24
right_child=23 2 9 13 -6 11 15 8 18 -11 -12 14 17 -15 -16 16 24 19 21 20 -22 26 29 -25 -26 -27 -28 -29 -30 -31
leaf_value=-0.050408058895800689 -0.050021362122435589 0.015703164919801539 -0.050011296082693779 -0.03959818975811219 0.051164112010412557 -0.036308484213384278 -0.050780364974045367 -0.04677878834510555 0.051710693130602919 -0.044038968401520703 0.03845841265114789 -0.014787689230364965 0.054320417615842193 -0.00031399260417844439 0.050146100745643657 -0.051114558475260724 0.050027851436418039 0.051443660627593424 0.050463764632475629 0.050177442013920076 0.050522511891494287 0.050085414255299755 0.050058429155595635 -0.050109359505301113 0.050133266614586253 -0.050132495282467396 0.05001402556283957 -0.050060564942688693 -0.050049574754441398 0.050028085476771893
leaf_weight=0.053413103436468989 0.037038540074718296 0.081349687257897818 0.011405508237657958 0.086437090183608234 0.17166456833365373 0.13514792517526075 0.044297361746430397 0.082323063776129857 0.031987495720386505 0.10436791124811862 0.05262864421820268 0.036185805452987552 0.073209881782531738 0.096930025261826813 0.028761569235939533 0.021329635754227638 0.011673273504129611 0.053620858117938042 0.0091055873781442642 0.014509019063552842 0.029904009308665991 0.0087040429352782667 0.0096185739239444956 0.03111744744819589 0.0090302676835563034 0.0070488417695742092 0.021810552076203749 0.006030575023032724 0.010717131372075528 0.017176667897729203
leaf_count=11 118 18 59 12 37 25 4 16 1 33 13 24 1 28 21 1 26 2 1 7 4 7 10 33 18 6 99 5 13 39
internal_value=-2.15638e-05 0.00299193 0.00526236 0.00968462 0.0155506 0.00705656 0.0174709 0.0262664 -0.00136812 -0.0209273 0.0103528 -0.0199897 0.0414918 -0.0188321 0.0139679 -0.0266764 -0.00127398 0.0520852 0.0508378 0.0507743 0.0502703 0.0501331 0.0500876 -0.0500599 0.0500738 -0.0500583 0.0500344 -0.0500283 -0.0500277 0.050039
internal_weight=1.38854 1.30967 1.25626 1.07478 0.89141 0.719745 0.51965 0.433319 0.153931 0.181481 0.0771136 0.200095 0.279389 0.183367 0.0649474 0.0863305 0.0420332 0.198039 0.0716077 0.124829 0.0712083 0.0396202 0.0413043 0.0788731 0.0207035 0.0244849 0.0305146 0.0174361 0.0477557 0.0267952
internal_count=692 528 517 401 361 324 254 205 124 116 83 70 81 40 45 49 45 63 108 62 60 107 56 164 44 70 106 64 131 49
is_linear=0
shrinkage=0.05


Tree=163
num_leaves=31
num_cat=0
split_feature=7 18 19 18 19 11 25 10 5 25 5 25 6 9 18 10 5 10 8 10 25 10 5 32 5 10 32 27 19 5
split_gain=0.079607 0.0683345 0.0847951 0.0989216 0.0730131 0.0751134 0.0620409 0.123892 0.0618925 0.0575681 0.0675035 0.0537049 0.0488853 0.0551633 0.00410623 0.00105971 1.59957e-05 1.80867e-06 8.99237e-07 4.8453e-07 3.90205e-07 4.22197e-08 3.1816e-08 1.86895e-08 1.68716e-08 3.00275e-09 2.46441e-09 1.81578e-09 1.46267e-09 3.15531e-10
threshold=2.5000000000000004 3128832.0000000005 144664.89062500003 85248.000000000015 12256.000000000002 4.6926512718200692 0.6642267405986787 6.4663562774658212 40976.000000000007 1.0092352628707888 28976.000000000004 0.52698984742164623 4227072.0000000009 3.2073779106140141 391424.00000000006 6.7254662513732919 23767.000000000004 7.0505237579345712 5.5000000000000009 7.3105976581573495 0.97597676515579235 6.6222393512725839 5322.0000000000009 2.5000000000000004 152501.50000000003 7.6989610195159921 1.5000000000000002 9.5000000000000018 24288.000000000004 94747.000000000015
decision_type=2 2 2 2 2 2 2 2 2 2 2 2 2 2 2 2 2 2 2 2 2 2 2 2 2 2 2 2 2 2
left_child=1 2 3 4 5 8 -5 -8 11 15 14 -1 -12 -14 16 -9 19 -17 -13 -11 23 24 -20 29 26 -21 28 -24 -2 -19
right_child=21 -3 -4 6 -6 -7 7 9 -10 10 12 18 13 -15 -16 17 -18 20 22 25 -22 -23 27 -25 -26 -27 -28 -29 -30 -31
leaf_value=0.046930764031887513 -0.050027095259614046 0.051670041897541368 -0.026258293053463794 0.051563558007575609 -0.05048818199315025 0.043222974604437414 -0.032886905539157386 0.039437903469361352 0.04620467944408415 0.050440940337385845 -0.044766089063654091 -0.050398952334036184 0.045644478139349187 -0.027835703510468442 0.018565319047449864 0.050546831362554001 0.051624475529089622 0.050027544161154097 -0.050141335616522391 0.050052307660383592 0.050290675849440129 -0.050136065216833496 -0.050041120694176072 0.050108073609246774 -0.050093159787766406 0.050012302862587926 -0.050012311580554525 -0.050009845729380935 -0.050049950092574291 0.050015884217437669
leaf_weight=0.016593017091508733 0.019637673802208266 0.068099512020125874 0.24197052209638059 0.11448741340427659 0.10322444830671884 0.069928457902278751 0.12331046879990026 0.026952734449878335 0.028341109515167773 0.0086653232574462891 0.060667165787890553 0.071375066982000135 0.055503071518614888 0.047315751144196838 0.011507463699672371 0.062442425871267915 0.030476979911327362 0.010890521167311817 0.0084177625831216574 0.0057099417608696959 0.032593471463769674 0.013780015578959137 0.0086070365214254707 0.008465129358228296 0.01171553683525417 0.026277246157405898 0.019018867664271966 0.010071706710732542 0.010878607106860727 0.012418246100423858
leaf_count=2 40 8 30 12 28 6 35 8 8 1 13 17 38 22 7 13 1 24 3 7 6 8 12 6 10 122 93 56 13 43
internal_value=-1.81317e-05 0.00295143 0.000177913 0.00688144 -0.0159673 0.000736095 0.018224 0.0109285 -0.0199816 0.0244396 0.00944478 -0.0362837 -0.00917198 0.0118299 0.0462755 0.0484415 0.0507585 0.0503551 -0.0503059 0.0501093 0.0501691 -0.050057 -0.0500606 0.0500444 -0.0500392 0.0500194 -0.0500264 -0.0500243 -0.0500352 0.0500213
internal_weight=1.33934 1.26431 1.19621 0.954242 0.316559 0.213334 0.637683 0.523196 0.143406 0.399885 0.246123 0.115065 0.163486 0.102819 0.082637 0.153763 0.0711295 0.12681 0.0984716 0.0406525 0.0643674 0.0750307 0.0270965 0.0317739 0.0612507 0.0319872 0.0495351 0.0186787 0.0305163 0.0233088
internal_count=692 528 520 490 132 104 358 346 98 311 211 90 73 60 138 100 131 92 88 130 79 164 71 73 156 129 146 68 53 67
is_linear=0
shrinkage=0.05


Tree=164
num_leaves=31
num_cat=0
split_feature=10 18 5 7 17 4 5 10 33 3 28 10 5 12 18 12 28 0 23 28 25 10 5 21 20 32 22 28 28 10
split_gain=0.076177 0.0747197 0.0690092 0.0656602 0.060679 0.085387 0.088724 0.0851833 0.0557835 0.0579633 0.0425602 0.0103404 0.00175923 1.41219e-05 3.05493e-06 2.36311e-06 9.90203e-07 5.08554e-07 1.32012e-07 7.92164e-08 4.37296e-08 3.71426e-08 1.32561e-08 7.8615e-09 3.97458e-09 2.12116e-09 1.29467e-09 8.49994e-10 4.59169e-10 3.08677e-10
threshold=7.6910860538482675 3128832.0000000005 862222.00000000012 2.5000000000000004 5376.0000000000009 258.50000000000006 96310.000000000015 6.7254662513732919 2.5000000000000004 6.5000000000000009 884.50000000000011 6.2433390617370614 57700.000000000007 1.6455619335174563 432128.00000000006 3.1821014881134038 69.500000000000014 553848.00000000012 0.94377788901329052 408.00000000000006 1.147847652435303 6.6222393512725839 152501.50000000003 65757.000000000015 18723.500000000004 1.5000000000000002 24558.546875000004 100.50000000000001 108.00000000000001 6.6437258720397958
decision_type=2 2 2 2 2 2 2 2 2 2 2 2 2 2 2 2 2 2 2 2 2 2 2 2 2 2 2 2 2 2
left_child=1 2 3 4 5 6 7 12 9 11 17 -7 14 -13 16 20 -1 19 23 24 29 22 25 28 27 26 -5 -2 -18 -15
right_child=10 -3 -4 21 -6 8 -8 -9 -10 -11 -12 13 -14 15 -16 -17 18 -19 -20 -21 -22 -23 -24 -25 -26 -27 -28 -29 -30 -31
leaf_value=-0.050392870460964995 0.050012892595014846 0.051774607321033811 -0.051767854985241592 -0.050025504816012069 -0.046922702297921039 0.0270756613224046 0.0089453480803783954 0.016813375338425342 -0.023327540993339658 -0.017655027799880218 -0.050600186524805815 0.051313128498874719 -0.037349723162322025 0.050036799136590537 -0.050833459134513481 0.05057882598633695 -0.050029093200108204 0.050290109132507338 -0.050222611476384897 0.050162201990460967 0.050144475966554081 -0.050129415924517619 -0.050089831555969702 -0.050074984144385354 0.050048752718911599 -0.050011710955938662 -0.050047428174904207 0.050032039546726137 -0.050014203055824991 0.050026146624962492
leaf_weight=0.075013727473560499 0.035665840827277973 0.057654433883726486 0.07860746863298107 0.01841117259755265 0.063936340360669419 0.064987824473064393 0.33728423551656306 0.069626768818125129 0.051789685036055744 0.046195085800718516 0.011720621027052402 0.066756416985299438 0.031139756698394194 0.012816227797884494 0.031716245226562023 0.052011499647051096 0.0092769634647993371 0.032575902179814875 0.014134054508758709 0.012611887883394957 0.012367539398837835 0.013109651044942439 0.0095215794135583565 0.0098192053264938295 0.011841285217087716 0.018091518286382779 0.010617784137139097 0.0069212049857014782 0.011716228240402415 0.014488092827377841
leaf_count=14 160 4 10 40 21 8 31 13 11 33 1 7 9 19 2 5 19 9 5 4 9 8 9 8 22 93 13 13 59 33
internal_value=-1.25648e-05 -0.00373954 -0.00658852 -0.00318945 0.000162953 0.00346704 -0.00783298 -0.0302502 0.0242003 0.0333296 0.0395242 0.0438709 -0.0481747 0.0507599 -0.0503971 0.0503571 -0.0502817 0.050128 -0.0500961 0.0500493 0.0500665 -0.0500536 -0.050036 -0.0500381 0.0500231 -0.0500251 -0.0500335 0.050016 -0.0500208 0.0500311
internal_weight=1.29243 1.18109 1.12344 1.04483 0.975076 0.91114 0.589727 0.252443 0.321412 0.269623 0.111337 0.223428 0.182816 0.15844 0.151676 0.0916834 0.11996 0.0996161 0.0449465 0.0670402 0.0396719 0.0697517 0.0566421 0.0308124 0.0544283 0.0471205 0.029029 0.042587 0.0209932 0.0273043
internal_count=692 483 479 469 306 285 160 129 125 114 209 81 116 73 107 66 105 208 91 199 61 163 155 86 195 146 53 173 78 52
is_linear=0
shrinkage=0.05


Tree=165
num_leaves=31
num_cat=0
split_feature=10 18 5 7 32 10 3 12 9 28 28 0 3 0 24 10 28 11 10 5 0 20 32 22 28 28 24 3 10 21
split_gain=0.0723134 0.0706728 0.0658444 0.0625508 0.051667 0.0829735 0.0729883 0.0631789 0.0537983 0.0519439 0.0404769 0.00198372 3.27389e-06 4.37641e-07 3.85397e-07 2.24329e-07 6.81643e-08 3.61365e-08 3.19647e-08 1.14091e-08 1.05676e-08 3.42096e-09 1.82561e-09 1.11427e-09 7.31619e-10 3.76284e-10 2.46915e-10 2.38669e-10 8.5978e-11 6.09746e-11
threshold=7.6910860538482675 3128832.0000000005 862222.00000000012 2.5000000000000004 2.5000000000000004 6.4663562774658212 3.5000000000000004 1.4567114710807803 0.16719031333923343 60.500000000000007 884.50000000000011 96041.000000000015 4.5000000000000009 553848.00000000012 2.4115767478942876 6.303377866744996 408.00000000000006 4.27689552307129 6.6222393512725839 152501.50000000003 224096.00000000003 18723.500000000004 1.5000000000000002 24558.546875000004 100.50000000000001 108.00000000000001 1.0554036498069765 5.5000000000000009 5.7895760536193857 92079.000000000015
decision_type=2 2 2 2 2 2 2 2 2 2 2 2 2 2 2 2 2 2 2 2 2 2 2 2 2 2 2 2 2 2
left_child=1 2 3 4 6 12 -1 -7 -9 11 13 -8 -6 16 17 20 21 -13 19 22 25 24 23 28 27 -14 -27 -2 -5 -24
right_child=10 -3 -4 18 5 7 9 8 -10 -11 -12 14 15 -15 -16 -17 -18 -19 -20 -21 -22 -23 29 -25 -26 26 -28 -29 -30 -31
leaf_value=-0.0094074303106246072 0.050009602995374464 0.05168610258611947 -0.051680504914456638 -0.050027574326313606 -0.050687581731713317 0.030371040963735003 0.038569467601000496 0.0093732364116176844 -0.0426027037793337 0.0033827766157433626 -0.050570571951979705 0.050126781445957239 -0.050028308579833161 0.050275915683935052 0.050361039566934766 -0.050240484960294221 0.05015426572607086 0.050213803388061633 -0.050123092996326092 -0.050085446105602477 -0.050090420947264236 0.050046374787755976 -0.050008745608708993 -0.05004511345512648 0.05003047725574658 -0.050009522331419726 -0.050025284627248937 0.050018873049431936 -0.05002055696147837 -0.050014839598137517
leaf_weight=0.24765269024646819 0.024187664763303585 0.054934131912886985 0.074896932579576858 0.0092425258044386283 0.054062355891801417 0.1114333687000908 0.054590085288509727 0.099453663569875062 0.09968908186419867 0.12457023236493114 0.011155364103615284 0.023813137653633021 0.0086078819585964084 0.030995684559457004 0.059617572143906727 0.027864696981851012 0.011998649220913649 0.023905797454062849 0.012471819136408158 0.0090579795505618677 0.0073594872374087563 0.011264300817856565 0.010448779205034953 0.01010040397522971 0.0065838543960126108 0.0078856807231204584 0.0036274715675972411 0.0097391481249360368 0.0082711479917634279 0.0067605969234136856
leaf_count=24 132 4 10 19 7 18 5 36 37 33 1 30 19 9 12 11 4 10 8 9 5 22 65 13 13 49 10 28 21 28
internal_value=-1.49207e-05 -0.00365518 -0.00643058 -0.00310953 0.000154911 -0.0129667 0.010472 0.00022386 -0.0166455 0.0276561 0.0395175 0.0463296 -0.0504108 0.0501218 0.0502763 -0.0501405 0.0500469 0.0501704 -0.050051 -0.0500343 -0.0500392 0.050022 -0.0500239 -0.0500319 0.0500152 -0.0500204 -0.0500145 0.0500123 -0.0500243 -0.0500111
internal_weight=1.25624 1.15032 1.09538 1.02049 0.954133 0.419984 0.53415 0.310576 0.199143 0.286497 0.105925 0.161927 0.109408 0.0947693 0.107337 0.0553452 0.0637736 0.0477189 0.0663533 0.0538814 0.0274805 0.051775 0.0448235 0.0276141 0.0405107 0.020121 0.0115132 0.0339268 0.0175137 0.0172094
internal_count=692 483 479 469 306 192 114 91 73 90 209 57 101 208 52 94 199 40 163 155 83 195 146 53 173 78 59 160 40 93
is_linear=0
shrinkage=0.05


Tree=166
num_leaves=31
num_cat=0
split_feature=10 21 27 5 5 12 3 6 28 24 27 24 24 11 28 11 2 12 10 5 10 11 20 27 10 21 28 21 4 27
split_gain=0.0686298 0.066823 0.0701595 0.0706527 0.0778425 0.0680725 0.0617739 0.0709641 0.0603514 0.0486994 0.0384959 0.0339815 0.0982961 0.0326425 0.0741306 0.0130026 0.0133966 0.00113998 0.000959805 0.000699734 2.7683e-05 1.73553e-06 3.03166e-07 1.79929e-07 1.36662e-07 1.17138e-08 5.57958e-09 1.48718e-09 5.90801e-10 3.07881e-11
threshold=7.6910860538482675 3128524.0000000005 7.5000000000000009 862222.00000000012 77060.500000000015 2.9888230562210087 3.5000000000000004 10518528.000000002 98.500000000000014 0.99825230240821849 19.500000000000004 1.4751427173614504 2.6682128906250004 4.2112152576446542 35.500000000000007 2.6771810054779057 17368.000000000004 2.855690717697144 6.4751358032226571 21416.000000000004 6.3207285404205331 5.4928717613220224 28146.000000000004 8.5000000000000018 6.6276571750640878 2096924.0000000002 414.50000000000006 328390.50000000006 270.50000000000006 5.5000000000000009
decision_type=2 2 2 2 2 2 2 2 2 2 2 2 2 2 2 2 2 2 2 2 2 2 2 2 2 2 2 2 2 2
left_child=1 2 3 4 6 11 -1 8 13 -10 22 17 -13 14 -8 16 -4 -6 -14 -17 -16 24 23 25 26 27 -21 -2 -29 -30
right_child=10 -3 15 -5 5 -7 7 -9 9 -11 -12 12 18 -15 20 19 -18 -19 -20 21 -22 -23 -24 -25 -26 -27 -28 28 29 -31
leaf_value=-0.049957980659712985 0.050031745108688047 0.051602102073412398 0.05036446817545677 -0.051727891654981942 0.044470630901090324 -0.010661013503787826 0.050641467090677343 -0.036572999604850547 0.028945448396377062 -0.046930011681847891 -0.050542434638759438 -0.04835061469497258 0.039404700907729344 0.044435892160226406 -0.050378024965593439 -0.039692857916647784 -0.050008004921257544 0.05340448591215672 0.050104501116678982 -0.050039703882945409 -0.047462069045108468 -0.050608836636337667 0.050311506684970336 0.050211173429518197 -0.050223781091287105 0.050084415636724888 -0.050087683803774569 0.050026364775177114 0.05000884617518836 0.050013581364809795
leaf_weight=0.086421967615023965 0.016308471982483863 0.052337880479171761 0.0071842670440673828 0.065805491642095149 0.066614849813049659 0.1369738260837039 0.037664881645468995 0.11365271511022002 0.031556387970340438 0.06411341525381431 0.010617068968713284 0.042403658284456469 0.039902532211272046 0.10939838629565202 0.024155790757504292 0.018837258263374679 0.0061873970553278923 0.076960324062383734 0.044148159126052633 0.01286432095366763 0.012275704677449539 0.033665039460174739 0.016233406204264611 0.01784366462379694 0.028409143269527704 0.0081207400653511286 0.011454613733803853 0.006681574508547782 0.020860964788880665 0.0041089493170147753
leaf_count=38 37 4 1 4 30 20 20 34 19 32 1 14 9 23 37 38 42 11 34 37 14 5 5 5 8 5 9 16 124 16
internal_value=-1.55283e-05 -0.00356257 -0.00625925 -0.00174167 0.00196992 0.0180497 -0.0116861 -0.0032661 0.0102937 -0.0219027 0.0395111 0.0326133 0.0137135 0.0270802 0.00145558 -0.042523 0.00391966 0.0492594 0.0450248 -0.0484245 -0.0493955 -0.0503284 0.0501158 0.0500729 -0.0501493 0.0500289 -0.0500623 0.0500195 0.0500132 0.0500096
internal_weight=1.22376 1.12299 1.07065 0.952048 0.886243 0.407003 0.479239 0.392817 0.279165 0.0956698 0.100775 0.27003 0.126454 0.183495 0.0740964 0.118602 0.0133717 0.143575 0.0840507 0.10523 0.0364315 0.0863931 0.0901578 0.0739244 0.0527281 0.0560807 0.0243189 0.04796 0.0316515 0.0249699
internal_count=692 483 479 339 335 118 217 179 145 51 209 98 57 94 71 140 43 41 43 97 51 59 208 203 54 198 46 193 156 140
is_linear=0
shrinkage=0.05


Tree=167
num_leaves=31
num_cat=0
split_feature=7 4 21 0 0 11 32 5 9 10 21 22 11 10 5 4 5 10 4 0 28 0 33 24 22 10 10 5 0 32
split_gain=0.066435 0.0646366 0.0592763 0.119627 0.100541 0.0390606 0.0379468 0.0778508 0.058053 0.0429089 0.0325669 0.0499912 0.027026 0.0406184 0.0233414 0.00611237 0.000591929 2.25139e-06 1.66099e-06 5.66425e-06 2.8569e-07 2.77385e-07 2.15936e-07 1.07564e-07 2.57723e-07 7.12618e-08 2.51488e-08 9.38886e-09 1.89808e-09 1.45285e-09
threshold=2.5000000000000004 258.50000000000006 89228.000000000015 239580.00000000003 2174036.0000000005 4.6782941818237314 1.5000000000000002 4098.5000000000009 3.3387895822525029 6.4869177341461191 95522.000000000015 51786.541015625007 3.059562206268311 6.7254662513732919 98512.000000000015 280.50000000000006 76287.000000000015 6.5644235610961923 799.00000000000011 372528.00000000006 114.50000000000001 41728.000000000007 2.5000000000000004 0.99506324529647838 20275.625000000004 7.5057497024536142 6.6222393512725839 152501.50000000003 395776.00000000006 1.5000000000000002
decision_type=2 2 2 2 2 2 2 2 2 2 2 2 2 2 2 2 2 2 2 2 2 2 2 2 2 2 2 2 2 2
left_child=1 2 12 14 5 -5 7 -3 10 -10 -8 20 13 21 -4 -13 18 -9 19 -11 -12 -1 25 -14 -25 -19 27 29 -27 -2
right_child=26 6 3 4 -6 -7 8 17 9 16 11 15 23 -15 -16 -17 -18 22 -20 -21 -22 -23 -24 24 -26 28 -28 -29 -30 -31
leaf_value=-0.050396438988259629 -0.050029771015648164 -0.050205903332565853 0.015448906720910989 -0.04711161759799351 0.021272114319192799 -0.0099708861274507947 -0.050641265003521563 0.050568398690120524 -0.050445642422698202 0.051291969944658768 0.050024366894684362 -0.013093307676127243 -0.050327293595732736 0.051000883028149792 0.052661779030144684 -0.050162611529269346 0.040333199892693877 0.050161336127007253 0.05135994250529529 0.050015889355161727 0.050322335606728635 -0.050017596554073465 0.050345363970149187 -0.050113739665570749 -0.050320345089160438 0.050013235940989581 -0.050114206537940964 -0.050076801939448204 0.050049244486354429 -0.050010530990145852
leaf_weight=0.0078044626861808455 0.025413170631509385 0.022133535938337445 0.075516366370720789 0.15672659935080446 0.14089221018366516 0.12910607276717201 0.045491719618439674 0.086002918367739767 0.012583491625264287 0.024554040282964706 0.01549842105305288 0.02227290504379198 0.034951209789142013 0.019239688292145729 0.095338101236848161 0.022208836278878152 0.016145380475791171 0.031918269087327644 0.02577749639749527 0.013464914329233579 0.016725928639061749 0.012685159883403685 0.01362545182928443 0.03017837035440607 0.030198428430594504 0.0084210679488023743 0.011629971544607542 0.0097849448138731532 0.0064725596457719812 0.01598255990393227
leaf_count=1 53 6 33 33 16 22 7 20 2 1 33 31 6 1 12 9 18 38 1 74 8 60 2 35 7 44 8 10 8 93
internal_value=-1.43082e-05 0.00280184 -0.00590204 0.000859215 -0.0132963 -0.0303357 0.0194385 0.0371941 0.00549907 0.0353766 -0.0171235 0.00275477 -0.0358182 -0.00117186 0.036214 -0.0316013 0.0488857 0.0504041 0.0510501 0.05084 0.050179 -0.0501619 0.0501702 -0.0502575 -0.0502171 0.0501192 -0.0500478 -0.0500328 0.0500289 -0.0500223
internal_weight=1.17874 1.11593 0.732637 0.597579 0.426725 0.285833 0.383297 0.168574 0.214723 0.0925253 0.122198 0.0767061 0.135057 0.0397293 0.170854 0.0444817 0.0799418 0.14644 0.0637965 0.038019 0.0322243 0.0204896 0.0604373 0.095328 0.0603768 0.0468119 0.0628106 0.0511807 0.0148936 0.0413957
internal_count=692 528 226 116 71 55 302 118 184 96 88 81 110 62 45 40 94 112 76 75 41 61 92 48 42 90 164 156 52 146
is_linear=0
shrinkage=0.05


Tree=168
num_leaves=31
num_cat=0
split_feature=10 0 27 9 7 12 5 6 12 25 10 10 6 20 25 11 11 23 0 12 10 11 0 20 28 10 27 5 3 25
split_gain=0.0638008 0.060309 0.0647055 0.0531905 0.051702 0.0535365 0.1286 0.0875593 0.0643424 0.0453096 0.0731652 0.0243083 0.0190285 0.0198515 0.0128682 3.56447e-07 3.02633e-07 2.34468e-07 2.06935e-07 1.42316e-07 1.22561e-07 2.57174e-08 2.1951e-08 1.35195e-08 7.81245e-09 4.22821e-09 2.58779e-09 9.89374e-10 4.98524e-10 3.7443e-10
threshold=7.3105976581573495 3290996.0000000005 7.5000000000000009 4.1499738693237314 2.5000000000000004 3.2052499055862431 77060.500000000015 10518528.000000002 2.0387133359909062 0.6642267405986787 6.4663562774658212 6.0375459194183358 276824064.00000006 20444.000000000004 1.0183655619621279 5.4928717613220224 4.8448624610900888 0.97646722197532665 600716.00000000012 1.5213544964790346 6.6276571750640878 6.0555529594421396 165536.00000000003 9.5000000000000018 393.00000000000006 6.4184098243713388 4.5000000000000009 47767.000000000007 5.5000000000000009 1.4598029255867007
decision_type=2 2 2 2 2 2 2 2 2 2 2 2 2 2 2 2 2 2 2 2 2 2 2 2 2 2 2 2 2 2
left_child=1 2 4 17 5 6 7 8 -1 -8 -11 -10 13 21 16 20 -12 18 19 -2 24 -5 27 -21 25 -4 28 -6 -25 -23
right_child=3 -3 15 12 22 -7 9 -9 11 10 14 -13 -14 -15 -16 -17 -18 -19 -20 23 -22 29 -24 26 -26 -27 -28 -29 -30 -31
leaf_value=0.027221446998609858 0.050294074483266206 0.050389201748836099 -0.050013012531823269 0.0501490362238763 -0.050017725543994557 -0.02862108432132578 0.052307341684221589 -0.050391994053467608 -0.048788466579594417 -0.039761839064202442 0.050131730029393543 -0.0043358939649568275 -0.050668648300427659 -0.035919657055677803 0.017555947349202117 -0.050407107605187088 0.050357633665322754 0.050296222163167294 0.050230504449612495 0.05011430833404619 -0.050176442244548237 0.050028696157550429 -0.050086565214743139 0.050008371602259141 -0.05007618680483842 -0.05006061879339329 0.050039150389545456 -0.050038133270622044 0.050022090558636434 0.050008676479278161
leaf_weight=0.12825213739415631 0.0058129578828811637 0.047375289490446448 0.016587493293627631 0.0063881441019475451 0.025407890425412916 0.13716588029637933 0.12985091563314199 0.11435112258186564 0.053163830190896988 0.047253769123926759 0.029450311471009627 0.072958622331498191 0.020074917003512383 0.011704402619216125 0.061144340957980603 0.011736574175301939 0.029854520980734378 0.023300177745113615 0.026593683054670691 0.0045513748191297046 0.034210734811495058 0.00475662863755133 0.022399925321224146 0.01556400580011541 0.01196401342167519 0.0064885861793300128 0.016879254566447344 0.007750643912004306 0.011525662004714832 0.0045887322194175795
leaf_count=14 1 8 96 3 97 10 5 26 16 6 32 30 2 5 35 3 10 5 9 2 15 13 25 99 11 10 34 13 30 27
internal_value=-1.56763e-05 -0.00465454 -0.00742873 0.0301692 -0.00340072 -0.00017503 0.00568111 -0.0140519 0.00228437 0.0301341 0.0129655 -0.0230738 -0.013676 0.0133897 0.0336511 -0.0501523 0.0502455 0.0501565 0.0501162 0.0500603 -0.0501091 0.0500717 -0.0500483 0.0500323 -0.0500434 -0.0500264 0.0500238 -0.0500225 0.0500142 0.0500189
internal_weight=1.13911 0.987367 0.939991 0.15174 0.859004 0.803445 0.66628 0.368726 0.254375 0.297554 0.167703 0.126122 0.0475128 0.0274379 0.120449 0.0809874 0.0593048 0.104227 0.0809269 0.0543333 0.0692508 0.0157335 0.0555585 0.0485203 0.0350401 0.0230761 0.0439689 0.0331585 0.0270897 0.00934536
internal_count=692 462 454 230 319 184 174 86 60 88 83 46 50 48 77 135 42 180 175 166 132 43 135 165 117 106 163 110 129 40
is_linear=0
shrinkage=0.05


Tree=169
num_leaves=31
num_cat=0
split_feature=7 4 21 0 21 8 23 17 21 0 11 11 5 20 4 5 20 27 0 19 0 0 26 19 8 32 19 20 22 11
split_gain=0.0600013 0.0586695 0.0522137 0.108359 0.088116 0.0769999 0.0376427 0.0499361 0.0328499 0.0278737 0.0263433 0.0378013 0.0241465 0.00527142 0.000158288 6.07549e-06 2.13112e-06 4.01496e-07 2.06215e-07 8.52948e-08 2.24592e-08 1.85209e-08 2.47053e-09 1.1796e-09 5.48892e-10 3.19052e-10 2.23141e-10 3.67118e-11 3.3897e-11 1.65099e-11
threshold=2.5000000000000004 258.50000000000006 89228.000000000015 239580.00000000003 341395.00000000006 5.5000000000000009 0.93412640690803539 1.0000000180025095e-35 341395.00000000006 63668.000000000007 3.059562206268311 3.023827433586121 94747.000000000015 12348.000000000002 280.50000000000006 4098.5000000000009 88.000000000000014 6.5000000000000009 41728.000000000007 19946.666992187504 473088.00000000006 165536.00000000003 1.0000000180025095e-35 24288.000000000004 4.5000000000000009 1.5000000000000002 2722.9091796875005 26.000000000000004 17594.213867187504 3.1604465246200566
decision_type=2 2 2 2 2 2 2 2 2 2 2 2 2 2 2 2 2 2 2 2 2 2 2 2 2 2 2 2 2 2
left_child=1 2 10 12 -5 -6 7 -3 -8 -9 11 18 -4 14 15 -11 -17 20 -1 -12 22 23 -18 25 -24 29 -20 -28 -27 -2
right_child=21 6 3 4 5 -7 8 9 -10 13 19 -13 -14 -15 -16 16 17 -19 26 -21 -22 -23 24 -25 -26 28 27 -29 -30 -31
leaf_value=-0.050359003927172498 -0.050021791172551955 -0.030245319937888621 0.012976550700021051 -0.050590508482561858 -0.0196511264517947 0.032889087711024688 -0.030146422559567849 0.0025587389622774678 0.025542576003473306 0.051194410761714951 -0.050192898956522673 0.050955249487793557 0.052301418058932125 0.020215331439718959 0.045449099759440011 0.050529921864706666 0.050038504034311017 0.050343735304889274 -0.050025401160717568 -0.050293602075029545 0.050123338539707796 -0.050078645232731367 0.050007669574435268 -0.050037127038968503 0.050022593380204643 -0.050007403741213034 -0.050007327618275955 -0.050014364294320858 -0.050013358712519912 -0.050018430062722455
leaf_weight=0.0070780389942226565 0.0073201076593251146 0.030395475449040532 0.068109589148662053 0.1131426009524148 0.17381450318498537 0.11645655418396927 0.060055225098039955 0.04398171859793365 0.047367478990054224 0.022786553949117661 0.051439833216136321 0.018395397812128067 0.091445309371920303 0.01653252897085622 0.017852103454060853 0.054998582243570127 0.017508466029539704 0.013655008806381375 0.0040949595713755116 0.035564703808631748 0.0065770798828452817 0.022420388348109554 0.014415354075026698 0.0079562171013094485 0.010760252698673867 0.0085272408032324165 0.0036932273869751953 0.0037211779272183776 0.0033201389960595415 0.0072942904662340879
leaf_count=1 18 8 30 19 16 36 13 5 39 1 40 1 15 22 33 7 25 12 10 8 5 33 100 13 32 63 28 22 15 22
internal_value=-1.49311e-05 0.00270917 -0.00583479 0.000634324 -0.0131613 0.00142797 0.0191551 0.029811 -0.00559065 0.0381438 -0.035208 0.000141858 0.0355147 0.0470828 0.0498843 0.050447 0.0503026 0.0501038 -0.0501466 -0.0502341 0.0500373 -0.0500433 0.0500241 -0.0500202 0.050014 -0.0500152 -0.050016 -0.0500109 -0.0500091 -0.0500201
internal_weight=1.10068 1.04384 0.686956 0.562969 0.403414 0.290271 0.356886 0.249463 0.107423 0.219068 0.123987 0.0369828 0.159555 0.175086 0.158553 0.140701 0.117915 0.0629162 0.0185874 0.0870045 0.0492612 0.0568384 0.0426841 0.034418 0.0251756 0.0264618 0.0115094 0.00741441 0.0118474 0.0146144
internal_count=692 528 226 116 71 52 302 250 52 242 110 62 45 237 215 182 181 174 61 48 162 164 157 131 132 118 60 50 78 40
is_linear=0
shrinkage=0.05


Tree=170
num_leaves=31
num_cat=0
split_feature=10 18 27 3 25 5 2 32 10 9 28 29 22 5 9 9 25 9 10 23 0 12 10 28 23 23 22 10 12 4
split_gain=0.0598301 0.0619437 0.0600535 0.0618899 0.0820758 0.0702227 0.0827354 0.0702917 0.0643834 0.049457 0.0249722 0.0341256 0.0210003 0.017629 0.0139794 0.0198064 0.000837339 6.59492e-07 2.59486e-07 2.10791e-07 1.72592e-07 1.17677e-07 8.40164e-08 6.28096e-08 2.01045e-08 1.12176e-08 8.47055e-09 1.7288e-09 2.8627e-10 2.62803e-10
threshold=7.3105976581573495 3128832.0000000005 7.5000000000000009 3.5000000000000004 0.66238051652908336 177876.00000000003 17368.000000000004 1.5000000000000002 6.4869177341461191 4.1499738693237314 98.500000000000014 2.5000000000000004 41478.400390625007 4769.0000000000009 4.3648359775543222 4.8943886756896982 0.95703241229057323 3.5704451799392705 6.6276571750640878 0.97646722197532665 600716.00000000012 1.5213544964790346 6.303377866744996 31.500000000000004 0.75537109375000011 0.018554687500000003 16386.066894531254 7.7570912837982187 2.1160755157470708 430.50000000000006
decision_type=2 2 2 2 2 2 2 2 2 2 2 2 2 2 2 2 2 2 2 2 2 2 2 2 2 2 2 2 2 2
left_child=1 2 3 4 -1 6 7 13 -9 19 -10 -12 -13 -5 -11 -16 23 22 26 20 21 -2 24 -15 29 -23 28 -27 -4 -8
right_child=9 -3 18 5 -6 -7 17 8 10 14 11 12 -14 16 15 -17 -18 -19 -20 -21 -22 25 -24 -25 -26 27 -28 -29 -30 -31
leaf_value=0.0027974950859897441 0.050276046552849875 0.05145004421769344 -0.050023023385270864 0.00038350710784033296 -0.050963683773280914 0.043099493443606397 -0.050023487482587115 -0.050558110286477477 0.030829865066527126 -0.045046883187257913 -0.050568674402192031 0.050196865891533916 -0.016674043057664872 0.050541172035390991 -0.040478371553755568 0.050075771697617233 0.040951781061544644 -0.05048595399693373 -0.050228553906315837 0.050285524212857827 0.050217703532777019 0.050092462779826985 -0.050184468407070221 0.050441978207970639 -0.05013171535333541 0.050033136416724015 -0.050062488222666415 0.050011435284194043 -0.050006898703081365 -0.050008724467514698
leaf_weight=0.1519504476164002 0.0054604760371148578 0.046737054362893105 0.0038877986298757614 0.025359742692671716 0.13324910005030688 0.10543126100674272 0.0065258611721219495 0.066103579985792749 0.068790275152423419 0.019630816990684252 0.031631975420168601 0.023379103949991986 0.023584255686728284 0.030232294855522923 0.010523401411774103 0.014168805777444504 0.035928956029238179 0.018686188384890556 0.041345423087477684 0.022352022562699858 0.025066707690712065 0.0062113374588079742 0.038398275915824343 0.033801319354097359 0.0055281772802118203 0.015199766494333744 0.021211125851550605 0.023162771038187202 0.0094263512946781702 0.0056025791054707952
leaf_count=30 1 4 13 22 24 23 16 19 9 10 8 27 15 28 8 32 21 2 16 5 9 4 20 12 6 36 30 125 76 41
internal_value=-1.46455e-05 -0.00464207 -0.00762096 -0.00360911 -0.0223205 0.00667342 -0.00261306 0.00789085 -0.0095581 0.0302349 0.00883072 -0.010424 0.0166154 0.0376155 -0.0135542 0.0114831 0.047061 -0.0502287 -0.0501441 0.0501507 0.0501106 0.050057 -0.050143 0.0504888 -0.0500527 0.0500301 -0.0500429 0.05002 -0.0500116 -0.0500167
internal_weight=1.06857 0.926791 0.880054 0.804183 0.2852 0.518984 0.413553 0.338812 0.213489 0.141776 0.147386 0.0785953 0.0469634 0.125322 0.044323 0.0246922 0.0999626 0.0747411 0.0758707 0.0974531 0.0751011 0.0500344 0.0560549 0.0640336 0.0176566 0.0445739 0.0345253 0.0383625 0.0133141 0.0121284
internal_count=692 462 458 323 54 269 246 161 78 230 59 50 42 83 50 40 61 85 135 180 175 166 83 40 63 165 119 161 89 57
is_linear=0
shrinkage=0.05


Tree=171
num_leaves=31
num_cat=0
split_feature=10 18 27 3 11 32 18 12 9 27 10 6 21 10 4 9 10 20 19 2 10 23 18 11 12 12 4 19 20 21
split_gain=0.056666 0.0586613 0.0573529 0.0573462 0.083273 0.0618638 0.0788673 0.0632835 0.0471372 0.0413507 0.0348103 0.0168141 0.0179718 0.00978881 0.00788541 0.0075239 4.24023e-05 2.34585e-06 5.13285e-07 2.51823e-07 2.2332e-07 1.81319e-07 1.48532e-07 1.46573e-07 1.01246e-07 2.61658e-08 1.55836e-08 1.40764e-08 9.69584e-09 7.29284e-09
threshold=7.3105976581573495 3128832.0000000005 7.5000000000000009 3.5000000000000004 3.5302884578704838 1.0000000180025095e-35 365056.00000000006 0.73497411608695995 4.1499738693237314 6.5000000000000009 6.8003742694854745 276824064.00000006 703532.50000000012 6.8003742694854745 270.50000000000006 2.6061000823974614 6.6112103462219247 74.000000000000014 10060.799804687502 17368.000000000004 6.6276571750640878 0.97646722197532665 432128.00000000006 4.8049938678741464 1.5213544964790346 1.1028670668601992 20808.000000000004 24788.114257812504 9.5000000000000018 65757.000000000015
decision_type=2 2 2 2 2 2 2 2 2 2 2 2 2 2 2 2 2 2 2 2 2 2 2 2 2 2 2 2 2 2
left_child=1 2 3 4 -1 14 7 -7 21 13 15 12 -10 16 17 -11 18 -5 25 -20 29 22 24 27 -2 -9 -27 -19 -26 -4
right_child=8 -3 20 5 -6 6 -8 9 11 10 -12 -13 -14 -15 -16 -17 -18 23 19 -21 -22 -23 -24 -25 28 26 -28 -29 -30 -31
leaf_value=0.0038470236477138827 0.050262509417579551 0.051378019490720364 -0.050010112655426764 0.050720627376598153 -0.050924380847504051 0.05051954177876327 0.029021878274613607 -0.050182916769895558 0.050068951733384881 0.0064822683618406748 -0.031579778104576836 -0.050574857743324257 -0.035906202286101536 -0.016287525926156586 0.020357070729067086 0.047484061790995187 -0.047926893448563684 0.050023003737452276 -0.05046645293769373 -0.050278270987276413 -0.050217387538271964 0.050271523403066634 0.050207060860028144 0.050264558642155246 0.050102069095027728 -0.050014238391417012 -0.050118777397005133 0.050106372077032904 0.050020869349949364 -0.050058879957479777
leaf_weight=0.1486694369232282 0.0051955292001366607 0.044518414186313748 0.01219251880684169 0.035416279453784227 0.13014649647811893 0.02977411262691021 0.13324227218981832 0.0072386635001748792 0.014160324826661963 0.019364356368896551 0.045421484392136335 0.017748637124896049 0.010649807227309793 0.026697713765315711 0.031430508592166007 0.026500529420445673 0.023069126531481743 0.011597288917982951 0.040485947392880917 0.031695865822257474 0.039337507492746226 0.021267673488182481 0.023849116754718125 0.015087095671333373 0.0040663033723831168 0.0071728402181179263 0.0070873962249606848 0.0089868257928173989 0.038334892240527552 0.020650277474487666
leaf_count=32 1 4 88 3 22 3 18 2 37 33 4 2 11 14 29 14 7 30 18 33 16 5 9 4 2 40 3 14 163 31
internal_value=-1.77923e-05 -0.00457284 -0.0074989 -0.00354857 -0.0217193 0.00657858 -0.00234792 -0.01815 0.0301461 -0.0268602 -0.000553452 -0.0134176 0.0131639 -0.0436012 0.0412117 0.0301729 -0.0498471 0.0504324 -0.0503199 -0.0503838 -0.050137 0.0501434 0.0501052 0.0501462 0.0500542 -0.0501055 -0.0500662 0.0500594 0.0500287 -0.0500408
internal_weight=1.03106 0.895783 0.851265 0.779084 0.278816 0.500268 0.39775 0.264508 0.135272 0.234734 0.0912864 0.0425588 0.0248101 0.143448 0.102518 0.0458649 0.11675 0.0710875 0.0936807 0.0721818 0.0721803 0.0927135 0.0714458 0.0356712 0.0475967 0.0214989 0.0142602 0.0205841 0.0424012 0.0328428
internal_count=692 462 458 323 54 269 189 171 230 168 51 50 48 117 80 47 103 51 96 51 135 180 175 48 166 45 43 44 165 119
is_linear=0
shrinkage=0.05


Tree=172
num_leaves=31
num_cat=0
split_feature=7 4 18 0 0 11 23 17 10 0 10 11 10 5 20 0 5 14 24 20 25 0 11 10 10 0 10 20 5 3
split_gain=0.0559182 0.052416 0.0496396 0.0995339 0.0795619 0.0358281 0.0338351 0.0437219 0.0314751 0.025216 0.0237138 0.0223368 0.0332939 0.0196359 0.00497187 0.000151281 4.7528e-06 1.40809e-06 2.0937e-07 2.00465e-07 3.59468e-07 1.75525e-07 3.83581e-08 3.34243e-08 3.26518e-08 1.60239e-08 1.51679e-09 1.13142e-09 6.24184e-10 3.01608e-10
threshold=2.5000000000000004 258.50000000000006 85248.000000000015 239580.00000000003 2174036.0000000005 4.6782941818237314 0.93412640690803539 1.0000000180025095e-35 6.6494672298431405 63668.000000000007 6.7254662513732919 3.059562206268311 6.7254662513732919 98512.000000000015 12348.000000000002 94740.000000000015 4098.5000000000009 1.0000000180025095e-35 0.99920049309730541 919.50000000000011 0.9500412940979005 41728.000000000007 4.8220820426940927 6.6433546543121347 6.0500428676605233 165536.00000000003 7.6989610195159921 1370.0000000000002 56399.000000000007 5.5000000000000009
decision_type=2 2 2 2 2 2 2 2 2 2 2 2 2 2 2 2 2 2 2 2 2 2 2 2 2 2 2 2 2 2
left_child=1 2 11 13 5 -5 7 -3 -8 -9 -10 12 21 -4 15 -11 -17 -18 -13 20 24 -1 -20 -21 -19 28 27 -25 29 -2
right_child=25 6 3 4 -6 -7 8 9 10 14 -12 18 -14 -15 -16 16 17 19 22 23 -22 -23 -24 26 -26 -27 -28 -29 -30 -31
leaf_value=-0.050343646612541808 -0.050018961889691974 -0.029447438291103675 0.015185794345777172 -0.046922450576760713 0.020200807083181376 -0.0084944526221909077 -0.043121642570300989 0.0024420689113151405 0.050984840064597692 0.044729453102033516 -0.011071898053537844 -0.050289876001230527 0.050820371103587371 0.05228856683951786 0.019444728216706175 0.051049323195464485 0.050523847500677392 0.050151455663527716 -0.050076096318565404 0.050143963050878863 0.050384642337238911 -0.050014244602424866 -0.050176740772243267 0.05002124028277391 0.050022875625583801 -0.050075531056146032 0.050007657380864295 0.050043092532281397 -0.050033217178667669 -0.050006331563094669
leaf_weight=0.0067794257774949065 0.018975118691741955 0.027356852369848639 0.063585987430997193 0.1329958388232626 0.12081032164860517 0.11151239495666232 0.035354547901079059 0.039827680215239525 0.027215560898184776 0.013223910238593817 0.035442093969322741 0.041344354627653956 0.015881970524787903 0.081194292943109758 0.014868212623696309 0.020132560282945633 0.027416011318564415 0.0075299045711290083 0.018662495946045965 0.0065625159186311057 0.015049391913635191 0.010023454058682546 0.019213948253309354 0.017141126343631186 0.014340782676299568 0.021165405014471617 0.012561020972498227 0.0090511713642627001 0.0064733485487522549 0.0062946202669991172
leaf_count=1 63 8 32 33 16 22 11 5 2 2 39 8 1 12 22 1 3 7 33 3 4 60 8 47 43 33 94 11 14 54
internal_value=-2.04665e-05 0.00277989 -0.00570648 0.000909384 -0.0129949 -0.0293967 0.0191185 0.0297965 -0.00540113 0.0379943 0.0158827 -0.0358635 -0.00108579 0.0359934 0.0469631 0.0498241 0.0503432 0.0502135 -0.0502121 0.0501101 0.0501966 -0.0501471 -0.0501272 0.0500396 0.0500671 -0.0500418 0.0500219 0.0500288 -0.0500194 -0.0500158
internal_weight=0.997986 0.945078 0.622004 0.510099 0.365319 0.244508 0.323073 0.225061 0.0980122 0.197704 0.0626577 0.111906 0.0326849 0.14478 0.157877 0.143008 0.129784 0.109652 0.0792208 0.0822359 0.0369201 0.0168029 0.0378764 0.0453158 0.0218707 0.0529085 0.0387533 0.0261923 0.0317431 0.0252697
internal_count=692 528 226 115 71 55 302 250 52 242 41 111 62 44 237 215 213 212 49 209 54 61 41 155 50 164 152 58 131 117
is_linear=0
shrinkage=0.05


Tree=173
num_leaves=31
num_cat=0
split_feature=7 4 12 0 25 24 24 24 12 27 28 17 23 12 0 23 28 10 10 12 4 11 0 11 0 19 15 32 19 19
split_gain=0.0531274 0.0489343 0.0486331 0.0976295 0.0443481 0.0834182 0.0402359 0.0365101 0.034254 0.0461674 0.0491598 0.036057 0.0497719 0.0212952 0.00446267 0.00121997 4.16955e-06 9.48258e-07 4.84931e-07 1.80784e-07 1.18731e-07 5.94087e-08 7.45794e-08 7.17068e-08 1.37909e-08 8.06121e-10 8.05835e-10 2.73743e-10 1.60564e-10 2.02372e-11
threshold=2.5000000000000004 258.50000000000006 3.2052499055862431 2174036.0000000005 0.99957478046417247 0.99648618698120128 4.0291795730590829 0.99893736839294445 3.0123689174652104 1.5000000000000002 100.50000000000001 768.00000000000011 0.96286892890930187 2.490272164344788 239580.00000000003 0.56091308593750011 71.500000000000014 6.0169811248779306 6.5644235610961923 3.2236673831939702 264.50000000000006 3.3071039915084843 33808.000000000007 3.2075521945953374 165536.00000000003 24288.000000000004 4.5000000000000009 1.0000000180025095e-35 2722.9091796875005 13550.933593750002
decision_type=2 2 2 2 2 2 2 2 2 2 2 2 2 2 2 2 2 2 2 2 2 2 2 2 2 2 2 2 2 2
left_child=1 2 3 4 5 21 14 -7 9 -3 13 -12 15 16 -6 -13 17 -11 -10 -20 -19 22 -1 28 25 27 -22 -2 -24 -29
right_child=24 8 -4 -5 6 7 -8 -9 18 10 11 12 -14 -15 -16 -17 -18 20 19 -21 26 -23 23 -25 -26 -27 -28 29 -30 -31
leaf_value=-0.050326772993514637 -0.050019055581293097 -0.049803852547197908 -0.035818668829816949 0.050782092619101021 -0.029804717401830855 0.051033253606387087 0.0090122393599868286 0.0047074515319039129 0.050498711685522939 0.050533578815015356 -0.050492228665225104 0.050275357678768701 -0.047307385174983271 -0.0021906656536812646 -0.050452161616358404 0.032750423192279152 0.050945495007717001 0.050234882705975085 0.050072506313123571 0.050299283719362743 0.050006547176969444 -0.050289847682889015 -0.050021546655675424 -0.050224740580078087 -0.050071843925875194 -0.050033205084424597 0.050027230353235544 -0.050006487224729793 -0.050006924980658944 -0.050010925107947239
leaf_weight=0.0064508966170251361 0.012197806150652468 0.028436172971851192 0.1090103262104094 0.082359214196912944 0.038263599984929897 0.064625542596331798 0.05101929405645933 0.12440277612768114 0.027353995013982058 0.020801468752324581 0.033157886529807001 0.028854499047156423 0.022405806288588792 0.02400237949041184 0.082799744428484701 0.015141935960855335 0.044703005871269852 0.0092763425782322884 0.013015043026825879 0.027060004707891494 0.0098616732866503298 0.030772809870541096 0.0034389216598356134 0.0085659886244684458 0.020134600927121937 0.0070626240485580629 0.0090134398342343047 0.0068104731399216689 0.0041353296328452416 0.0041246113687520847
leaf_count=1 35 7 15 14 38 24 20 37 3 2 10 36 6 33 20 21 23 2 34 23 81 6 10 2 33 13 21 60 39 23
internal_value=-2.06449e-05 0.00271893 -0.00557548 0.00106017 -0.00881994 0.00496063 -0.028231 0.0205454 0.0187693 0.0101046 0.0179472 -0.0079108 0.0133522 0.0398278 -0.0439263 0.0442439 0.0505964 0.0502776 0.0503364 0.0502256 0.0500884 -0.0502446 -0.0501831 -0.0501256 -0.0500398 -0.0500184 0.0500164 -0.0500139 -0.0500136 -0.0500082
internal_weight=0.969258 0.918928 0.605844 0.496834 0.414475 0.242392 0.172083 0.189028 0.313084 0.245655 0.217218 0.0995601 0.0664022 0.117658 0.121063 0.0439964 0.0936559 0.0489529 0.067429 0.040075 0.0281515 0.0533639 0.0225911 0.0161402 0.0503301 0.0301955 0.0188751 0.0231329 0.00757425 0.0109351
internal_count=692 528 226 211 197 119 78 61 302 242 235 73 63 162 58 57 129 106 60 57 104 58 52 51 164 131 102 118 49 83
is_linear=0
shrinkage=0.05


Tree=174
num_leaves=31
num_cat=0
split_feature=10 18 27 5 5 6 12 3 17 20 9 24 24 6 20 12 12 10 10 23 0 12 20 23 18 10 0 24 10 5
split_gain=0.0524577 0.051982 0.0519283 0.0533171 0.0673489 0.0667022 0.0578746 0.0500316 0.0541333 0.0472688 0.0421769 0.0242395 0.0750496 0.0153749 0.0161488 0.000735485 8.73523e-05 1.64069e-06 1.82095e-07 1.4949e-07 1.06421e-07 8.18184e-08 1.36183e-08 8.07816e-09 6.81059e-09 3.28302e-09 1.05205e-09 7.49746e-10 4.35963e-10 1.90979e-10
threshold=7.3105976581573495 3128832.0000000005 7.5000000000000009 862222.00000000012 77060.500000000015 10518528.000000002 2.9888230562210087 3.5000000000000004 1.0000000180025095e-35 890.00000000000011 4.1499738693237314 1.4751427173614504 2.6682128906250004 276824064.00000006 20444.000000000004 2.855690717697144 1.332878649234772 7.2844328880310067 6.6664593219757089 0.97646722197532665 600716.00000000012 1.5213544964790346 5906.0000000000009 0.018554687500000003 65792.000000000015 6.3735568523406991 468992.00000000006 7.7031250000000009 7.6989610195159921 5333.0000000000009
decision_type=2 2 2 2 2 2 2 2 2 2 2 2 2 2 2 2 2 2 2 2 2 2 2 2 2 2 2 2 2 2
left_child=1 2 3 4 5 7 11 -1 17 -10 19 15 -13 14 22 -6 -14 25 24 20 21 -2 -12 -23 27 29 28 -4 -25 -9
right_child=10 -3 18 -5 6 -7 -8 8 9 -11 13 12 16 -15 -16 -17 -18 -19 -20 -21 -22 23 -24 26 -26 -27 -28 -29 -30 -31
leaf_value=-0.050203796473888666 0.050244726674793697 0.051220640967087283 -0.050006784707416874 -0.051436210046520749 0.044285542210504909 -0.050319748194787475 -0.013647538364174906 -0.050019730150677767 0.05013716289122349 -0.0024502885948094314 0.050117334763635051 -0.048293349363405687 0.047090830932658437 -0.050515371141324386 -0.034936911605489583 0.052485688697925054 0.04340145891508819 -0.050744035225371388 -0.050210367441150573 0.050253201270936909 0.050187151537264801 0.050082336752847012 0.050014392409800525 0.050028796518039188 -0.050061253784318971 -0.050062052933575435 0.05003568217929108 -0.050037338659725296 0.050010340100945072 -0.050007243402004797
leaf_weight=0.043124661446199752 0.0048469542525708667 0.039634710527025163 0.0092911604660912417 0.053726661019027233 0.051930591398559045 0.095546579614165239 0.10124391361023299 0.0077511036361102015 0.074586897229892202 0.1000538128282642 0.0058265571715310216 0.032105304795550182 0.027732466260204092 0.015944980783388019 0.0098080807292717509 0.057757029004278593 0.038065852510044351 0.014447521418333054 0.033593318497878499 0.019840477041725535 0.021543251234106719 0.0055818357213865957 0.0071615739361732267 0.0037207126515568225 0.019921920997148845 0.005153737496584653 0.0062789942603558293 0.0025612816243665302 0.02284452470485121 0.0050618989989743568
leaf_count=29 1 4 83 4 30 39 16 21 30 34 3 14 4 2 5 11 39 1 15 5 9 4 40 9 31 7 11 6 141 44
internal_value=-1.86329e-05 -0.00462765 -0.00748878 -0.00355351 0.000376723 -0.0147818 0.017346 -0.00120945 0.00899492 0.0200092 0.0303584 0.0324618 0.0143773 -0.0128529 0.0134904 0.0486034 0.0449564 -0.0503473 -0.0501292 0.0501331 0.0500963 0.0500511 0.0500606 0.0500267 -0.0500434 -0.0500284 0.0500173 -0.0500134 0.0500129 -0.0500148
internal_weight=0.936688 0.81329 0.773656 0.708288 0.654561 0.345726 0.308835 0.25018 0.207055 0.174641 0.123398 0.207591 0.0979036 0.0387412 0.0227962 0.109688 0.0657983 0.0324143 0.0653677 0.0846567 0.0648163 0.043273 0.0129881 0.0384261 0.0317744 0.0179667 0.0328442 0.0118524 0.0265652 0.012813
internal_count=692 462 458 323 319 205 114 166 137 64 230 98 57 50 48 41 43 73 135 180 175 166 43 165 120 72 161 89 150 65
is_linear=0
shrinkage=0.05


Tree=175
num_leaves=31
num_cat=0
split_feature=10 18 27 3 11 5 2 32 10 12 23 11 5 24 21 32 11 23 0 10 10 23 21 10 4 4 12 0 24 21
split_gain=0.0497088 0.0492451 0.0495811 0.0511761 0.0718211 0.0597407 0.0681821 0.0567597 0.0532971 0.0357542 0.0202572 0.0179603 0.0156752 0.000732136 0.00127139 2.75653e-07 1.62335e-07 1.50984e-07 1.25494e-07 6.32583e-08 5.71028e-08 7.11487e-09 4.33897e-09 9.3148e-10 2.75404e-10 1.24781e-10 1.20548e-10 1.25517e-11 7.02307e-12 4.20923e-12
threshold=7.3105976581573495 3128832.0000000005 7.5000000000000009 3.5000000000000004 3.5302884578704838 177876.00000000003 17368.000000000004 1.5000000000000002 6.4869177341461191 1.482320308685303 0.92951378226280224 4.6336965560913095 4769.0000000000009 0.99958947300910961 145100.00000000003 1.5000000000000002 5.4928717613220224 0.97646722197532665 600716.00000000012 6.6276571750640878 6.303377866744996 0.018554687500000003 65757.000000000015 7.7570912837982187 430.50000000000006 264.50000000000006 1.7733386158943178 119040.00000000001 2.6580256223678593 402625.00000000006
decision_type=2 2 2 2 2 2 2 2 2 2 2 2 2 2 2 2 2 2 2 2 2 2 2 2 2 2 2 2 2 2
left_child=1 2 3 4 -1 6 7 12 -9 -2 11 -10 -5 -14 -15 -8 19 18 21 22 24 -11 26 -23 -17 -25 -4 -26 -28 -27
right_child=9 -3 16 5 -6 -7 15 8 10 17 -12 -13 13 14 -16 20 -18 -19 -20 -21 -22 23 -24 25 27 29 28 -29 -30 -31
leaf_value=0.0033772330017377236 -0.0080284470447955971 0.051160179470114024 -0.050018382607244075 -0.00078979651182867086 -0.050829632409433868 0.042654215521067934 -0.05033355148143525 -0.050463117762264288 -0.00052885858252646814 0.050078315835079407 -0.013847135244283298 0.050547444860184455 0.050458188792826868 0.030866923637070311 0.050269942436230855 -0.050023166360051531 -0.050317614970248371 0.050240791751718986 0.050178007468675262 -0.050143445487772012 -0.050152235025745111 0.050026863996697972 -0.050050499523994832 0.050014161678121963 -0.050004220536191579 0.050007556405910952 -0.05000488291428147 -0.050009579585718535 -0.050008355512389538 0.050005586721343948
leaf_weight=0.13172900110657793 0.040117228840244934 0.037745135137811303 0.0024996177453431301 0.022061162046156824 0.113977305147273 0.091583448345772922 0.022980107518378645 0.055062932311557233 0.032323504259693436 0.0053100220684427759 0.055715742200845852 0.036813392420299351 0.049707866666722111 0.01629247722303262 0.017522964481031522 0.0062425087744486518 0.0091325641260482371 0.018877388938562945 0.020496215671300888 0.026790284609887749 0.028551250019518193 0.012236497059348039 0.01601889927405864 0.0083535152953118086 0.0022641385949100368 0.0040511022016289653 0.0058021676959469914 0.0021116380085004494 0.0019437501832726412 0.008207838014641311
leaf_count=32 38 4 11 22 22 23 7 19 22 4 13 24 21 33 7 18 3 5 9 15 19 36 29 32 27 28 62 14 15 78
internal_value=-1.76939e-05 -0.00456081 -0.00737586 -0.00349475 -0.021768 0.0067273 -0.00273715 0.00759404 -0.00948457 0.0302906 0.00858792 0.0266678 0.0366959 0.0465971 0.0409215 -0.0501961 -0.0501229 0.0501178 0.0500782 -0.0500894 -0.0501154 0.0500246 -0.0500342 0.0500159 -0.0500164 0.0500094 -0.0500088 -0.0500068 -0.0500058 0.0500062
internal_weight=0.902522 0.784872 0.747127 0.684939 0.245706 0.439233 0.34765 0.2855 0.179916 0.11765 0.124853 0.0691369 0.105584 0.0835233 0.0338154 0.0621496 0.0621873 0.0775326 0.0586552 0.0530547 0.0391695 0.038159 0.0262644 0.032849 0.0106183 0.0206125 0.0102455 0.00437578 0.00774592 0.0122589
internal_count=692 462 458 323 54 269 246 161 78 230 59 46 83 61 40 85 135 192 187 132 78 178 117 174 59 138 88 41 77 106
is_linear=0
shrinkage=0.05


Tree=176
num_leaves=31
num_cat=0
split_feature=7 4 18 0 18 3 12 27 28 23 3 27 12 11 10 12 9 28 10 10 27 11 4 32 0 0 10 19 3 32
split_gain=0.0486168 0.044109 0.0422466 0.0863356 0.0680294 0.0573586 0.0309765 0.0407713 0.043792 0.0296942 0.0320657 0.0280448 0.0203759 0.0193125 0.0283033 0.0182041 0.00124972 3.25301e-06 7.01534e-07 4.59666e-07 1.26604e-07 1.11596e-07 8.42735e-08 8.2343e-08 6.44531e-08 1.05948e-08 5.8844e-09 7.59082e-10 5.15349e-10 2.1316e-10
threshold=2.5000000000000004 258.50000000000006 85248.000000000015 239580.00000000003 360960.00000000006 4.5000000000000009 3.0123689174652104 1.5000000000000002 100.50000000000001 0.93412640690803539 5.5000000000000009 5.5000000000000009 2.490272164344788 3.059562206268311 6.7254662513732919 2.8489407300949101 1.9755036830902102 71.500000000000014 6.0169811248779306 6.5644235610961923 6.5000000000000009 3.016818761825562 264.50000000000006 2.5000000000000004 504064.00000000006 165536.00000000003 7.0746397972106942 24288.000000000004 4.5000000000000009 1.5000000000000002
decision_type=2 2 2 2 2 2 2 2 2 2 2 2 2 2 2 2 2 2 2 2 2 2 2 2 2 2 2 2 2 2
left_child=1 2 13 15 -5 -6 7 -3 12 10 16 -7 17 14 21 -4 -10 18 -9 -8 24 -1 -20 -15 26 27 -21 29 -24 -2
right_child=25 6 3 4 5 11 19 8 9 -11 -12 -13 -14 23 -16 -17 -18 -19 22 20 -22 -23 28 -25 -26 -27 -28 -29 -30 -31
leaf_value=-0.050011807696965449 -0.050017096821410645 -0.04973547055385466 0.01404681296592198 -0.050465978302456097 -0.023246591428464095 0.050230928195640845 0.050478137817459995 0.050483511071258827 0.05033178821982405 -0.048076827948270492 -0.034500504641683472 0.00060996156195016957 -0.0031068393769416018 -0.050224116080168128 0.050701788177355017 0.051889513561248449 0.031802808103391735 0.050873775901587703 0.050209623860987346 0.050091001049769726 0.050323555094341971 -0.050296517887284578 0.050005857642951103 -0.050111066996710765 0.050207993069955062 -0.050066469979200362 0.050010872765537145 -0.050032239427075624 0.050023519821924572 -0.05000681938948276
leaf_weight=0.0083389124774839729 0.012222072480653878 0.025228460101061501 0.05639796383184148 0.08807461045216769 0.11838753015035763 0.059374329168349504 0.025825113989412785 0.018886827863752842 0.01924062633770518 0.030521224369294941 0.022326030681142583 0.054715304489945993 0.022359017384587787 0.041197340586222708 0.013649918138980865 0.072802425958798267 0.017266919719986618 0.041000570694450289 0.008265491109341383 0.0034023264597635716 0.013116246940626297 0.0058606965467333802 0.0087689452484482899 0.026448847296705935 0.011711211875081062 0.018540573189966381 0.0070161337789613754 0.006667843059403821 0.007806988389347679 0.008591840072767809
leaf_count=60 40 7 25 19 10 31 3 2 18 8 22 11 33 11 1 19 25 23 2 4 4 1 81 38 3 33 46 13 21 78
internal_value=-1.85237e-05 0.00276168 -0.00554868 0.000864516 -0.0130434 0.00113428 0.0187876 0.0101009 0.0177855 -0.00805856 0.0127018 0.0264336 0.0393499 -0.0357526 -0.000708862 0.0353706 0.0415682 0.0505538 0.0502538 0.0503179 0.0502005 -0.0501293 0.0500792 -0.0501799 0.0501275 -0.0500373 0.050037 -0.0500176 0.0500142 -0.0500129
internal_weight=0.874012 0.82799 0.545248 0.449752 0.320552 0.232477 0.282742 0.221671 0.196443 0.0893548 0.0588336 0.11409 0.107088 0.0954957 0.0278495 0.1292 0.0365075 0.0847288 0.0437283 0.061071 0.0352459 0.0141996 0.0248414 0.0676462 0.0221297 0.0460223 0.0104185 0.0274818 0.0165759 0.0208139
internal_count=692 528 226 115 71 52 302 242 235 73 65 42 162 111 62 44 43 129 106 60 57 61 104 49 53 164 50 131 102 118
is_linear=0
shrinkage=0.05


Tree=177
num_leaves=31
num_cat=0
split_feature=7 10 29 18 19 25 19 3 25 20 11 22 11 9 5 11 0 12 20 0 0 0 19 28 32 19 3 12 22 19
split_gain=0.0462111 0.0408139 0.0322518 0.0365499 0.0513558 0.10241 0.0437036 0.0456649 0.0420388 0.0347979 0.0212882 0.00885279 0.0109694 0.00731092 0.0188686 0.0012473 7.17075e-05 8.2995e-06 8.3949e-08 1.93404e-08 9.11905e-09 1.74486e-09 6.53343e-10 2.73951e-10 1.83487e-10 1.0321e-10 6.62926e-11 2.06168e-11 1.513e-11 4.11904e-12
threshold=2.5000000000000004 7.8300440311431894 3.5000000000000004 87552.000000000015 65075.199218750007 1.3147950172424319 12256.000000000002 3.5000000000000004 0.9534277915954591 1416.0000000000002 3.7942849397659306 24558.546875000004 2.6850157976150517 0.39593718945980078 40976.000000000007 4.6530373096466073 94740.000000000015 2.5452164411544804 18209.000000000004 151856.00000000003 165536.00000000003 1249896.5000000002 24288.000000000004 100.50000000000001 1.5000000000000002 2663.4343261718755 5.5000000000000009 2.8386291265487675 17956.571289062504 3514.1818847656255
decision_type=2 2 2 2 2 2 2 2 2 2 2 2 2 2 2 2 2 2 2 2 2 2 2 2 2 2 2 2 2 2
left_child=1 2 3 6 9 10 7 -1 13 11 -6 12 -5 14 25 -7 -13 -18 19 -3 22 23 24 26 27 -9 -21 -2 -26 -27
right_child=20 18 -4 4 5 15 -8 8 -10 -11 -12 16 -14 -15 -16 -17 17 -19 -20 21 -22 -23 -24 -25 28 29 -28 -29 -30 -31
leaf_value=-0.050234475819434167 -0.050018266150973822 0.050106052928800653 -0.03820976825248798 0.050109142547762164 0.00010931588779830196 0.038347051452944418 -0.050312739896459194 -0.050018009534762133 -0.034340941228324803 -0.0061800675703894891 -0.029117967843402776 0.052533333744566806 -0.019777769607650004 0.050568084231132973 0.050667096122507284 0.050782568578827972 0.049020606118429899 0.050296928622631049 0.050196360277534206 0.050005555900414972 -0.050063227035390789 0.050047880742681308 -0.050030666689940599 0.050023943887471736 -0.050005178486458107 -0.050004061182149839 0.0500123228865927 -0.050014049841556246 -0.050010024874881633 -0.050007095400632064
leaf_weight=0.032480021938681602 0.0061028153504594229 0.0081633372465148568 0.051399945979937911 0.011682225900585763 0.10511957807466388 0.032750411352026276 0.062260351995064411 0.0027434220028226255 0.026835219090571627 0.044680277118459344 0.15295576363132568 0.045897897332906723 0.010810562591359485 0.046811473002890125 0.012992870062589645 0.052469520909653511 0.018213503128208686 0.042361492894997355 0.01182236763270339 0.01071933036291739 0.017637452474446036 0.0037153004086576394 0.0063428428693441665 0.0031562015064992002 0.0059671508824976627 0.0020590699277818203 0.0054640742164337999 0.0055233685852726921 0.0022057132082409225 0.0024486649926984683
leaf_count=8 20 4 35 24 9 14 26 9 25 9 38 1 18 9 1 31 30 34 15 103 33 4 13 8 64 26 24 20 14 23
internal_value=-1.59399e-05 0.00272129 2.83642e-05 0.00281396 0.00968826 -0.00152012 -0.016025 0.00086793 0.018546 0.031847 -0.0172131 0.0450216 0.0165199 0.0397111 0.0146057 0.0460035 0.0510427 0.0499132 0.0500829 0.0500399 -0.0500354 0.0500165 -0.0500167 0.0500105 -0.0500122 -0.0500104 0.0500078 -0.0500163 -0.0500065 -0.0500057
internal_weight=0.843792 0.800013 0.756972 0.705572 0.516941 0.343295 0.188631 0.126371 0.0938907 0.173646 0.258075 0.128966 0.0224928 0.0670555 0.020244 0.0852199 0.106473 0.060575 0.0430406 0.0312182 0.0437793 0.0230549 0.0261419 0.0193396 0.019799 0.00725116 0.0161834 0.0116262 0.00817286 0.00450773
internal_count=692 528 370 335 208 92 127 101 93 116 47 107 42 68 59 45 65 64 158 143 164 139 131 135 118 58 127 40 78 49
is_linear=0
shrinkage=0.05


Tree=178
num_leaves=31
num_cat=0
split_feature=18 19 18 19 11 5 12 11 20 28 20 25 28 11 18 24 3 23 28 11 0 11 5 32 22 5 9 28 20 19
split_gain=0.044377 0.047392 0.0639746 0.0367066 0.0477124 0.0348374 0.0348141 0.0840202 0.0345667 0.0343493 0.0138603 0.0323039 0.0382764 0.0112 0.00720832 0.00341486 0.0105292 0.00177929 0.000228243 1.00424e-05 2.91105e-05 3.75376e-06 7.69322e-07 2.01686e-07 1.47778e-07 1.35481e-07 5.20408e-08 4.16517e-08 8.29665e-09 6.94375e-09
threshold=3128832.0000000005 144664.89062500003 90368.000000000015 12256.000000000002 4.6926512718200692 40976.000000000007 2.0500890016555791 5.1997933387756357 3.0000000000000004 275.50000000000006 146.00000000000003 0.6642267405986787 5.5000000000000009 4.1728971004486093 189696.00000000003 2.9301757812500004 6.5000000000000009 0.92482504248619091 35.500000000000007 2.7129473686218266 57308.000000000007 5.5418665409088144 5369.5000000000009 3.5000000000000004 184454.50000000003 18010.500000000004 3.5704451799392705 408.00000000000006 4006.0000000000005 110528.00000000001
decision_type=2 2 2 2 2 2 2 2 2 2 2 2 2 2 2 2 2 2 2 2 2 2 2 2 2 2 2 2 2 2
left_child=1 2 3 4 5 8 7 17 -1 14 11 -8 -13 -14 -9 23 29 -4 -5 20 -10 -16 -20 27 -23 28 -24 -12 -21 -17
right_child=-2 -3 6 18 -6 -7 10 9 19 -11 15 12 13 -15 21 16 -18 -19 22 25 -22 24 26 -25 -26 -27 -28 -29 -30 -31
leaf_value=0.050499536673620532 0.051019669569674769 -0.027078141929066775 -0.034275858025036576 -0.043363322485030116 0.041653961353903264 0.043289887406139066 0.041033297787411403 0.017330808937872959 -0.050011105632769642 -0.019635712927738032 0.050025190686109958 -0.050532605828044565 -0.00069377173439577275 0.050348429892657226 0.050958166114533222 0.050014843650792923 -0.038472152652762215 -0.050384290543179 -0.05051663720061516 -0.050028629692043962 -0.043238478854689247 0.050262723311539408 -0.050073604135334654 0.050241141347283171 0.050013840938157687 -0.050223528817488629 -0.050202155973784968 0.050155229537197449 -0.050101300280651254 0.050098618517891928
leaf_weight=0.0097941095009446144 0.040496053290553391 0.15833953258697875 0.028727256569254678 0.015168319558142684 0.040037340644630603 0.016171845214557834 0.078799597562465351 0.022040278752683662 0.0064475855906493962 0.0311201645527035 0.021973833318043035 0.02833230170654133 0.021933106865617447 0.021073444826470222 0.036898765712976456 0.0080816056506591849 0.0047222688444890073 0.0425102490989957 0.023050156945828348 0.010469346467289142 0.0021045118337497115 0.014943086542189121 0.016085324066807516 0.032099623364047147 0.0099262778021511622 0.042944157466990873 0.015419801813550293 0.0085553104872815311 0.0062856557924533254 0.0035643948431243197
leaf_count=1 8 33 31 23 8 12 27 13 53 14 67 4 21 22 2 57 6 14 9 48 21 3 38 23 78 35 5 6 4 6
internal_value=-9.56854e-06 -0.00266702 0.0035745 -0.0193564 -0.00407101 -0.0235017 0.0148371 -0.00122346 -0.0373416 0.025222 0.0278859 0.0189658 -0.00540949 0.0243172 0.0418789 0.0448391 0.0245045 -0.0438884 -0.0487887 -0.0499469 -0.0483445 0.0506382 -0.0502971 0.0501536 0.0501634 -0.0501765 -0.0501365 0.0500616 -0.0500559 0.0500405
internal_weight=0.818115 0.777619 0.61928 0.203978 0.134255 0.0942172 0.415302 0.186166 0.0780454 0.114929 0.229135 0.150138 0.0713389 0.0430066 0.0838084 0.078997 0.0163683 0.0712375 0.0697236 0.0682513 0.0085521 0.0617681 0.0545553 0.0626288 0.0248694 0.0596992 0.0315051 0.0305291 0.016755 0.011646
internal_count=692 684 651 257 182 174 394 155 162 110 239 74 47 43 96 165 69 45 75 161 74 83 52 96 81 87 43 73 52 63
is_linear=0
shrinkage=0.05


Tree=179
num_leaves=31
num_cat=0
split_feature=7 4 12 0 25 24 24 10 12 27 28 17 23 12 0 0 0 28 10 10 25 4 9 2 23 21 0 12 19 29
split_gain=0.0430603 0.0393921 0.03961 0.0790407 0.0341948 0.0618755 0.0321749 0.0321042 0.0282016 0.0354237 0.0380223 0.0281669 0.040197 0.0182133 0.00406819 0.00118356 0.000994054 2.09378e-06 4.46167e-07 3.50576e-07 6.8919e-08 6.65502e-08 3.94615e-08 4.47971e-08 2.77337e-08 2.03617e-08 7.85993e-09 5.65756e-09 5.63367e-10 4.39895e-10
threshold=2.5000000000000004 258.50000000000006 3.2052499055862431 2174036.0000000005 0.99957478046417247 0.99648618698120128 4.0291795730590829 6.4663562774658212 3.0123689174652104 1.5000000000000002 100.50000000000001 768.00000000000011 0.96286892890930187 2.490272164344788 239580.00000000003 129888.00000000001 224096.00000000003 71.500000000000014 6.0169811248779306 6.5644235610961923 0.9534277915954591 264.50000000000006 0.079586289823055281 17368.000000000004 0.97646722197532665 140300.00000000003 165536.00000000003 3.0688679218292241 24288.000000000004 1.0000000180025095e-35
decision_type=2 2 2 2 2 2 2 2 2 2 2 2 2 2 2 2 2 2 2 2 2 2 2 2 2 2 2 2 2 2
left_child=1 2 3 4 5 22 14 -7 9 -3 13 -12 15 17 -6 -13 -9 18 -11 -10 -21 -20 23 -1 27 -17 28 -22 -2 -23
right_child=26 8 -4 -5 6 7 -8 16 19 10 11 12 -14 -15 -16 25 -18 -19 21 20 24 29 -24 -25 -26 -27 -28 -29 -30 -31
leaf_value=-0.050195947951587883 -0.050011099397416693 -0.049652091366973572 -0.035203665049584644 0.050658390195176345 -0.028488184720893546 -0.0011036249320615676 0.0086918677975406488 0.05028640199551853 0.050436278579393146 0.050419213888329956 -0.050389684951796812 0.030631721323812866 -0.046790803823328987 -0.0028088354075688536 -0.050360831038931436 0.0500232671976008 0.038321842988918539 0.050753244774380528 0.050194922822022252 0.050250519220334168 0.050095072216932282 0.050030470512183067 -0.050222242632245777 -0.05001005488422261 0.050181488799682664 0.050120908868234684 -0.050060099000734118 0.050010923217726794 -0.050028834205592211 0.050008652474178711
leaf_weight=0.0076523600146174431 0.018064086194499396 0.022145411698147655 0.09134889199049212 0.067457729310262948 0.031298848232836463 0.08783445196604589 0.042708779976237565 0.035205764914280735 0.023565293755382299 0.016416849102824926 0.026180167827988043 0.011611440218985081 0.018648525583557785 0.020460382751480211 0.066272142081288621 0.016198507582885213 0.034248499548994005 0.035505706735420972 0.0076633403077721587 0.017049856352969073 0.0032577346282778308 0.0028777755360351884 0.027420213678851724 0.0056218002719106153 0.0064118332229554662 0.0079645371806691401 0.016775755855633179 0.0051631092428578995 0.005953857966233044 0.011714515916537493
leaf_count=2 118 7 15 14 38 21 20 19 3 2 10 2 6 33 20 46 21 23 2 10 7 7 7 49 2 9 33 38 13 95
internal_value=-6.2737e-06 0.00271515 -0.00545785 0.00123948 -0.00861583 0.00476572 -0.0275018 0.0189836 0.0187831 0.00993258 0.0174623 -0.00777413 0.0127261 0.0389561 -0.0433445 0.043751 0.0443866 0.050476 0.0502215 0.05029 0.050182 0.0500756 -0.050188 -0.0501172 0.0501031 0.0500555 -0.0500338 0.0500435 -0.0500155 0.050013
internal_weight=0.790698 0.749904 0.497069 0.405721 0.338263 0.197983 0.14028 0.157289 0.252835 0.197387 0.175242 0.0806032 0.054423 0.0946386 0.097571 0.0357745 0.0694543 0.0741782 0.0386725 0.0554478 0.0318825 0.0222556 0.0406944 0.0132742 0.0148327 0.024163 0.0407937 0.00842084 0.0240179 0.0145923
internal_count=692 528 226 211 197 119 78 61 302 242 235 73 63 162 58 57 40 129 106 60 57 104 58 51 47 55 164 45 131 102
is_linear=0
shrinkage=0.05


Tree=180
num_leaves=31
num_cat=0
split_feature=10 18 19 21 25 6 25 12 12 23 9 10 20 6 11 4 17 11 19 33 9 23 18 0 4 23 22 23 19 10
split_gain=0.0415489 0.0426649 0.0413199 0.0546819 0.0494638 0.0429744 0.0600305 0.0545255 0.0465328 0.0373192 0.0347531 0.0240395 0.0299928 0.0125032 0.0181894 0.00730672 0.00289339 0.00036446 0.000516308 5.85567e-07 2.45691e-07 8.14038e-08 7.57589e-08 5.8571e-08 5.44846e-08 2.74507e-08 9.66756e-09 3.58433e-09 3.00433e-09 5.80762e-10
threshold=7.3105976581573495 3128832.0000000005 144664.89062500003 311811.00000000006 0.99957478046417247 142606336.00000003 0.75166326761245739 2.8961431980133061 2.8891334533691411 0.33447265625000006 4.1499738693237314 6.5818047523498544 3.0000000000000004 276824064.00000006 5.9120540618896493 4754.5000000000009 2816.0000000000005 4.1728971004486093 26163.200195312504 2.5000000000000004 0.079586289823055281 0.97646722197532665 184832.00000000003 600716.00000000012 148.50000000000003 0.94377788901329052 78502.398437500015 0.018554687500000003 24857.599609375004 7.7570912837982187
decision_type=2 2 2 2 2 2 2 2 2 2 2 2 2 2 2 2 2 2 2 2 2 2 2 2 2 2 2 2 2 2
left_child=1 2 3 4 5 6 7 8 11 15 21 12 -1 14 -12 -6 17 18 -8 22 -14 23 25 24 -2 28 -16 -26 -11 -29
right_child=10 -3 -4 -5 9 -7 16 -9 -10 19 13 -13 20 -15 26 -17 -18 -19 -20 -21 -22 -23 -24 -25 27 -27 -28 29 -30 -31
leaf_value=0.050460609726243971 0.05021303525554556 0.051025648111366756 -0.033114313187217255 0.031428607297713435 -0.0081249169474139175 -0.050239452818266576 0.034186163404597188 -0.050404702963488993 0.052309601737800838 -0.050020956490266145 -0.050363484393973028 0.039371606391863732 -0.050013388277151988 -0.050417939715566157 0.050112190974491461 0.050030188961986612 0.028068975994445178 0.050447765759576262 0.050251928790832213 -0.050392993762937766 -0.050263573974580304 0.050210582258247552 -0.050202162997132482 0.050157008957118179 0.050063207699226876 -0.050119552314481855 0.050019732753248038 0.050023259539979603 -0.050066746182240246 0.050007970931093486
leaf_weight=0.0090448195114731789 0.0042246850207447997 0.032825401518493891 0.12553694532834925 0.10307423248013947 0.010262350857374258 0.034763604315230623 0.0099333569087320939 0.053449230123078451 0.042203042656183243 0.010519130377360852 0.0071651502512395373 0.015493050741497427 0.016377508400182705 0.013108946848660707 0.0044675120152533054 0.0114022441994166 0.026197753322776407 0.042862953276198823 0.010071096563478932 0.030590166454203427 0.024482267515850253 0.016440561346826144 0.022315933812933508 0.017629112233407795 0.0043608987762127063 0.026526381778239738 0.0077005431448924355 0.010469030661624856 0.0054320773779181755 0.015274257482815301
leaf_count=1 1 4 27 24 23 18 37 25 1 46 1 4 122 2 2 32 14 21 4 9 13 5 11 9 4 18 45 36 8 125
internal_value=-3.87785e-06 -0.00454944 -0.00744264 -0.00106098 -0.00939294 0.00185033 0.00909031 -0.00912596 0.0113787 -0.0367574 0.0298983 -0.0150352 -0.031926 -0.0127221 0.0128377 0.0224826 0.0420295 0.047847 0.0422744 -0.0502127 -0.0501633 0.0501136 -0.0501276 0.0500829 0.0500449 -0.0500884 0.0500537 0.0500213 -0.0500365 0.0500142
internal_weight=0.764204 0.663364 0.630538 0.505001 0.401927 0.284879 0.250115 0.16105 0.107601 0.117048 0.100841 0.0653976 0.0499046 0.0324422 0.0193332 0.0216646 0.0890652 0.0628674 0.0200045 0.0953837 0.0408598 0.0683985 0.0647935 0.051958 0.0343289 0.0424776 0.0121681 0.0301042 0.0159512 0.0257433
internal_count=692 462 458 431 407 260 242 166 141 147 230 140 136 50 48 55 76 62 41 92 135 180 83 175 166 72 47 165 54 161
is_linear=0
shrinkage=0.05


Tree=181
num_leaves=31
num_cat=0
split_feature=7 4 12 19 25 4 11 12 27 28 23 8 10 11 11 10 10 10 28 25 4 23 12 10 12 5 21 10 19 27
split_gain=0.0394576 0.0355265 0.0359428 0.0542844 0.0449401 0.04967 0.0325234 0.0260529 0.0322073 0.0347347 0.0243628 0.0246524 0.0226784 0.0172989 0.00121019 0.00118641 1.81319e-06 2.81474e-07 1.77909e-07 5.07257e-08 3.90041e-08 2.03873e-08 1.03504e-08 5.61047e-09 4.43859e-09 2.91749e-09 9.86812e-10 6.41497e-10 3.82043e-10 9.9221e-11
threshold=2.5000000000000004 258.50000000000006 3.2052499055862431 31004.444335937504 0.6642267405986787 34.500000000000007 4.7721533775329599 3.0123689174652104 1.5000000000000002 100.50000000000001 0.93412640690803539 5.5000000000000009 6.7254662513732919 3.9012377262115483 4.149954319000245 6.4772624969482431 6.6711206436157235 6.5644235610961923 75.500000000000014 0.9534277915954591 264.50000000000006 0.97646722197532665 1.1028670668601992 6.6222393512725839 3.0688679218292241 152501.50000000003 74139.000000000015 7.7570912837982187 24857.599609375004 7.5000000000000009
decision_type=2 2 2 2 2 2 2 2 2 2 2 2 2 2 2 2 2 2 2 2 2 2 2 2 2 2 2 2 2 2
left_child=1 2 3 12 -5 -6 -7 8 -3 13 11 14 15 -10 -11 18 -15 -9 -1 -19 -18 24 -20 25 -21 28 29 -22 -2 -24
right_child=23 7 -4 4 5 6 -8 17 9 10 -12 -13 -14 16 -16 -17 20 19 22 21 27 -23 26 -25 -26 -27 -28 -29 -30 -31
leaf_value=-0.050237190887118068 -0.050010013305196457 -0.049575347699512017 -0.034451873500734816 0.04622848181295354 0.027982650457974642 -0.045783816849611317 0.0065456050727954245 0.050402225937973333 -0.003266948462418295 0.050264879244968225 -0.047685679379185011 -0.033190096456853065 0.0070851166504354484 0.050603635034976474 0.030345204072547222 -0.033463472802155669 0.050191719644891386 0.050226601056451006 -0.050107596564581462 0.050087869476845751 0.050023993416048185 0.050164326715635491 -0.050015207047194324 -0.050071686072702751 0.0500099032400965 -0.05005215815042309 -0.050041815932127746 0.050004763603674597 -0.050023685306871117 -0.05000473086456772
leaf_weight=0.037874062894843519 0.016427991002274211 0.020301252734498121 0.086148017377126962 0.072499556932598352 0.093107164633693174 0.062125566269969568 0.056875323702115566 0.021908865310251713 0.01923413501936011 0.015168865618761629 0.025354594050440937 0.018271476488735061 0.027268748934147879 0.046885388961527497 0.015331212416640483 0.013186091666284483 0.0038051218725740901 0.015435268462169915 0.0043202445303904815 0.0029942354376544245 0.0092971315971226431 0.0058389476034790277 0.0040454715490341187 0.0071116409962996832 0.0046765427177888341 0.0064549211565463329 0.0031441389000974604 0.0081289701483910903 0.007416327287501189 0.0051214226405136287
leaf_count=13 119 7 15 4 29 23 28 3 24 18 8 22 20 9 25 9 1 10 4 7 35 2 14 8 38 10 4 93 27 63
internal_value=-4.73337e-06 0.00267524 -0.00529524 0.00132225 0.0122445 0.000628562 -0.0207735 0.0186317 0.00978144 0.0172439 -0.00792963 0.0127381 -0.031413 0.0386063 0.040252 -0.0469215 0.05043 0.050267 -0.0501773 0.0501647 0.0500467 0.0500939 -0.050041 -0.0500317 0.0500403 -0.0500223 -0.0500176 0.050015 -0.0500143 -0.0500094
internal_weight=0.735759 0.698348 0.465716 0.379568 0.284608 0.212108 0.119001 0.232632 0.181778 0.161477 0.0741261 0.0487716 0.0949602 0.0873507 0.0305001 0.0676914 0.0681166 0.0508539 0.0545053 0.028945 0.0212312 0.0135097 0.0166313 0.0374109 0.00767078 0.0302992 0.012311 0.0174261 0.0238443 0.00916689
internal_count=692 528 226 211 84 80 51 302 242 235 73 65 127 162 43 107 138 60 98 57 129 47 85 164 45 156 81 128 146 77
is_linear=0
shrinkage=0.05


Tree=182
num_leaves=31
num_cat=0
split_feature=10 27 7 18 4 10 11 19 9 11 10 14 27 23 28 10 18 25 18 18 28 23 2 3 33 10 10 19 20 23
split_gain=0.0382159 0.0430578 0.0374684 0.0288402 0.0403105 0.051827 0.062644 0.0372425 0.0118978 0.0077454 4.84137e-07 4.68524e-07 6.86115e-08 6.04638e-08 5.85883e-08 4.92291e-08 4.90163e-09 4.3245e-09 2.13444e-09 9.51849e-10 4.24605e-10 2.23916e-10 9.99112e-11 7.15355e-11 5.86942e-11 4.74914e-11 1.19131e-11 5.41167e-12 2.71465e-12 1.73989e-12
threshold=7.8300440311431894 8.5000000000000018 2.5000000000000004 87552.000000000015 264.50000000000006 6.2433390617370614 4.6414179801940927 12256.000000000002 3.1739019155502324 2.6771810054779057 7.6393072605133066 1.0000000180025095e-35 8.5000000000000018 0.018554687500000003 169.00000000000003 6.6795935630798349 101632.00000000001 1.1619126796722414 100096.00000000001 662016.00000000012 222.50000000000003 0.50390625000000011 17368.000000000004 5.5000000000000009 1.5000000000000002 5.7002520561218271 6.6439590454101571 12256.000000000002 183.50000000000003 0.96232482790946972
decision_type=2 2 2 2 2 2 2 2 2 2 2 2 2 2 2 2 2 2 2 2 2 2 2 2 2 2 2 2 2 2
left_child=1 2 3 7 5 -5 -7 -1 11 -3 15 -6 19 -13 17 18 22 21 24 20 23 26 25 29 -11 -4 -15 -27 -24 -2
right_child=12 9 16 4 8 6 -8 -9 -10 10 -12 13 -14 14 -16 -17 -18 -19 -20 -21 -22 -23 28 -25 -26 27 -28 -29 -30 -31
leaf_value=0.0028916875306969469 0.050004106084802991 0.007863711941311094 -0.050017581076442032 0.028586594538928929 0.050382799704955065 -0.042819178528883117 0.011594036512857904 -0.050253577379036865 0.014734283304586185 -0.050006415717183797 -0.050424659896192527 0.050215172427502536 0.050154583000292768 0.05001456644623601 0.050165201764355571 -0.050153790351568132 -0.050049973821734761 0.050059171123184677 -0.050048072335856446 0.050040126909919803 0.05002901480855753 0.05002516961831021 -0.050003278588901773 0.050011419075710141 -0.050016712260827059 -0.050009959576596985 0.050011650814532495 -0.050012637333264914 -0.05000611800579996 0.050005792207285772
leaf_weight=0.098211608987185173 0.007488712410122389 0.006459567008278099 0.0052007909980602562 0.11891221936093643 0.020024028606712818 0.095167477775248699 0.11907952072215267 0.049619608500506729 0.036431382046430372 0.0032519838096050071 0.016290637664496899 0.0085231047123670578 0.014957813313230872 0.0072427676350343972 0.011128762213047594 0.017932448121428024 0.017455390185205033 0.0085453989740926772 0.011941140048293164 0.0031450223759748033 0.0026003538805525741 0.0053608750458806744 0.0021392310845840248 0.0060504293360281744 0.002409568249277072 0.0035680738219525665 0.0067859642222174443 0.0040043196058832109 0.0013879072139388882 0.0019228089950047433
leaf_count=39 97 41 17 15 3 13 31 21 39 34 2 2 6 25 21 9 37 15 22 4 5 11 34 29 14 21 36 19 13 17
internal_value=-5.5042e-06 -0.00268037 0.00118941 0.00414481 0.0106002 0.00211585 -0.012576 -0.0149465 0.0377683 -0.0437641 -0.050199 0.0501799 0.0500726 0.0500945 0.0500682 -0.0500955 -0.0500316 0.0500295 -0.0500361 0.0500147 0.0500103 0.0500165 -0.0500118 0.0500072 -0.0500108 -0.0500139 0.0500132 -0.0500114 -0.0500044 0.0500045
internal_weight=0.713239 0.677074 0.618788 0.585033 0.437202 0.333159 0.214247 0.147831 0.104042 0.0582853 0.0518258 0.0676109 0.0361651 0.0475869 0.0390638 0.0355351 0.0337557 0.027935 0.0176027 0.0212073 0.0180623 0.0193896 0.0163003 0.015462 0.00566155 0.0127732 0.0140287 0.00757239 0.00352714 0.00941152
internal_count=692 534 412 271 211 59 44 60 152 122 81 113 158 110 108 79 141 87 70 152 148 72 104 143 48 57 61 40 47 114
is_linear=0
shrinkage=0.05


Tree=183
num_leaves=31
num_cat=0
split_feature=18 19 21 24 24 19 23 28 12 25 12 29 23 18 24 3 24 18 25 0 12 23 28 25 0 24 27 22 27 3
split_gain=0.0356879 0.0377127 0.0592641 0.0631861 0.047168 0.0661955 0.0541855 0.0335279 0.028509 0.0206547 0.00932084 0.00741094 0.00480281 0.0096377 0.000961949 0.000705398 0.000340372 0.000239987 4.34566e-06 3.75103e-06 2.20092e-06 5.18703e-07 2.27018e-07 7.33748e-08 2.91395e-08 2.10847e-08 3.0659e-10 8.20462e-11 4.27755e-11 3.18801e-11
threshold=3128832.0000000005 144664.89062500003 311811.00000000006 1.1890218853950503 0.99534550309181224 73881.601562500015 0.0053710937500000009 133.50000000000003 2.8258566856384282 0.44443522393703466 1.1916526556015017 1.0000000180025095e-35 0.33447265625000006 101120.00000000001 0.99800845980644237 3.5000000000000004 1.6098918914794924 210944.00000000003 0.90166568756103527 151032.50000000003 1.3779053092002871 0.22241210937500003 118.50000000000001 0.62656959891319286 504064.00000000006 2.1602253913879399 5.5000000000000009 10964.666503906252 7.5000000000000009 4.5000000000000009
decision_type=2 2 2 2 2 2 2 2 2 2 2 2 2 2 2 2 2 2 2 2 2 2 2 2 2 2 2 2 2 2
left_child=1 2 3 4 9 6 14 17 12 -1 -8 23 13 -5 -6 -12 -14 -4 -17 -20 -19 -22 25 27 26 -18 29 28 -11 -23
right_child=-2 -3 7 8 5 -7 10 -9 -10 11 15 -13 16 -15 -16 18 22 20 19 -21 21 24 -24 -25 -26 -27 -28 -29 -30 -31
leaf_value=0.04177042100552808 0.050807261997273347 -0.025775816325022266 0.041253432736067179 -0.050122633649643068 -0.027152748051639593 -0.044249867995145908 0.018438759414143843 -0.012537577120197771 0.029255526611722517 -0.050011654018739554 0.04215835467892512 -0.0091368413973768516 -0.041975340182727666 0.029477519623932719 -0.050347373484757721 0.050429312286730123 -0.050167057115568264 0.050745169524742173 0.04905081697834647 0.050132686250902773 0.050385731438053527 0.050004111471663039 -0.05028980919062296 -0.050172108126407516 0.050122981261667601 -0.050088121481058567 0.050022261359568221 -0.050019520684442556 -0.050003070481695715 0.050010241440730796
leaf_weight=0.0089386000472586602 0.032914246781729162 0.13816677738213912 0.0077801530060241922 0.0097810570514411665 0.0063357432518387205 0.034860890518757515 0.035598617680079769 0.028546995847136714 0.014938060030544875 0.0043355372545192949 0.041749929456273094 0.014721641357027693 0.015009218885097653 0.0062213640194386235 0.015180504793534055 0.049477954897156451 0.013479290457325988 0.034489927995309699 0.013574624470493291 0.019551849472918548 0.023904739238787442 0.0071469101530965418 0.040522091156162787 0.034869104380049976 0.0097130730282515287 0.02271804444535519 0.004007235686003697 0.0024452994985040277 0.0021819116627739277 0.0030161137692630291
leaf_count=3 8 33 27 26 30 9 15 13 30 27 6 19 14 25 31 30 16 21 22 25 4 93 33 22 4 34 14 7 36 15
internal_value=-1.11715e-05 -0.00253302 0.00358277 -0.00549068 0.00746916 0.0188543 0.0309768 0.0346799 -0.0354761 -0.0290232 0.0409975 -0.0398304 -0.0444519 -0.019176 -0.0435174 0.0474554 -0.0488614 0.0496471 0.0501326 0.0496894 0.0504408 0.0502211 -0.0502085 -0.0501393 0.0500563 -0.0501175 0.0500105 -0.0500117 -0.0500088 0.0500059
internal_weight=0.696178 0.663263 0.525096 0.406491 0.283822 0.21633 0.181469 0.118605 0.122669 0.0674921 0.159953 0.0585535 0.107731 0.0160024 0.0215162 0.124354 0.0917286 0.0900582 0.0826044 0.0331265 0.082278 0.0477881 0.0767194 0.0438319 0.0238833 0.0361973 0.0141703 0.00896275 0.00651745 0.010163
internal_count=692 684 651 460 282 168 159 191 178 114 98 111 148 51 61 83 97 178 77 47 151 130 83 92 126 50 122 70 63 108
is_linear=0
shrinkage=0.05


Tree=184
num_leaves=31
num_cat=0
split_feature=10 0 27 19 21 24 24 0 25 9 23 27 6 11 23 24 10 12 33 11 23 21 0 4 10 10 12 17 23 22
split_gain=0.0354743 0.0368512 0.0382434 0.0376655 0.0569183 0.0440503 0.0397781 0.0488725 0.0410719 0.0309375 0.0281443 0.0209364 0.0106825 0.0159459 0.0098847 0.00291331 0.00478959 7.71408e-06 3.6995e-07 8.47698e-08 5.44955e-08 5.40944e-08 4.02968e-08 3.56222e-08 3.38567e-08 1.24533e-08 7.8904e-09 5.01033e-09 2.53747e-09 2.03203e-09
threshold=7.3105976581573495 3290996.0000000005 7.5000000000000009 146562.03125000003 311811.00000000006 1.1890218853950503 0.99580129981040966 142640.00000000003 0.75166326761245739 4.1499738693237314 0.34765625000000006 3.5000000000000004 276824064.00000006 5.9120540618896493 0.15832519531250003 0.99668830633163463 6.7254662513732919 2.309736013412476 2.5000000000000004 5.4928717613220224 0.97646722197532665 14195.000000000002 600716.00000000012 148.50000000000003 6.6276571750640878 6.6112103462219247 1.137381434440613 6400.0000000000009 0.018554687500000003 16386.066894531254
decision_type=2 2 2 2 2 2 2 2 2 2 2 2 2 2 2 2 2 2 2 2 2 2 2 2 2 2 2 2 2 2
left_child=1 2 3 4 5 6 11 15 -9 20 14 21 13 -11 -7 -8 -17 -16 25 24 22 -1 23 -2 29 26 -12 -15 -25 -4
right_child=9 -3 19 -5 -6 10 7 8 -10 12 18 -13 -14 27 17 16 -18 -19 -20 -21 -22 -23 -24 28 -26 -27 -28 -29 -30 -31
leaf_value=-0.050216782794974706 0.050185223047413158 0.050232203339885206 -0.050007201516535552 -0.030350607864356546 0.040990979917062534 -0.017638601446443584 0.051493535978703389 -0.044880739757082705 0.027899183012766445 -0.050322375851344248 -0.050114528151884136 0.0096953084344192832 -0.050363253989950341 0.05008703600933502 0.047334799682124895 0.015708891546781355 0.050330973732526069 0.05003278373386838 -0.050341006175156945 -0.050261226535491248 0.050185588282208628 -0.050099486593734914 0.050139045802826146 0.050055902334609929 -0.050119263162962585 -0.050135318537472474 -0.050058527248752129 0.050016999117485209 0.050012278127192701 -0.050040528903247838
leaf_weight=0.02150310510842246 0.0036771225277334443 0.029267077799886465 0.0074121848265349391 0.10277202463475987 0.081146774973603897 0.011737165310478304 0.05058532758266665 0.04105380256078206 0.036726191727211699 0.0063651883974671355 0.010830958301085047 0.023143399248510832 0.011553432792425156 0.0044280378497205675 0.0048352239246014506 0.019511971575411735 0.020467839029151946 0.0058606290258467197 0.026228986287605949 0.0072471983439754686 0.014409204170078738 0.018105689305230044 0.015549052099231631 0.0039305971004068843 0.021167332190088928 0.019017651036847383 0.015002600437583169 0.0060324458172544837 0.021939054589893203 0.011943386638449738
leaf_count=21 1 8 89 14 16 8 5 25 24 1 7 22 2 3 25 27 22 18 7 3 5 33 9 4 15 10 35 44 161 28
internal_value=-7.60608e-06 -0.00445332 -0.00733034 -0.0033123 0.00353608 -0.00582697 0.00588964 0.0185547 -0.0105155 0.0296139 -0.034782 -0.028087 -0.0133432 0.0120768 0.014045 0.0435211 0.0334338 0.0488131 -0.0501918 -0.0501037 0.0501009 -0.0501632 0.0500739 0.0500396 -0.0500756 -0.0501046 -0.050082 0.0500466 0.0500189 -0.0500278
internal_weight=0.673451 0.585567 0.556299 0.508529 0.405757 0.324611 0.231097 0.168345 0.07778 0.0878841 0.0935132 0.0627522 0.0283791 0.0168257 0.022433 0.0905651 0.0399798 0.0106959 0.0710802 0.0477701 0.059505 0.0396088 0.0450958 0.0295468 0.0405229 0.0448512 0.0258336 0.0104605 0.0258697 0.0193556
internal_count=692 462 454 319 305 289 179 103 49 230 110 76 50 48 51 54 49 43 59 135 180 54 175 166 132 52 42 47 165 117
is_linear=0
shrinkage=0.05


Tree=185
num_leaves=31
num_cat=0
split_feature=18 19 21 24 24 19 23 12 29 9 12 23 20 24 17 24 14 27 24 21 12 11 0 5 18 23 33 12 5 9
split_gain=0.034088 0.03385 0.0522662 0.0563962 0.0414602 0.0587326 0.0483928 0.0301727 0.027365 0.0191053 0.0100499 0.00389479 0.00760155 0.00351924 0.0100843 0.000944143 0.000857149 0.000613601 0.000362101 5.23033e-05 3.46554e-05 9.21397e-06 2.80856e-05 3.23079e-06 9.42317e-07 8.9823e-07 2.90871e-07 2.11958e-07 8.85748e-08 3.05349e-08
threshold=3128832.0000000005 144664.89062500003 311811.00000000006 1.1890218853950503 0.99534550309181224 73881.601562500015 0.0053710937500000009 2.8386291265487675 3.5000000000000004 0.39593718945980078 1.1916526556015017 0.33447265625000006 74.000000000000014 24.539306640625004 1280.0000000000002 0.99800845980644237 1.0000000180025095e-35 5.5000000000000009 1.6098918914794924 361580.00000000006 2.8053920269012456 2.9365861415863042 59216.000000000007 79050.000000000015 87552.000000000015 0.9904722571372987 2.5000000000000004 2.7163579463958745 101063.00000000001 0.15775315463542941
decision_type=2 2 2 2 2 2 2 2 2 2 2 2 2 2 2 2 2 2 2 2 2 2 2 2 2 2 2 2 2 2
left_child=1 2 3 4 9 6 15 11 13 21 -8 12 -5 17 -15 -6 -12 19 -13 -4 -16 22 -1 24 -18 27 28 -21 -20 -26
right_child=-2 -3 8 7 5 -7 10 -9 -10 -11 16 18 -14 14 20 -17 23 -19 26 25 -22 -23 -24 -25 29 -27 -28 -29 -30 -31
leaf_value=-0.050009771591351664 0.050802350172490407 -0.025105376044629885 0.046224984376519167 -0.050114887834751987 -0.026654141579566359 -0.043709406622609671 0.016244607139205784 0.037052141792834031 -0.029684100109592645 0.0068733991041222704 0.040929495687453722 -0.041318702767297842 0.019437377691366248 -0.050163607462035797 0.042668336674080584 -0.050315246051591427 0.050550552875163739 0.039847394775577243 -0.050066457628468834 0.050071832899844362 0.050036372936211264 -0.050176182393180349 -0.04278480084746842 0.049583650912495031 0.050062279690732493 0.050716024946486693 -0.050325812054493539 0.050324718255195515 -0.050220559376291246 0.050161984142820304
leaf_weight=0.0053330710725276722 0.031413681572303176 0.13143049064092338 0.0088726561007206328 0.0097185072954744101 0.0060608808926190241 0.032061397672805469 0.034573873912449926 0.012856780445872573 0.014708387738210149 0.024055350317212287 0.038576677208766341 0.013791100114758592 0.0065937988620134993 0.0037178536585997799 0.0021074957039672881 0.013851334944774862 0.021375225856900215 0.020726634604216088 0.031344624123448739 0.011836207620945061 0.0065743532286433037 0.031774959246831713 0.0017987706269195769 0.022918278664292302 0.013012819239520468 0.013919015415012836 0.024827665896737017 0.027624491602182388 0.013273406751977745 0.018734653524006717
leaf_count=52 8 33 15 21 30 9 15 29 6 17 5 14 31 2 28 31 2 19 68 67 39 29 16 31 32 1 8 14 7 13
internal_value=-7.24846e-06 -0.00258975 0.00349146 -0.00536891 0.00725464 0.0183373 0.0301011 -0.0350313 0.0337968 -0.0281545 0.0398728 -0.0443408 -0.0220003 0.0435862 0.0187407 -0.0431133 0.0470001 0.0472989 -0.048719 0.0497798 0.0482478 -0.0498116 -0.0481875 0.0500798 0.0502939 0.0503707 -0.0501886 0.0502489 -0.0501123 0.0501211
internal_weight=0.649464 0.618051 0.48662 0.376533 0.264127 0.201165 0.169104 0.112406 0.110087 0.0629622 0.149192 0.0995491 0.0163123 0.0953787 0.0123997 0.0199122 0.114618 0.082979 0.0832368 0.0622524 0.00868185 0.0389068 0.00713184 0.076041 0.0531227 0.0533797 0.0694457 0.0394607 0.044618 0.0317475
internal_count=692 684 651 460 282 168 159 178 191 114 98 149 52 185 69 61 83 116 97 97 67 97 68 78 47 82 83 81 75 45
is_linear=0
shrinkage=0.05


Tree=186
num_leaves=31
num_cat=0
split_feature=10 18 27 3 25 5 2 32 10 12 4 12 4 4 10 32 10 3 27 10 21 18 4 4 3 20 24 18 21 24
split_gain=0.0331763 0.0344137 0.0351479 0.0389321 0.0477523 0.0451049 0.0490519 0.0387219 0.0354441 0.0250315 0.0166499 0.0159909 0.00868135 0.00331052 0.000190374 1.70647e-07 6.28067e-08 5.8423e-08 3.09236e-08 1.9196e-08 2.36297e-09 1.12797e-09 3.47327e-10 8.45445e-11 6.79789e-11 3.90221e-11 3.95525e-12 3.03902e-12 1.83155e-12 4.70833e-13
threshold=7.3105976581573495 3128832.0000000005 7.5000000000000009 3.5000000000000004 0.66238051652908336 177876.00000000003 17368.000000000004 1.5000000000000002 6.4869177341461191 1.482320308685303 264.50000000000006 1.4196273088455202 270.50000000000006 280.50000000000006 6.5818047523498544 1.5000000000000002 6.6664593219757089 3.5000000000000004 5.5000000000000009 6.303377866744996 65757.000000000015 662016.00000000012 4754.5000000000009 430.50000000000006 5.5000000000000009 1486.0000000000002 2.6580256223678593 88320.000000000015 402625.00000000006 0.99714457988739025
decision_type=2 2 2 2 2 2 2 2 2 2 2 2 2 2 2 2 2 2 2 2 2 2 2 2 2 2 2 2 2 2
left_child=1 2 3 4 -1 6 7 12 -9 -2 -10 -12 14 -13 -5 -8 20 -11 21 23 25 22 24 -17 28 26 29 -25 -19 -4
right_child=9 -3 16 5 -6 -7 15 8 10 17 11 13 -14 -15 -16 19 -18 18 -20 -21 -22 -23 -24 27 -26 -27 -28 -29 -30 -31
leaf_value=0.0023927990591668157 -0.0080305313511801393 0.050847543439018456 -0.050002704506786025 0.043871954460370927 -0.050582568716439763 0.04312969182000171 -0.050283010641036345 -0.050315750283836495 -0.024961898809206698 0.0501779924827652 0.050077754898645521 -0.019064121167298415 0.01038169012440408 0.014991637351759686 0.050243726780063593 -0.050015632246934533 -0.050150813023560427 0.050004486789312241 0.05010469066586818 -0.050108565030205138 -0.050042422172467363 0.050039821188990558 0.050027996825911338 -0.050002562692364333 0.050010757584710734 -0.050013572614070551 -0.050006391444096389 -0.050005924031945363 0.050002955790533182 -0.050003821504357115
leaf_weight=0.090689561242470518 0.028487357791163959 0.026771672419272363 0.0022383366595022372 0.018224965482659172 0.080119999460293911 0.068370816676178947 0.018016727546637412 0.036859615574940108 0.025496488437056541 0.014040317546459846 0.02857578411931172 0.01494758774060756 0.0219660610309802 0.013654861912073102 0.032857203950698022 0.0040806297402014016 0.023275095496501308 0.0037599347997456789 0.018987974101037253 0.019889270115527324 0.01414846158149885 0.0038580060936510554 0.0022372987587004891 0.0013679902731382754 0.0060231874376768255 0.0013322301747393794 0.0012696750927716494 0.001322506239375798 0.0040659386395418551 0.0016307341466017533
leaf_count=30 38 4 42 19 24 23 7 19 7 7 10 3 27 39 37 18 15 44 29 19 32 5 4 27 32 10 13 14 71 23
internal_value=-4.48013e-06 -0.00443694 -0.00728137 -0.00333699 -0.0224558 0.00734808 -0.00296306 0.0079871 -0.00953954 0.029765 0.00864008 0.0236236 0.0366673 -0.00280584 0.0479704 -0.0501641 -0.0500945 0.0500906 0.050059 -0.0500838 -0.050031 0.0500155 0.0500097 -0.0500111 0.0500068 -0.0500059 -0.050004 -0.0500042 0.0500037 -0.0500032
internal_weight=0.628566 0.547106 0.520335 0.47644 0.17081 0.305631 0.23726 0.192583 0.119534 0.08146 0.0826747 0.0571782 0.0730482 0.0286024 0.0510822 0.0446771 0.0438945 0.0529727 0.0389323 0.0266604 0.0206194 0.0199444 0.0160864 0.00677113 0.0138491 0.00647098 0.00513875 0.0026905 0.00782587 0.00386907
internal_count=692 462 458 323 54 269 246 161 78 230 59 52 83 42 56 85 135 192 185 78 120 156 151 59 147 88 78 41 115 65
is_linear=0
shrinkage=0.05


Tree=187
num_leaves=31
num_cat=0
split_feature=7 4 12 0 25 24 10 24 23 17 11 0 0 20 20 0 29 12 11 0 5 0 10 29 22 10 32 25 25 12
split_gain=0.0324285 0.0290211 0.0295238 0.0622671 0.0246028 0.0455784 0.0254585 0.0240836 0.0205363 0.0217888 0.0187439 0.0147781 0.00383965 0.0030978 0.000767643 9.37087e-05 6.39752e-07 5.95199e-08 1.12317e-08 1.42712e-08 1.31727e-08 4.2584e-09 1.97896e-09 4.88661e-10 1.94012e-10 1.06257e-10 5.54918e-11 2.68763e-11 2.41245e-11 7.60962e-12
threshold=2.5000000000000004 258.50000000000006 3.2052499055862431 2174036.0000000005 0.99957478046417247 0.99648618698120128 6.4663562774658212 4.0291795730590829 0.93412640690803539 1.0000000180025095e-35 5.3011872768402108 63668.000000000007 239580.00000000003 12348.000000000002 611.00000000000011 94740.000000000015 1.0000000180025095e-35 3.2236673831939702 3.3071039915084843 33808.000000000007 22877.500000000004 165536.00000000003 6.6433546543121347 4.5000000000000009 24558.546875000004 7.5057497024536142 1.5000000000000002 1.1415614485740664 0.53631320595741283 2.8258566856384282
decision_type=2 2 2 2 2 2 2 2 2 2 2 2 2 2 2 2 2 2 2 2 2 2 2 2 2 2 2 2 2 2
left_child=1 2 3 4 5 18 -7 12 9 -3 -10 -11 -6 15 -8 -13 -17 22 19 -1 28 24 -18 25 26 27 29 -24 -21 -2
right_child=21 8 -4 -5 7 6 14 -9 10 11 -12 13 -14 -15 -16 16 17 -19 -20 20 -22 -23 23 -25 -26 -27 -28 -29 -30 -31
leaf_value=-0.050189681412760395 -0.050012249726203217 -0.025101209176626223 -0.033858617473286383 0.050483801931458822 -0.025970302696251377 -0.0018726636751653916 0.038140394707526955 0.0082137520382542326 -0.031355815677352218 0.0025639979403065936 0.025970226904254896 0.044524580629442062 -0.050277267925355043 0.018613422293756659 0.050190387967121164 0.050342370353572065 0.050040433355425629 0.050193785427489625 -0.050169320321889865 -0.05001153100860533 -0.050129142434370166 -0.050049268164646145 0.050010619774708234 0.050027347248661938 -0.050019525966066014 0.050004222456648623 -0.050003814522784788 0.050015625538298518 -0.050003856645222639 -0.050009092972890558
leaf_weight=0.0037650575395673522 0.0040591544384369627 0.015917503507807851 0.072783413605066016 0.053760208946187049 0.023797036901669344 0.069717855447379407 0.026564446663542185 0.033905651558598038 0.032312066767190117 0.024154237238690257 0.025521949362882879 0.0081084877601824701 0.051208067437983118 0.0089313904645678122 0.026303985454433132 0.035068243865680415 0.0093853683647466823 0.0058829433364735442 0.017960975761525333 0.0020030795385537203 0.0048895947402343154 0.013091924618493067 0.0082780161392292939 0.0048643938498571506 0.0054133800003910429 0.0062349005747819311 0.0045926287202746607 0.0039661799382884064 0.0020951195438101422 0.0036041423009010032
leaf_count=1 20 8 15 14 38 21 15 20 28 5 24 2 20 22 25 16 21 18 6 12 2 33 47 10 19 87 72 14 37 20
internal_value=-5.77946e-06 0.00265925 -0.00514909 0.0014641 -0.00858625 0.00432301 0.0179696 -0.026757 0.0187521 0.0297228 -0.00605803 0.0373194 -0.0425653 0.0465731 0.0441357 0.0496263 0.0501878 0.0500474 -0.0501438 -0.050108 -0.0500737 -0.0500277 0.050021 0.0500132 -0.0500116 0.0500095 -0.0500082 0.0500122 -0.0500076 -0.0500108
internal_weight=0.608141 0.57738 0.388754 0.315971 0.262211 0.1533 0.122586 0.108911 0.188626 0.130792 0.057834 0.114874 0.0750051 0.0907199 0.0528684 0.0817885 0.07368 0.0386118 0.0307138 0.0127529 0.00898779 0.0307612 0.0327289 0.0233435 0.0176693 0.0184791 0.0122559 0.0122442 0.0040982 0.0076633
internal_count=692 528 226 211 197 119 61 78 302 250 52 242 58 237 40 215 213 197 58 52 51 164 179 158 131 148 112 61 49 40
is_linear=0
shrinkage=0.05


Tree=188
num_leaves=31
num_cat=0
split_feature=10 27 7 14 5 32 11 23 0 28 27 11 0 25 10 25 27 10 23 0 0 28 18 10 19 32 3 33 22 10
split_gain=0.0309463 0.0343487 0.0308226 0.0238059 0.0415215 0.0462681 0.0361873 0.0266185 0.0234912 0.0233594 0.0098584 0.0065877 0.000456383 3.48365e-07 2.32955e-07 5.45611e-08 4.46072e-08 2.69756e-08 9.95997e-09 3.67574e-09 1.23999e-09 4.35298e-10 3.39599e-10 1.85873e-10 1.81414e-10 4.08925e-11 3.3306e-11 3.03841e-11 4.88761e-12 1.16623e-12
threshold=7.8300440311431894 8.5000000000000018 2.5000000000000004 1.0000000180025095e-35 183292.00000000003 1.0000000180025095e-35 5.1032323837280282 0.84023436903953563 128332.50000000001 104.50000000000001 6.5000000000000009 2.6771810054779057 226816.00000000003 0.66238051652908336 7.6393072605133066 0.97418808937072765 8.5000000000000018 6.6795935630798349 0.19921875000000003 165536.00000000003 172644.00000000003 124.50000000000001 387072.00000000006 7.0505237579345712 24288.000000000004 1.5000000000000002 5.5000000000000009 1.5000000000000002 17956.571289062504 6.0779700279235849
decision_type=2 2 2 2 2 2 2 2 2 2 2 2 2 2 2 2 2 2 2 2 2 2 2 2 2 2 2 2 2 2
left_child=1 2 3 -1 5 13 7 8 -7 12 -10 -3 -8 -5 17 18 21 20 -15 24 27 22 26 -20 25 29 -2 -13 -27 -4
right_child=16 11 19 4 -6 6 9 -9 10 -11 -12 14 -14 15 -16 -17 -18 -19 23 -21 -22 -23 -24 -25 -26 28 -28 -29 -30 -31
leaf_value=-0.010847809523405713 0.050003452514073836 0.0089168367912564449 -0.05001125689518731 0.050404001802530962 0.048042876905543347 -0.049732569025534662 0.039993016556297056 -0.050242809683891845 -0.012529991995400225 -0.013516849413526686 0.027431155729728679 -0.050005005170808352 0.050369310902488862 0.050098416139780499 -0.050335218331453317 0.050189960089844048 0.050137465304886678 -0.050127483758363692 0.050022159659938017 -0.050048218229291487 -0.050040633916606174 0.050028906432496946 0.05002822577365678 0.050008209797783712 -0.050020725609463072 -0.050003257448223731 0.050008999714181913 -0.050013424187061208 -0.050006837223385552 -0.050010012562415121
leaf_weight=0.17289139772765338 0.0072171831197920255 0.0053198747154965522 0.0037828932909178548 0.015810225158929825 0.064421359653351828 0.021559336397331208 0.019744837889447808 0.051358498887566384 0.026565955551632214 0.027546153869479895 0.036831031284236815 0.0025093565163842877 0.022873001234984258 0.0058356474328320482 0.012972652912139893 0.011748904071282595 0.012507854960858822 0.014689604344312102 0.0050408778624841943 0.012074934300471796 0.009737535729072988 0.0033527652703924096 0.0019231459300499418 0.0045371941960183904 0.0040274093480547881 0.0027678673941409215 0.0043289684545015916 0.0018705221445998177 0.0014546118873113301 0.0037492839401238598
leaf_count=27 114 41 20 2 24 26 5 19 14 16 39 34 37 4 2 6 6 9 15 27 22 7 4 37 12 48 27 14 14 20
internal_value=-2.77653e-06 -0.00261708 0.00112341 0.00405072 0.0122573 0.00301562 -0.00680813 -0.0218256 -0.00464656 0.0223678 0.0106858 -0.0434867 0.045562 0.0502174 -0.0501593 0.0501088 0.050066 -0.0500801 0.0500469 -0.0500275 -0.0500307 0.0500128 0.0500088 0.0500156 -0.0500116 -0.0500084 0.0500055 -0.0500086 -0.0500045 -0.0500106
internal_weight=0.591051 0.561721 0.514621 0.486764 0.313873 0.249452 0.206479 0.136315 0.0849563 0.070164 0.063397 0.0470995 0.0426178 0.0429728 0.0417797 0.0271626 0.0293299 0.028807 0.0154137 0.027857 0.0141174 0.0168221 0.0134693 0.00957807 0.0157821 0.0117547 0.0115462 0.00437988 0.00422248 0.00753218
internal_count=692 534 412 271 244 220 156 98 79 58 53 122 42 64 81 62 158 79 56 141 70 152 145 52 114 102 141 48 62 40
is_linear=0
shrinkage=0.05


Tree=189
num_leaves=31
num_cat=0
split_feature=10 18 27 5 5 6 12 11 9 23 3 17 27 11 12 6 23 10 10 11 3 23 10 22 22 20 10 21 10 23
split_gain=0.0298193 0.0310195 0.0320962 0.0340216 0.04436 0.0402191 0.0391195 0.0318175 0.0252857 0.0190707 0.0293073 0.0418506 0.0124645 0.00978724 0.0232689 0.00896988 0.0112868 0.000597055 3.24002e-07 5.33397e-08 3.73973e-08 3.35005e-08 2.01223e-08 3.16658e-09 1.24988e-09 8.15392e-10 6.88499e-10 5.57361e-10 1.43594e-10 1.21066e-10
threshold=7.3105976581573495 3128832.0000000005 7.5000000000000009 862222.00000000012 77060.500000000015 10518528.000000002 2.9888230562210087 5.2175934314727792 4.1499738693237314 0.87636020779609691 3.5000000000000004 1.0000000180025095e-35 1.5000000000000002 5.1032323837280282 2.2728075981140141 276824064.00000006 0.97694799304008495 6.6276571750640878 7.2844328880310067 5.4928717613220224 3.5000000000000004 0.92722573876380932 6.6276571750640878 78502.398437500015 16386.066894531254 15.500000000000002 6.3735568523406991 784892.00000000012 7.6122586727142343 0.96329522132873546
decision_type=2 2 2 2 2 2 2 2 2 2 2 2 2 2 2 2 2 2 2 2 2 2 2 2 2 2 2 2 2 2
left_child=1 2 3 4 5 7 12 9 20 10 -1 18 -6 14 -14 16 23 -16 26 22 -2 25 24 -10 -4 -22 -12 28 -27 -25
right_child=8 -3 19 -5 6 -7 -8 -9 15 -11 11 -13 13 -15 17 -17 -18 -19 -20 -21 21 -23 -24 29 -26 27 -28 -29 -30 -31
leaf_value=-0.050125523615463401 0.050162156361407195 0.050778526224631949 -0.050006065056591234 -0.050867420951361431 0.049042955296268981 -0.050209328828885673 -0.01341531625877489 0.048588820583319398 0.05007918407804085 -0.050184553600637519 -0.050008316719127081 0.037309693173263728 -0.034190878293944411 0.042633512410044788 0.032576576375389799 -0.050296445834657644 -0.040525340136509019 0.050091231422580096 -0.050436581411042271 -0.050224038910660476 0.05004036748532547 0.05011283274641179 -0.050101262014447034 0.050008789177416205 -0.050034817129521028 0.050018929686189852 -0.050036700439367837 0.0500339513409793 0.050005946587734974 0.050024257818458207
leaf_weight=0.023509375401772559 0.012867895602539647 0.024279567645862699 0.0060934526663913849 0.034537225612439215 0.065541936492081732 0.059175076854444342 0.066681061121926177 0.026180302855209447 0.0031573714222759008 0.025961260489566484 0.0068309000380395446 0.052031129220267758 0.020619124756194651 0.025165188242681324 0.0091020599647890776 0.0095042497850954533 0.0058774099452421078 0.010454541879880708 0.0085810758173465729 0.0061961686005815855 0.003179586070473305 0.017620313137740595 0.017649813584284857 0.0028888834567624144 0.009954945016943384 0.0026590548950480306 0.003108878358034417 0.0025714940275065592 0.010698032634536503 0.0022501407729578204
leaf_count=26 7 4 89 4 13 39 16 6 2 23 65 38 28 12 8 2 2 37 1 3 5 30 15 35 28 8 7 4 126 9
internal_value=-3.22484e-07 -0.0043523 -0.00715629 -0.00324118 0.000840996 -0.0154303 0.0177558 -0.00135359 0.0297943 -0.0122474 -0.00177665 0.0143342 0.0336366 0.0181829 0.00286762 -0.0127149 0.0124854 0.0419395 -0.0502115 -0.0500892 0.0500888 0.0500631 -0.0500644 0.0500398 -0.0500239 0.0500172 -0.0500172 0.0500126 0.0500085 0.0500156
internal_weight=0.574928 0.501653 0.477374 0.437479 0.402942 0.205378 0.197564 0.146203 0.0732744 0.120023 0.0940614 0.070552 0.130883 0.0653409 0.0401757 0.0236781 0.0141738 0.0195566 0.0185209 0.0398944 0.0495964 0.0367285 0.0336982 0.0082964 0.0160484 0.0191082 0.00993978 0.0159286 0.0133571 0.00513902
internal_count=692 462 458 323 319 205 114 166 230 160 137 111 98 85 73 50 48 45 73 135 180 173 132 46 117 143 72 138 134 44
is_linear=0
shrinkage=0.05


Tree=190
num_leaves=31
num_cat=0
split_feature=7 4 12 0 18 24 10 27 12 27 17 24 10 11 10 17 6 22 4 10 10 12 0 24 9 10 0 9 19 10
split_gain=0.0285934 0.0256241 0.0260864 0.0545726 0.0230155 0.0497959 0.0436274 0.0332766 0.0197041 0.0248883 0.0224777 0.0273193 0.0188575 0.0110998 0.0160451 0.00862536 0.00292239 0.00397604 5.61999e-07 1.54775e-07 1.21856e-07 2.70082e-08 2.09109e-08 2.04459e-08 8.47315e-09 8.07047e-09 3.10037e-09 2.91161e-10 1.8413e-10 1.51225e-10
threshold=2.5000000000000004 258.50000000000006 3.2052499055862431 2174036.0000000005 90368.000000000015 0.99908766150474559 6.4663562774658212 6.5000000000000009 3.0123689174652104 1.5000000000000002 1.0000000180025095e-35 3.1013135910034184 7.3712267875671396 3.059562206268311 6.7254662513732919 6400.0000000000009 4227072.0000000009 41438.400390625007 270.50000000000006 5.9489688873291025 6.5644235610961923 3.2236673831939702 41728.000000000007 0.99920049309730541 3.3905515670776372 6.8003742694854745 165536.00000000003 4.3252396583557138 24288.000000000004 7.6989610195159921
decision_type=2 2 2 2 2 2 2 2 2 2 2 2 2 2 2 2 2 2 2 2 2 2 2 2 2 2 2 2 2 2
left_child=1 2 3 4 13 -6 -7 -8 9 -3 -11 15 -13 14 22 16 18 -18 19 -12 -10 -22 -1 -15 -25 -21 28 -27 -2 -14
right_child=26 8 -4 -5 5 6 7 -9 20 10 11 12 29 23 -16 -17 17 -19 -20 25 21 -23 -24 24 -26 27 -28 -29 -30 -31
leaf_value=-0.050169725507751173 -0.050007380338667057 -0.049585937334267277 -0.032921034378092365 0.050445794556180791 0.05145452285332594 -0.050296269538845417 0.033371432447379078 -0.026832218305485218 0.050306698978355435 -0.050313540797288739 0.050295829405345049 -0.050215501268908835 0.050019832534275936 -0.050141935887996772 0.050396206835650992 0.0024773927485449397 -0.0041301065549781092 0.050021374879782809 0.050476588151176442 0.050089202456295646 0.050042202330023391 0.050163958204871517 -0.050006755294338394 -0.050037263139002523 -0.050102134356712173 0.050008017645848835 -0.050044719137172122 0.050027846328964745 -0.050019841962881631 0.050003151813668135
leaf_weight=0.0033716273028403521 0.011542609456228092 0.015770975900522899 0.068074012524448335 0.047520221793092787 0.037840871489606798 0.0507762236520648 0.052959298525820486 0.040509540849598125 0.016686163144186139 0.011132985120639205 0.011649976950138807 0.017272879864322022 0.0019469045801088205 0.02023519144859165 0.0077999858185648909 0.014263863904488971 0.0064246947295032442 0.0071758705817046575 0.027664370194543153 0.0084551721956813708 0.0065952828044828484 0.014720635786943603 0.0047291663759096991 0.009739745673869038 0.010417532888823189 0.0037830888177268198 0.011631323439360131 0.0036256029561627656 0.0039885648002382377 0.004497532489040168
leaf_count=1 118 7 15 14 18 21 30 17 3 7 2 7 5 8 1 34 11 31 4 15 34 23 60 35 6 33 33 7 13 79
internal_value=-1.30539e-06 0.00258369 -0.0051042 0.00151912 -0.00823428 0.000404184 -0.0129882 0.00727908 0.018436 0.00940363 0.0172949 0.0243451 -0.0229829 -0.0361762 -0.000789533 0.0378622 0.0452006 0.0244411 0.0503175 0.0501574 0.0502055 0.0501263 -0.0500746 -0.0501064 -0.0500708 0.0500558 -0.0500252 0.0500177 -0.0500106 0.0500082
internal_weight=0.552802 0.525639 0.353973 0.285899 0.238379 0.182086 0.144245 0.0934688 0.171666 0.133664 0.117893 0.10676 0.0237173 0.0562932 0.0159008 0.0830426 0.0687788 0.0136006 0.0551782 0.0275138 0.0380021 0.0213159 0.00810079 0.0403925 0.0201573 0.0158639 0.0271625 0.00740869 0.0155312 0.00644444
internal_count=692 528 226 211 197 86 68 47 302 242 235 228 91 111 62 137 103 42 61 57 60 57 61 49 41 55 164 40 131 84
is_linear=0
shrinkage=0.05


Tree=191
num_leaves=31
num_cat=0
split_feature=10 27 7 11 5 12 6 18 22 20 24 11 27 6 12 28 9 10 20 27 27 0 4 19 28 32 5 2 10 22
split_gain=0.0277927 0.0302562 0.0277131 0.0260514 0.0281459 0.0624799 0.0237512 0.0198154 0.0558654 0.0149123 0.0232847 0.0130618 0.0111314 0.00852331 0.000612025 3.2016e-05 4.87924e-05 3.8966e-07 4.3374e-08 3.54981e-08 1.19064e-08 2.68107e-09 3.17373e-10 1.50835e-10 1.4525e-10 2.48528e-11 6.06457e-12 3.53708e-12 8.66422e-13 4.24969e-13
threshold=7.8300440311431894 7.5000000000000009 2.5000000000000004 5.1997933387756357 57463.000000000007 3.2052499055862431 10518528.000000002 345088.00000000006 47176.984375000007 1561.0000000000002 0.99915826320648204 3.6899331808090214 9.5000000000000018 142606336.00000003 2.8801944255828862 235.50000000000003 2.0881394147872929 6.6711206436157235 2424.0000000000005 16.500000000000004 8.5000000000000018 165536.00000000003 270.50000000000006 24288.000000000004 393.00000000000006 1.5000000000000002 10142.500000000002 17368.000000000004 6.0779700279235849 202543.00000000003
decision_type=2 2 2 2 2 2 2 2 2 2 2 2 2 2 2 2 2 2 2 2 2 2 2 2 2 2 2 2 2 2
left_child=1 2 3 4 6 7 9 8 14 10 -1 12 -3 17 -6 16 -13 -5 -19 20 22 23 -2 25 26 28 -14 -27 -4 -24
right_child=19 11 21 13 5 -7 -8 -9 -10 -11 -12 15 24 -15 -16 -17 -18 18 -20 -21 -22 -23 29 -25 -26 27 -28 -29 -30 -31
leaf_value=-0.017288890411452044 0.050017842726868988 0.043548174520544936 -0.050009832039459717 0.050455747318170034 0.039022530025185936 -0.027968650451580881 -0.050223978746267786 0.050385931337971292 -0.036039813370346882 -0.030006968762711847 0.043683118970516098 -0.043821685299496746 -0.050002634468326618 0.014190790507227814 0.051451869177849885 -0.050180675829126255 -0.050089640052900189 0.05020755349090035 0.050055982593554031 0.050199912605728661 0.050088565979823446 -0.050044044364115081 0.050003538218700898 -0.050019259071352566 -0.050022045847647148 -0.050005870858671086 -0.050007189608321817 -0.050002659799125132 -0.050008680068100754 0.050002703541150141
leaf_weight=0.035154215951479273 0.0084775705072388519 0.0081299476296408102 0.0032826595706865191 0.016514852643013 0.013954291771369753 0.070079438621178269 0.040506586934498046 0.063770831620786339 0.033804339094785973 0.03720610192976892 0.028235068075446179 0.0057555525509087602 0.0026253970063407914 0.03028305503539741 0.034122397781175096 0.032507366599020315 0.0067416468045848887 0.0085641339574067388 0.010515195201151073 0.0039663733914494506 0.0075832113507203749 0.010657957420335151 0.0025665803659649109 0.0036907620087731638 0.0015831241325940937 0.0015022592888271902 0.0010124909895239398 0.0019985090730187949 0.0032465353106090333 0.0037575503411062527
leaf_count=29 38 7 20 2 38 10 19 16 15 18 33 27 54 10 26 25 13 4 37 1 5 25 39 12 4 16 12 42 20 75
internal_value=1.09303e-06 -0.00260883 0.00181079 0.00480029 -0.000533049 0.0108237 -0.0178965 0.0294884 0.013213 -0.00487919 0.00986947 -0.0364696 0.00696165 0.0336891 0.0478442 -0.0493538 -0.0472029 0.0502779 0.050124 0.050062 0.0500376 -0.0500252 0.0500115 -0.0500106 -0.0500094 -0.0500074 -0.0500039 -0.050004 -0.0500093 0.050003
internal_weight=0.531796 0.505445 0.447089 0.422711 0.356833 0.215731 0.141102 0.145652 0.081881 0.100595 0.0633893 0.0583555 0.013351 0.0658772 0.0480767 0.0450046 0.0124972 0.0355942 0.0190793 0.0263513 0.0223849 0.0243787 0.0148017 0.0137207 0.00522101 0.01003 0.00363789 0.00350077 0.00652919 0.00632413
internal_count=692 534 392 257 204 105 99 95 79 80 62 142 77 53 64 65 40 43 41 158 157 135 152 110 70 98 66 58 40 114
is_linear=0
shrinkage=0.05


Tree=192
num_leaves=31
num_cat=0
split_feature=10 21 19 5 0 21 6 12 28 12 25 24 32 12 10 28 12 21 32 0 0 4 12 25 28 0 23 25 24 23
split_gain=0.0275921 0.0267446 0.0282555 0.0369324 0.0291006 0.0506994 0.027988 0.0283982 0.0214656 0.0161747 0.0115179 0.0114874 0.0185174 0.00158252 0.00369473 0.000742203 1.27093e-05 4.51848e-05 1.31277e-07 5.37784e-08 3.61931e-08 2.52404e-08 7.36985e-09 4.8223e-09 5.66239e-10 3.4528e-10 3.68139e-11 1.34952e-11 7.52782e-12 4.58552e-13
threshold=7.3105976581573495 3128524.0000000005 144664.89062500003 77060.500000000015 226816.00000000003 364938.00000000006 10518528.000000002 2.0387133359909062 275.50000000000006 3.0937794446945195 0.9500412940979005 0.99915826320648204 1.0000000180025095e-35 2.865266084671021 6.6433546543121347 87.500000000000014 2.3592357635498051 22765.000000000004 2.5000000000000004 157580.00000000003 553848.00000000012 148.50000000000003 2.8434805870056157 0.9534277915954591 222.50000000000003 466432.00000000006 0.35839843750000006 0.53631320595741283 2.5667613744735722 0.96232482790946972
decision_type=2 2 2 2 2 2 2 2 2 2 2 2 2 2 2 2 2 2 2 2 2 2 2 2 2 2 2 2 2 2
left_child=1 2 3 6 13 -6 7 10 20 11 -1 16 -13 14 -5 -14 17 27 22 23 21 -2 -18 -8 25 26 -23 -9 -28 -30
right_child=8 -3 -4 4 5 -7 19 9 -10 -11 -12 12 15 -15 -16 -17 18 -19 -20 -21 -22 24 -24 -25 -26 -27 28 -29 29 -31
leaf_value=0.045124393650557273 0.050121631391859024 0.050669167386070219 -0.032287033401806019 0.005610414326333431 -0.038210479779267011 0.037050703212427066 -0.050131141663152738 -0.050008925092140714 -0.010647997217948686 0.043854930319671255 0.0011805729281135074 0.035162559372708034 -0.029707381678080753 0.047987783395592273 0.050091840569630168 -0.050200482872204535 -0.050131930705442945 -0.038701269071443473 -0.050295278078441454 -0.05022014425311945 0.05013464184294078 0.05000973388623986 -0.050070138350517268 -0.050088727255060507 0.050032107455730515 0.050021495950159978 0.050005911406352493 -0.050003097014451395 0.050002715548814462 0.050003782733861579
leaf_weight=0.027453573238744866 0.0071800909936428061 0.020982309710234404 0.08860059616563376 0.0082332582569506485 0.045280697719135787 0.044239226226636674 0.012191795933176763 0.0022243819767027153 0.02164942299714312 0.0078373207070399076 0.032639656466926681 0.013433936241199262 0.0073494382722856235 0.045864837469707709 0.010781778910313733 0.01107780159873073 0.0087731831590645015 0.001133045312599279 0.01484537747091963 0.017577186132257339 0.015969449188560247 0.0038398616125050475 0.010723295854404569 0.014881042145134415 0.0033389910095138467 0.004597046041453722 0.0031859204755164683 0.0017946651714737527 0.005038218674599193 0.0012578982568811625
leaf_count=7 3 4 27 15 28 13 9 21 13 5 35 22 20 33 30 29 15 17 21 9 10 30 25 38 8 18 30 39 101 17
internal_value=6.36145e-06 -0.00444252 -0.00715105 -0.00056864 0.0174619 -0.00101768 -0.0157039 -0.00466108 0.0301733 -0.0243278 0.0212563 -0.0318167 -0.00948088 0.0429597 0.030832 -0.0420271 -0.0498358 -0.0475201 -0.0501832 -0.050152 0.0500744 0.0500406 -0.0500979 -0.0501078 0.0500132 0.0500097 0.0500056 -0.0500063 0.0500039 0.0500029
internal_weight=0.513975 0.447918 0.426936 0.338335 0.1544 0.0895199 0.183936 0.139286 0.0660569 0.0791924 0.0600932 0.0713551 0.0318612 0.0648799 0.019015 0.0184272 0.0394939 0.00515209 0.0343419 0.04465 0.0444075 0.028438 0.0194965 0.0270728 0.0212579 0.0179189 0.0133219 0.00401905 0.00948204 0.00629612
internal_count=692 462 458 431 119 41 312 256 230 214 42 209 71 78 45 49 138 77 61 56 217 207 40 47 204 196 178 60 148 118
is_linear=0
shrinkage=0.05


Tree=193
num_leaves=31
num_cat=0
split_feature=10 18 27 15 11 5 2 32 10 9 4 9 9 4 6 23 5 25 9 32 15 23 10 10 22 23 22 20 18 23
split_gain=0.0258256 0.0253284 0.0276417 0.0308799 0.0404335 0.0359628 0.036071 0.0303383 0.0266988 0.021996 0.0120144 0.0127613 0.00855286 0.0119032 0.00784476 0.0098226 0.00278368 0.00030233 9.97359e-08 3.18639e-08 2.60126e-08 2.13813e-08 1.34873e-08 6.08475e-09 2.62857e-09 2.58001e-09 8.00582e-10 6.59787e-10 3.08208e-10 7.47398e-11
threshold=7.3105976581573495 3128832.0000000005 7.5000000000000009 3.5000000000000004 3.5302884578704838 177876.00000000003 17368.000000000004 1.5000000000000002 6.4869177341461191 4.1499738693237314 264.50000000000006 3.4144024848937993 0.01840079948306084 667.00000000000011 276824064.00000006 0.97694799304008495 22589.000000000004 0.94289657473564159 3.5704451799392705 1.5000000000000002 3.5000000000000004 0.92722573876380932 6.6276571750640878 6.303377866744996 78502.398437500015 0.84340819716453563 16386.066894531254 15.500000000000002 391424.00000000006 0.96329522132873546
decision_type=2 2 2 2 2 2 2 2 2 2 2 2 2 2 2 2 2 2 2 2 2 2 2 2 2 2 2 2 2 2
left_child=1 2 3 4 -1 6 7 12 -9 20 -10 16 13 -5 15 24 -12 -14 23 -4 -2 27 26 25 -11 -8 -21 -22 -29 -26
right_child=9 -3 19 5 -6 -7 18 8 10 14 11 -13 17 -15 -16 -17 -18 -19 -20 22 21 -23 -24 -25 29 -27 -28 28 -30 -31
leaf_value=0.0033544913616877139 0.050143104884265211 0.050636248598031501 -0.050191210263453349 0.050028830848656038 -0.050469789508582164 0.043049800977696888 -0.050006364051189613 -0.05024094901278392 -0.024016291617437194 0.050074372463434283 -0.019247640367676913 0.049914452581180227 0.050256880671137677 -0.050033434860397852 -0.050258291636476021 -0.039909936964379562 0.015276887712346008 0.042033532848903168 -0.050260386538919621 -0.050005134502589768 0.050037232004756044 0.050097650861481741 -0.050089263812636522 -0.050083277717915792 0.05000732619639188 -0.050071543546336916 -0.050030229646535654 0.050006685520912142 0.050024859774183486 0.050020592610415429
leaf_weight=0.074732620691065677 0.011466698320873547 0.019971639092545956 0.0052333949206513344 0.0057927586603909731 0.065449831694422755 0.055500473768915981 0.0046587648103013626 0.028572014474775642 0.020545753839542158 0.0029660896398127079 0.012686685266089626 0.021546512602071743 0.023691791444434784 0.0061037128398311324 0.0082920771092176437 0.005210696195717901 0.01081631013948936 0.021159150302992202 0.0092737376689910889 0.0050636572359508145 0.0028469486496760501 0.015299141810828587 0.015353762646554969 0.016934027869865531 0.0023992586757231038 0.0022522010040120222 0.0085347132298920769 0.010460373900059494 0.0030023109866306194 0.0019042996646021493
leaf_count=32 7 4 4 21 22 23 60 19 7 2 5 10 17 21 2 2 37 24 2 89 5 30 15 20 35 3 27 130 8 9
internal_value=8.94998e-06 -0.00436017 -0.00701386 -0.00313686 -0.0217755 0.00777106 -0.00286824 0.00750159 -0.00990137 0.0296989 0.00766977 0.0221208 0.0363802 -0.00131003 -0.0125621 0.0124837 -0.00335911 0.0463774 -0.0501213 -0.0500777 0.0500786 0.0500552 -0.0500571 -0.0500671 0.0500382 -0.0500276 -0.0500209 0.0500154 0.0500107 0.0500132
internal_weight=0.497721 0.433874 0.413902 0.379716 0.140182 0.239534 0.184033 0.150915 0.0941673 0.0638479 0.0655953 0.0450495 0.0567474 0.0118965 0.0207724 0.0124803 0.023503 0.0448509 0.0331187 0.0341855 0.0430755 0.0316088 0.0289521 0.023845 0.00726965 0.00691097 0.0135984 0.0163096 0.0134627 0.00430356
internal_count=692 462 458 323 54 269 246 161 78 230 59 52 83 42 50 48 42 41 85 135 180 173 131 83 46 63 116 143 138 44
is_linear=0
shrinkage=0.05


Tree=194
num_leaves=31
num_cat=0
split_feature=7 0 19 18 12 11 19 3 25 28 19 21 22 21 9 3 22 0 10 19 25 12 22 10 19 18 19 0 24 10
split_gain=0.0250778 0.0214606 0.0309831 0.0330884 0.0246873 0.0477247 0.022562 0.0243204 0.0233969 0.018274 0.0117312 0.0373911 0.00565424 0.00509817 0.00406807 0.00974732 0.00078447 1.05325e-05 6.62603e-07 3.02126e-07 1.63044e-07 3.25497e-08 3.15094e-08 5.29437e-09 2.37004e-09 2.34005e-09 3.13423e-10 2.83452e-10 1.51377e-10 8.93836e-11
threshold=2.5000000000000004 3290996.0000000005 144664.89062500003 85248.000000000015 2.0500890016555791 5.1997933387756357 12256.000000000002 3.5000000000000004 0.9534277915954591 275.50000000000006 64682.666015625007 328390.50000000006 22986.221679687504 189214.50000000003 0.39593718945980078 5.5000000000000009 137511.87500000003 94740.000000000015 6.8392329216003427 53248.000000000007 0.97292596101760875 3.2236673831939702 184454.50000000003 7.3712267875671396 47978.666015625007 146944.00000000003 22446.730468750004 157580.00000000003 2.7689521312713627 7.8484237194061288
decision_type=2 2 2 2 2 2 2 2 2 2 2 2 2 2 2 2 2 2 2 2 2 2 2 2 2 2 2 2 2 2
left_child=1 2 3 6 5 -5 7 -1 14 13 12 -12 -6 -7 15 -9 -13 -14 -15 21 -18 25 -20 -22 26 27 -2 -19 -24 -25
right_child=24 -3 -4 4 10 9 -8 8 -10 -11 11 16 17 18 -16 -17 20 19 22 -21 23 -23 28 29 -26 -27 -28 -29 -30 -31
leaf_value=-0.050127090504157139 -0.050006408545024944 0.050148247969868033 -0.024983729623494863 -0.042937691775085544 0.010643093940630359 0.0066764336253699362 -0.05016473181387409 0.050331102800044061 -0.033496222984022592 -0.0171252301226399 -0.037468356590971134 0.030837121550426418 0.051465804108474435 0.050529592664538187 0.05029109272303274 -0.050005796114498714 0.05029024993461273 0.050026527475441666 0.050155775236404465 0.050381568600576021 0.050077766665010084 0.05015921491527018 0.050020356553453327 0.050015710614624932 -0.050045724534300964 0.05005226117375932 -0.050020695579560008 0.050008061844875988 0.050002479993816032 0.050002615191499837
leaf_weight=0.018061066162772477 0.0095131185880745761 0.022573269467102364 0.095630635027191602 0.040533999155741185 0.010200656171946321 0.0080918086678138934 0.033380805489287013 0.0065352357923984528 0.015769697813084349 0.017539672000566497 0.021211454295553267 0.0064067788880493018 0.02766994945704937 0.020645804703235626 0.025537609966704622 0.0038443437151727267 0.017197625245898962 0.0034728038626781199 0.012718845042400062 0.011512831697473302 0.0061956355348229408 0.0073931336446548803 0.0018562373297754666 0.0027102808016934432 0.0078566403517470462 0.0086464690393768251 0.0064356055590906172 0.0051751718056038953 0.0032710351697460283 0.0025096042172663147
leaf_count=8 116 12 26 34 35 8 28 1 27 13 10 20 1 2 9 59 3 17 5 3 4 6 9 12 16 19 32 34 70 53
internal_value=7.13835e-06 0.00261729 0.0001435 0.00725091 0.0176139 -0.000470351 -0.0163593 -0.000180271 0.0172728 0.0263743 0.032139 0.0149203 0.0452107 0.0427527 0.0395632 0.0131688 0.0466519 0.0507314 0.0503367 0.05017 0.050193 0.0500714 0.0501136 0.0500465 -0.0500232 0.0500339 -0.0500122 0.0500155 0.050009 0.0500094
internal_weight=0.480098 0.456292 0.433719 0.338089 0.23496 0.104657 0.103129 0.069748 0.0516869 0.0641234 0.130302 0.0562314 0.074071 0.0465837 0.0359172 0.0103796 0.0350199 0.0638704 0.0384919 0.0362004 0.0286131 0.0246876 0.0178461 0.0114155 0.0238054 0.0172944 0.0159487 0.00864798 0.00512727 0.00521989
internal_count=692 528 516 490 358 141 132 104 96 107 217 102 115 94 69 60 92 80 86 79 72 76 84 69 164 70 148 51 79 65
is_linear=0
shrinkage=0.05


Tree=195
num_leaves=31
num_cat=0
split_feature=10 18 27 5 5 6 11 18 0 9 23 25 10 24 6 23 0 10 10 5 24 32 3 0 23 9 10 22 22 23
split_gain=0.0241597 0.0243153 0.0253889 0.0281061 0.0423967 0.0307994 0.025067 0.023049 0.0707651 0.0205355 0.0151742 0.0321272 0.0118727 0.0146471 0.00732891 0.00911503 0.00154913 0.00794174 5.39556e-05 3.13274e-07 3.07061e-08 2.6393e-08 2.53748e-08 2.19863e-08 1.69459e-08 1.39577e-08 1.04702e-08 2.37281e-09 6.45962e-10 4.50453e-10
threshold=7.3105976581573495 3128832.0000000005 7.5000000000000009 509383.00000000006 77060.500000000015 10518528.000000002 5.2175934314727792 345088.00000000006 226816.00000000003 4.1499738693237314 0.87636020779609691 0.88982105255126964 5.2499759197235116 0.99915826320648204 276824064.00000006 0.97694799304008495 106412.00000000001 6.6406595706939706 7.0505237579345712 183292.00000000003 0.96293500065803539 1.5000000000000002 3.5000000000000004 220928.00000000003 0.92722573876380932 0.076000668108463301 6.6276571750640878 78502.398437500015 16386.066894531254 0.026367187500000003
decision_type=2 2 2 2 2 2 2 2 2 2 2 2 2 2 2 2 2 2 2 2 2 2 2 2 2 2 2 2 2 2
left_child=1 2 3 4 5 6 10 8 16 22 11 12 -1 18 15 27 -6 -18 20 23 -14 -4 -2 -19 29 -22 28 -11 -23 -24
right_child=9 -3 21 -5 7 -7 -8 -9 -10 14 -12 -13 13 -15 -16 -17 17 19 -20 -21 25 26 24 -25 -26 -27 -28 -29 -30 -31
leaf_value=0.039280105010072751 0.050140087171825887 0.050625477558399079 -0.050179416842223018 -0.039757333552960204 0.051392274933247301 -0.050158738893717039 0.04832567288789974 0.050269563879228277 -0.044777737944651924 0.050071960846662635 -0.050145252975483862 0.044876385453334236 -0.050187087266755283 0.021601101505310766 -0.050241560314504656 -0.039383767998468183 -0.0054214880825800629 0.05001296237575649 -0.045448436813773155 0.050436745417752907 -0.050007506725413209 -0.050004666855469275 0.050035672777863874 0.050139205725132252 0.050090270619443968 -0.050100806843373813 -0.05008231594773771 0.050012107138568754 -0.050028213098190381 0.050010494779521436
leaf_weight=0.0063090161420404902 0.011132689200167079 0.01914264599326998 0.0048697845413698806 0.045917465497041121 0.026357177644968033 0.045727315651674871 0.020587844133842736 0.047752721467986703 0.038558444215595955 0.002870228374376893 0.020910226754494943 0.024583181824709754 0.0082074829297198448 0.0093152853260107804 0.0077412521932274094 0.0049142056959681213 0.0088161242965725251 0.009650257521570893 0.0081154182844329625 0.008584250696003437 0.0059140035882592193 0.00459947292074503 0.0020625641773222023 0.0053669165790779525 0.014266159221733687 0.012441724964446621 0.014156349927361589 0.0039136595696618315 0.0079426982556469738 0.012804923149815295
leaf_count=4 7 4 4 14 1 39 6 13 14 2 23 31 7 17 2 2 15 56 5 1 59 89 4 4 30 14 15 44 27 139
internal_value=1.45875e-05 -0.00437462 -0.00711155 -0.00327087 0.00218284 -0.0153896 -0.00172885 0.0218174 0.00785849 0.0297015 -0.0124862 -0.00197078 -0.0248651 -0.034064 -0.0125017 0.0124728 0.0423898 0.0350704 -0.0490166 0.0501958 -0.0501067 -0.0500724 0.0500759 0.0500581 0.0500513 -0.0500707 -0.0500528 0.0500374 -0.0500196 0.050014
internal_weight=0.463531 0.403826 0.384683 0.353115 0.307197 0.162111 0.116384 0.145086 0.0973332 0.0597057 0.0957963 0.0748861 0.0503029 0.0439939 0.0194393 0.0116981 0.0587747 0.0324175 0.0346786 0.0236014 0.0265632 0.0315683 0.0402663 0.0150172 0.0291336 0.0183557 0.0266985 0.00678389 0.0125422 0.0148675
internal_count=692 462 458 323 309 205 166 104 91 230 160 137 106 102 50 48 77 76 85 61 80 135 180 60 173 73 131 46 116 143
is_linear=0
shrinkage=0.05


Tree=196
num_leaves=31
num_cat=0
split_feature=18 4 12 27 4 32 5 9 11 12 24 26 9 28 11 9 0 20 20 11 9 5 4 28 23 21 0 5 0 11
split_gain=0.0215911 0.0231318 0.0323881 0.0457087 0.0198483 0.0237491 0.0234025 0.0205689 0.0188199 0.0246509 0.0123676 0.00846148 0.00588326 0.000742246 0.000192255 0.000134782 1.35771e-07 4.72658e-08 5.52054e-08 4.64344e-08 1.63451e-08 1.079e-08 2.3398e-09 2.09376e-09 1.42831e-09 3.59925e-10 2.01342e-10 2.00238e-10 5.41957e-11 2.66071e-11
threshold=3128832.0000000005 258.50000000000006 2.8961431980133061 2.5000000000000004 280.50000000000006 1.5000000000000002 23767.000000000004 3.126909732818604 5.1997933387756357 2.7163579463958745 2.6682128906250004 1.0000000180025095e-35 0.099957302212715163 55.000000000000007 3.0853250026702885 4.3745036125183114 140820.00000000003 88.000000000000014 2424.0000000000005 4.524306297302247 3.5796490907669072 46969.000000000007 20808.000000000004 62.500000000000007 0.75439453125000011 100043.00000000001 196248.00000000003 111544.00000000001 395776.00000000006 3.2165720462799077
decision_type=2 2 2 2 2 2 2 2 2 2 2 2 2 2 2 2 2 2 2 2 2 2 2 2 2 2 2 2 2 2
left_child=1 2 3 12 5 14 20 11 9 13 -8 -7 -1 -5 -3 16 -9 -16 24 23 22 -21 26 -15 28 -25 29 -18 -19 -6
right_child=-2 4 -4 8 6 7 10 15 -10 -11 -12 -13 -14 19 17 -17 27 18 -20 21 -22 -23 -24 25 -26 -27 -28 -29 -30 -31
leaf_value=0.011452743222679362 0.050539252148391695 0.042312121301163873 -0.036734775770309626 -0.034026494721153266 -0.050004259890753758 -0.05019080507569177 -0.01915066421708058 0.050361120502764083 0.0042665120976858551 0.045506950977632313 0.04783464793813566 0.0034776678113239133 0.041031345221204496 -0.050064522282824847 0.050235356545964963 0.038125852795597916 0.050003071354933253 0.050007679036055623 0.050187104731307303 -0.050165739434464889 -0.050114922751226247 -0.050113132207342426 -0.050057424017083851 -0.050005065780561297 0.05005489064110788 -0.050026732632537832 -0.050025060732562535 0.050023864163641754 0.050017988440048247 -0.050011134321398032
leaf_weight=0.025533269530569669 0.020184398832498118 0.0093987681393628009 0.084540917414415162 0.0083652709254238289 0.0030143049880280159 0.015464853873709217 0.012262347197975032 0.0071192099712789059 0.049050680740037933 0.0080484076352149714 0.015730203842394985 0.013986381449285545 0.049214976790608489 0.0024251131108030686 0.020563958445563912 0.0028630140441237026 0.002345046583286603 0.0030266287576523609 0.015784370903929812 0.019084890638623619 0.0099014156294288114 0.019920895289033069 0.0045748912962153563 0.0059553118499025004 0.00309180512704188 0.0028264093925827183 0.0022835851596028078 0.0022871668334119022 0.0022024320423952304 0.0026406033266539453
leaf_count=20 8 35 38 11 50 8 16 1 26 7 37 39 36 2 5 30 57 40 12 17 7 23 4 99 11 8 15 5 8 17
internal_value=1.62896e-05 -0.00239164 -0.0109804 0.000453541 0.013507 0.0266063 -0.0119947 -0.000639835 -0.0192382 -0.0365425 0.0184912 -0.0247037 0.0309276 -0.0478158 0.048812 0.047854 0.050224 0.0501797 0.0501322 -0.0501131 -0.0500669 -0.0501389 -0.0500289 -0.0500234 0.050028 -0.050012 -0.0500125 0.0500133 0.050012 -0.0500075
internal_weight=0.443692 0.423507 0.274966 0.190425 0.148541 0.0981336 0.0504074 0.0440657 0.115677 0.0666263 0.0279926 0.0294512 0.0747482 0.0585779 0.054068 0.0146144 0.0117514 0.0446692 0.0241052 0.0502126 0.0224148 0.0390058 0.0125134 0.0112068 0.00832087 0.00878172 0.00793849 0.00463221 0.00522906 0.00565491
internal_count=692 684 287 249 397 251 146 140 193 167 53 47 56 160 111 93 63 76 71 149 93 40 86 109 59 107 82 62 48 67
is_linear=0
shrinkage=0.05


Tree=197
num_leaves=31
num_cat=0
split_feature=7 4 22 11 28 23 11 12 27 28 22 17 23 11 3 25 23 23 4 10 3 25 23 28 20 0 10 10 22 0
split_gain=0.0226027 0.0193641 0.0190463 0.0289307 0.0255105 0.0330378 0.0241617 0.0154079 0.0187468 0.0187112 0.0166193 0.0129851 0.0171336 0.0125548 0.00311982 0.00132182 0.000244226 2.46154e-07 6.75877e-08 4.33927e-08 1.28112e-08 1.21953e-08 4.09399e-09 3.35635e-09 2.36179e-09 1.57673e-09 8.54725e-10 1.658e-10 1.02108e-10 3.84138e-11
threshold=2.5000000000000004 258.50000000000006 11371.409179687502 3.3624733686447148 2.0000000000000004 0.60693359375000011 5.1997933387756357 3.0123689174652104 1.5000000000000002 80.500000000000014 8667.3334960937518 768.00000000000011 0.96286892890930187 4.5471630096435556 6.5000000000000009 0.97418808937072765 0.85925292968750011 0.9904722571372987 264.50000000000006 6.5644235610961923 4.5000000000000009 0.9534277915954591 0.97646722197532665 114.50000000000001 1650.0000000000002 165536.00000000003 7.5057497024536142 7.7570912837982187 24558.546875000004 448512.00000000006
decision_type=2 2 2 2 2 2 2 2 2 2 2 2 2 2 2 2 2 2 2 2 2 2 2 2 2 2 2 2 2 2
left_child=1 2 20 -4 -5 13 16 8 -3 14 -11 -12 15 -6 17 -13 -7 18 -10 -9 -1 -21 26 -17 -22 28 -23 29 -2 -20
right_child=25 7 3 4 5 6 -8 19 9 10 11 12 -14 -15 -16 23 -18 -19 27 21 24 22 -24 -25 -26 -27 -28 -29 -30 -31
leaf_value=-0.050108125053634447 -0.050005881329810292 -0.049498264294368002 0.041200323104021851 -0.031897860637703244 0.0041839743931348572 -0.041881646987042012 0.0072129894185992138 0.050229044122810387 0.05018261347156288 0.050307286913799903 -0.050186444037368709 0.017093604971236336 -0.044074830923446044 0.050193904349162981 0.0076897219346369408 0.050008172154404187 -0.050151381241051951 0.050423809450902246 0.050012448611501482 0.050143536979732978 -0.050005484080073562 0.050052540175409901 0.050097773031808762 0.050064654441051029 -0.050074274278524449 -0.050036457931656002 0.050005068288501466 0.050002217936754578 -0.050015633826766451 0.050019736914173857
leaf_weight=0.015094443515408784 0.0081175852774322266 0.012007066419755574 0.034923468112538103 0.073204290878493339 0.024543261097278446 0.015435832683579065 0.048210258188191801 0.012440621620044112 0.013193294405937195 0.011915178038179874 0.017071718088118359 0.0042782746131706526 0.010020196044933982 0.037451532632985618 0.0049947729712584979 0.0056368018667853903 0.021175516198127298 0.0083342501893639565 0.0036793127510463819 0.0096581346806488 0.004705587878561345 0.0015633701259503132 0.003525035222992301 0.0049310048489132896 0.0016979950396489585 0.0093165605776448501 0.0024096289707813412 0.0031056151892698836 0.004009593179944205 0.0035544499587558676
leaf_count=8 112 7 11 12 20 26 27 3 4 2 12 20 7 27 23 41 18 1 28 10 74 4 2 6 3 33 41 78 19 13
internal_value=1.67052e-05 0.0026417 -0.00488739 -0.00107629 -0.00778678 0.00423527 -0.0160421 0.0183716 0.00921312 0.0169842 -0.00180306 -0.0166084 0.00644439 0.0319789 0.0444315 0.0405418 -0.0466648 0.0501903 0.0501076 0.0501579 -0.050083 0.0501064 0.0500585 0.0500345 -0.0500237 -0.050021 0.0500237 0.0500119 -0.0500091 0.050016
internal_weight=0.430205 0.408761 0.276442 0.254944 0.220021 0.146816 0.0848216 0.132319 0.102722 0.0907149 0.0538532 0.041938 0.0248663 0.0619948 0.0368617 0.0148461 0.0366113 0.0318669 0.0235327 0.0295968 0.021498 0.0171562 0.00749803 0.0105678 0.00640358 0.0214437 0.003973 0.0103394 0.0121272 0.00723376
internal_count=692 528 226 141 130 118 71 302 242 235 88 86 74 47 147 67 44 124 123 60 85 57 47 47 77 164 45 119 131 41
is_linear=0
shrinkage=0.05


Tree=198
num_leaves=31
num_cat=0
split_feature=10 18 19 18 12 11 19 11 10 20 9 10 0 10 4 20 10 32 10 11 23 12 14 32 4 10 25 20 4 22
split_gain=0.021781 0.0222233 0.0229287 0.0251046 0.0203664 0.0308402 0.0180645 0.0213514 0.0190607 0.0171447 0.0103698 0.0102359 0.0253036 0.00627348 0.00335808 0.0012674 0.000142747 3.1817e-06 1.32507e-07 8.50485e-08 2.0124e-08 1.59012e-08 1.42911e-08 5.9406e-09 1.83498e-09 1.3012e-09 2.98877e-09 2.26068e-10 1.55658e-10 4.23805e-11
threshold=7.8300440311431894 3128832.0000000005 144664.89062500003 89344.000000000015 2.0500890016555791 5.1997933387756357 12256.000000000002 4.6926512718200692 6.6222393512725839 3.0000000000000004 3.8456391096115117 6.4542245864868173 106412.00000000001 5.9489688873291025 270.50000000000006 1486.0000000000002 6.6112103462219247 1.5000000000000002 6.8392329216003427 3.6153231859207158 1.0035824179649355 3.2236673831939702 1.5000000000000002 5.5000000000000009 20808.000000000004 5.6330096721649179 1.1902375817298891 224.00000000000003 270.50000000000006 11176.366699218752
decision_type=2 2 2 2 2 2 2 2 2 2 2 2 2 2 2 2 2 2 2 2 2 2 2 2 2 2 2 2 2 2
left_child=1 2 3 6 5 15 7 8 9 -1 -7 12 -6 -14 16 -5 -13 -8 -18 -19 23 27 25 28 29 -11 -27 -20 -2 -24
right_child=20 -3 -4 4 11 10 17 -9 -10 22 -12 14 13 -15 -16 -17 18 19 21 -21 -22 -23 24 -25 -26 26 -28 -29 -30 -31
leaf_value=0.050246977932254668 0.050014214324371635 0.050556699697580011 -0.028362087508534459 -0.030696195024600949 0.051218123307179335 0.040414856126757444 -0.04911904465331101 0.040712763663152213 0.050229477618095347 -0.050110951955839582 -0.0047376279286712583 0.043874992303941401 -0.050167498334735938 -0.0027590715216548826 0.018326939576747178 -0.05017616260807526 0.050299090711399146 -0.050255224754236084 0.050028133302582448 -0.050055156120690773 0.050165795362167712 0.050132326782140663 -0.050003937863780094 0.050070463225900634 -0.050052912380620498 -0.05006588796983083 -0.050110520931665049 0.05000750906150319 0.050002221347153167 -0.050014896208556418
leaf_weight=0.00489110592752695 0.0066641521079873201 0.018733999982941896 0.083460457535693422 0.013626172005388071 0.023217478767037392 0.025899825486703776 0.011391162093786988 0.018791224629239878 0.0074837019274127661 0.0086714344142819755 0.02498016875324538 0.012930425989907235 0.009851610979239922 0.023923899392684689 0.012130158684158232 0.021563307074757176 0.016481200465932488 0.010574632829957409 0.0024332803004654124 0.01067335933475988 0.0032939857337623826 0.0067222564684925601 0.0049505430415592855 0.0061583628412336102 0.0031648097792640328 0.0080656997070036596 0.0070111484874360039 0.0029269283659232315 0.0045547058216470759 0.0010736478561739204
leaf_count=1 38 6 31 27 1 13 29 8 7 8 37 8 14 37 38 18 4 8 19 33 1 4 102 5 3 25 20 25 114 8
internal_value=1.83057e-05 -0.00259596 -0.00523802 0.0013392 0.0115961 -0.00664399 -0.019514 -0.00409693 -0.0226798 -0.0371037 0.0182467 0.0257884 0.011035 -0.0165871 0.0414686 -0.0426331 0.0482337 -0.0497933 0.0502069 -0.0501547 0.0500525 0.0500811 -0.050075 0.050031 -0.0500221 -0.0500955 -0.0500866 0.0500169 0.0500093 -0.0500059
internal_weight=0.416295 0.395624 0.37689 0.293429 0.196687 0.0860695 0.0967425 0.0641033 0.0453121 0.0378284 0.05088 0.110617 0.056993 0.0337755 0.0536243 0.0351895 0.0414941 0.0326392 0.0285637 0.021248 0.0206712 0.0120825 0.0329373 0.0173772 0.009189 0.0237483 0.0150768 0.00536021 0.0112189 0.00602419
internal_count=692 534 528 497 245 95 252 182 174 167 50 150 52 51 98 45 60 70 52 41 158 48 166 157 113 53 45 44 152 110
is_linear=0
shrinkage=0.05


Tree=199
num_leaves=31
num_cat=0
split_feature=7 10 27 14 5 6 10 11 23 3 11 27 21 25 12 19 10 20 23 27 5 10 4 21 19 3 10 19 25 23
split_gain=0.0208164 0.018666 0.0274978 0.0208163 0.0299804 0.0222864 0.0179649 0.0146322 0.0296858 0.0132704 0.0101865 0.00741732 0.0070624 0.00671342 0.004993 1.32751e-05 1.33682e-07 1.8102e-08 1.73159e-08 5.11322e-09 1.46121e-09 1.89268e-10 1.33938e-10 6.89296e-11 6.70413e-11 9.95175e-12 5.73243e-12 1.01685e-12 7.75435e-13 2.29686e-13
threshold=2.5000000000000004 7.8300440311431894 7.5000000000000009 1.0000000180025095e-35 177876.00000000003 10518528.000000002 6.6112103462219247 5.2175934314727792 0.87636020779609691 5.5000000000000009 3.6899331808090214 9.5000000000000018 88109.500000000015 0.94082018733024608 1.6455619335174563 94656.000000000015 6.6711206436157235 2424.0000000000005 1.0035824179649355 8.5000000000000018 115486.00000000001 6.6222393512725839 270.50000000000006 74139.000000000015 24857.599609375004 5.5000000000000009 5.7002520561218271 11315.200195312502 0.58791324496269237 0.93701171875000011
decision_type=2 2 2 2 2 2 2 2 2 2 2 2 2 2 2 2 2 2 2 2 2 2 2 2 2 2 2 2 2 2
left_child=1 2 3 -1 5 7 -7 8 9 -5 11 -4 -11 -14 -8 -12 -9 -18 19 22 21 24 -3 -13 25 26 -2 -27 -28 -24
right_child=20 18 10 4 -6 6 14 16 -10 12 15 23 13 -15 -16 -17 17 -19 -20 -21 -22 -23 29 -25 -26 27 28 -29 -30 -31
leaf_value=-0.011194400141789757 -0.050008381551970987 0.050013519501767967 0.043637766515274068 0.040489595204054651 0.050235024900285474 -0.050156559587410034 -0.0082119074402258775 0.050323309369089055 -0.04931398489710314 -0.0502512587476052 -0.04816533238936492 -0.050002006681129613 0.050027806939944401 -0.026852133423356607 0.040271526686349222 -0.050152947491033995 0.050157183379729464 0.05004415116240718 0.050157681843960002 0.050067025058988683 -0.050039044046798223 -0.05002553497938883 0.05000187270329548 -0.050016573078872861 -0.050013739869240327 -0.05000157104673926 -0.050005908168833185 -0.050003688788169902 -0.050004378267311134 0.050002664419549772
leaf_weight=0.12114628567360342 0.0023544823270640336 0.0063392233205377124 0.0058648605700000189 0.039504238218796672 0.046507216378813609 0.027440359350293875 0.014121615560725331 0.01163759408518672 0.018034153181361035 0.0070420883130282155 0.014124236337011098 0.0018723973662417848 0.0059685313935915474 0.0054166420777619351 0.0085105192047194578 0.020730601754621603 0.0064494320758967669 0.0078575883817393333 0.0031338301487267009 0.0058584081125445655 0.0066371416742185821 0.0017559477164468271 0.0030170576937962323 0.0014342871145345271 0.0034292446744075286 0.0011909915556316264 0.0016821168683236465 0.0010815940422617132 0.0016316310830006842 0.0013155216420273064
leaf_count=27 18 38 5 38 24 19 8 2 11 9 33 54 24 17 37 16 4 37 1 5 15 6 88 5 24 40 15 20 26 26
internal_value=2.12932e-05 0.00260127 3.56117e-05 0.00513829 0.0151068 0.00435741 -0.0229577 0.0177784 0.00670625 0.0241454 -0.0370103 0.00987485 -0.0108931 0.0134512 0.0100197 -0.0493475 0.0501975 0.0500951 0.0500499 0.0500295 -0.0500199 -0.0500103 0.0500089 -0.0500083 -0.0500079 -0.0500054 -0.0500065 -0.0500026 -0.0500052 0.0500021
internal_weight=0.40309 0.383327 0.363663 0.319636 0.19849 0.151983 0.0500725 0.10191 0.0759657 0.0579315 0.0440264 0.00917155 0.0184273 0.0113852 0.0226321 0.0348548 0.0259446 0.014307 0.019664 0.0165302 0.0197631 0.013126 0.0106718 0.00330668 0.0113701 0.00794082 0.00566823 0.00227259 0.00331375 0.00433258
internal_count=692 528 370 257 230 206 64 142 99 88 113 64 50 41 45 49 43 41 158 157 164 149 152 59 143 119 59 60 41 114
is_linear=0
shrinkage=0.05


Tree=200
num_leaves=31
num_cat=0
split_feature=18 10 5 5 19 18 6 11 28 23 25 5 25 23 12 10 11 12 12 25 18 19 24 6 19 5 28 12 25 10
split_gain=0.0198036 0.0213316 0.0212346 0.0250969 0.0237833 0.0256755 0.0222246 0.0205296 0.0176979 0.0107887 0.0196105 0.0110376 0.0143202 0.00331058 0.00275909 0.00503922 0.000334339 7.07949e-05 9.65625e-05 6.6542e-08 2.92437e-08 2.08651e-08 2.00971e-08 1.25972e-08 2.25763e-09 1.79682e-09 3.4008e-10 2.65295e-10 1.16359e-10 9.35951e-11
threshold=3128832.0000000005 7.3105976581573495 862222.00000000012 77060.500000000015 46122.666015625007 345088.00000000006 10518528.000000002 5.2175934314727792 275.50000000000006 0.87174478173255932 0.88982105255126964 40976.000000000007 0.44443522393703466 0.73608398437500011 2.8386291265487675 6.6433546543121347 2.4760724306106572 2.3172663450241093 2.0500890016555791 0.52698984742164623 94976.000000000015 180608.00000000003 0.98282706737518322 142606336.00000003 20684.799804687504 25823.000000000004 222.50000000000003 1.7442519068717959 0.623113512992859 7.6910860538482675
decision_type=2 2 2 2 2 2 2 2 2 2 2 2 2 2 2 2 2 2 2 2 2 2 2 2 2 2 2 2 2 2
left_child=1 2 3 6 14 -6 7 9 21 10 11 12 -1 -12 15 -5 -14 18 -18 -19 24 23 -21 26 27 28 29 -8 -24 -3
right_child=-2 8 -4 4 5 -7 20 -9 -10 -11 13 -13 16 -15 -16 -17 17 19 -20 22 -22 -23 25 -25 -26 -27 -28 -29 -30 -31
leaf_value=0.045007005470004177 0.050519456132584843 0.050015092173383735 -0.050570188928396889 -0.0080486611393343205 -0.030144385869528584 0.018967075821300708 -0.050045004224130191 0.043990352380135558 -0.012283800470731831 -0.050106996978957125 0.0046981873582327485 0.035258457576656591 -0.028427496231349894 0.043401922314004804 0.050918435682012014 0.05007105823555761 -0.050089900898911667 -0.050282452853577311 -0.033306283601033972 -0.050128621954399016 -0.050159558071670267 0.050130483231773382 -0.050008604360628886 0.050084350131446624 -0.050091270462262319 -0.050064362880364546 0.050025942614134379 -0.050062742771834284 -0.050022603370273568 0.05000380967390583
leaf_weight=0.0047161867551039896 0.018497715704143047 0.0022859318996779629 0.025935616227798164 0.0066514823956822519 0.046101330195597257 0.062954946311947424 0.003816611120782909 0.017027760128257796 0.017622808612941299 0.018344228770729387 0.0086228107938950416 0.0062126427947077891 0.0020431143893802064 0.015379545817268081 0.028706153480015928 0.0084899509201932233 0.0019084933301201082 0.0056422632969770339 0.0015554597957816441 0.013589010508439969 0.022896900452906266 0.0085117004637140781 0.0026917758477793541 0.0093373292475007474 0.008450048859231174 0.0028810304429498501 0.0026235331570205753 0.0047078491716092685 0.0033092663725255989 0.0093839239198132418
leaf_count=2 8 11 10 20 24 26 17 8 13 31 34 6 33 19 32 30 2 2 41 14 14 4 27 8 5 4 8 23 34 182
internal_value=2.35067e-05 -0.00248471 -0.00718456 -0.00339206 0.0107101 -0.0017938 -0.0183875 -0.00621196 0.0279851 -0.0160494 -0.00693569 -0.0265653 -0.0365842 0.0294977 0.0418093 0.0245396 -0.0480296 -0.0492979 -0.0425534 -0.0501289 -0.0501227 0.0500634 -0.0500904 0.0500392 -0.050073 -0.0500319 0.0500097 -0.0500548 -0.0500163 0.050006
internal_weight=0.390897 0.3724 0.322634 0.296699 0.152904 0.109056 0.143795 0.103924 0.0497652 0.0868958 0.0685516 0.0445492 0.0383366 0.0240024 0.0438476 0.0151414 0.0336204 0.0315773 0.00346395 0.0281133 0.0398714 0.0321424 0.0224711 0.0236307 0.0169745 0.00888207 0.0142934 0.00852446 0.00600104 0.0116699
internal_count=692 684 458 448 132 50 316 257 226 249 218 165 159 53 82 50 157 124 43 81 59 213 79 209 45 65 201 40 61 193
is_linear=0
shrinkage=0.05


Tree=201
num_leaves=31
num_cat=0
split_feature=7 18 19 18 25 10 25 21 19 8 25 28 0 28 11 8 10 10 25 10 0 25 19 20 19 10 32 29 27 10
split_gain=0.019314 0.0170023 0.0237909 0.0253322 0.0180028 0.0360658 0.0194099 0.0262125 0.0168649 0.0183982 0.0172641 0.00872673 0.00815472 0.00854296 0.00266676 0.00716443 0.000250161 3.01135e-07 1.79635e-07 2.02531e-08 1.25376e-08 9.81516e-09 1.13371e-09 2.52188e-10 1.557e-10 8.81829e-11 1.29553e-11 7.92242e-12 4.01726e-12 3.74383e-12
threshold=2.5000000000000004 3128832.0000000005 144664.89062500003 85248.000000000015 0.6642267405986787 6.4663562774658212 1.0092352628707888 311811.00000000006 12256.000000000002 3.5000000000000004 0.9534277915954591 222.50000000000003 223488.00000000003 159.50000000000003 3.2075521945953374 10.500000000000002 6.7254662513732919 7.0903625488281259 0.7577103078365327 7.0505237579345712 263188.00000000006 0.97597676515579235 47978.666015625007 102.00000000000001 22446.730468750004 7.6910860538482675 1.5000000000000002 1.5000000000000002 7.5000000000000009 7.8385148048400888
decision_type=2 2 2 2 2 2 2 2 2 2 2 2 2 2 2 2 2 2 2 2 2 2 2 2 2 2 2 2 2 2
left_child=1 2 3 8 -5 -6 16 12 9 -1 14 17 13 -8 15 -11 -7 -9 -18 -20 -19 23 24 -21 26 -22 -2 -25 -17 -27
right_child=22 -3 -4 4 5 6 7 11 -10 10 -12 -13 -14 -15 -16 28 18 20 19 21 25 -23 -24 27 -26 29 -28 -29 -30 -31
leaf_value=-0.050096786019767581 -0.050006811043136284 0.050493997890002321 -0.023927242064445745 0.049435598128482569 -0.033101997075797807 0.040319599767720954 0.050013598622667854 0.05038505830399697 -0.050124084965272681 0.050257719537604696 -0.032850941411127162 -0.015274522184189929 -0.043115233420553255 -0.03510157959715323 0.049973457132132193 -0.05000671154699507 0.050359611913711647 0.050132971876534774 0.050138736115266425 0.050027092940991426 0.050014935242337327 0.050088590118700697 -0.05003626434057256 0.050003931395803197 -0.050016529814647916 0.050004744705828774 -0.050002449621628309 0.050007934157500815 -0.050002776496789247 0.050001889163746475
leaf_weight=0.013725791359320283 0.0043448761025501881 0.017604219290660694 0.079145802184939384 0.03540723003243329 0.03693614528310718 0.0077657708898186675 0.0060564838349819183 0.016899569658562541 0.025351839325594483 0.0051016490906476974 0.011847479612697498 0.0062602427497040472 0.021571375662460923 0.0057439744414296001 0.018730777359451167 0.0010554211257840507 0.0079922603326849639 0.0026453754398971796 0.013811228302074596 0.0018793243507388971 0.0020712393306894228 0.010180906392633915 0.0060887043728143899 0.0028966722202312667 0.0051138329781679204 0.0016697786086297128 0.0027998942023259588 0.0021564477610809263 0.0016825916936795693 0.0036720854932354996
leaf_count=8 39 8 30 12 35 8 37 3 28 1 27 5 13 5 10 8 8 1 12 5 9 6 16 42 32 30 77 19 50 108
internal_value=2.19119e-05 0.0025732 0.00010836 0.00733843 0.017363 0.00980288 0.0237934 0.00646363 -0.0166723 -0.00040834 0.0173441 0.0379064 -0.0248344 0.00858305 0.0397256 0.0152411 0.0485133 0.0502561 0.0501483 0.0500937 0.0500395 0.0500573 -0.0500186 0.0500115 -0.0500099 0.0500062 -0.0500051 0.0500056 -0.0500043 0.0500028
internal_weight=0.378209 0.359862 0.342257 0.263112 0.185616 0.150209 0.113273 0.0665901 0.0774955 0.0521437 0.0384179 0.0332183 0.0333718 0.0118005 0.0265704 0.00783966 0.0466826 0.026958 0.0389168 0.0309246 0.0100585 0.0171134 0.0183473 0.00693244 0.0122586 0.0074131 0.00714477 0.00505312 0.00273801 0.00534186
internal_count=692 528 520 490 358 346 311 211 132 104 96 156 55 42 69 59 100 151 92 84 148 72 164 66 148 147 116 61 58 138
is_linear=0
shrinkage=0.05


Tree=202
num_leaves=31
num_cat=0
split_feature=0 10 27 19 5 6 9 3 32 9 0 6 23 4 28 0 10 5 20 24 19 32 0 23 10 22 10 23 22 5
split_gain=0.0186662 0.0197923 0.0204134 0.0218902 0.0280345 0.0204118 0.0177322 0.0164434 0.0156137 0.0128469 0.0118943 0.00576126 0.00751321 0.00410751 0.00276843 0.00118086 0.00628715 1.75434e-07 3.97717e-08 1.78332e-08 1.672e-08 1.65605e-08 1.33809e-08 8.72535e-09 5.57355e-09 1.25374e-09 1.20492e-09 4.73152e-10 3.69782e-10 5.78127e-11
threshold=3290996.0000000005 7.3105976581573495 7.5000000000000009 146562.03125000003 77060.500000000015 10518528.000000002 4.1499738693237314 3.5000000000000004 1.5000000000000002 3.4144024848937993 226816.00000000003 276824064.00000006 0.97694799304008495 270.50000000000006 159.50000000000003 106412.00000000001 6.6406595706939706 183292.00000000003 22.000000000000004 0.95023247599601757 180608.00000000003 1.5000000000000002 223488.00000000003 0.92722573876380932 6.6276571750640878 78502.398437500015 6.5121612548828134 0.018554687500000003 16386.066894531254 110232.00000000001
decision_type=2 2 2 2 2 2 2 2 2 2 2 2 2 2 2 2 2 2 2 2 2 2 2 2 2 2 2 2 2 2
left_child=1 2 3 4 5 7 20 -1 13 14 15 12 25 -9 18 -6 -17 22 -10 -20 23 -4 29 27 28 -8 -21 -3 -23 -18
right_child=-2 6 21 -5 10 -7 11 8 9 -11 -12 -13 -14 -15 -16 16 17 -19 19 26 -22 24 -24 -25 -26 -27 -28 -29 -30 -31
leaf_value=-0.050074051520700574 0.050119842616964977 0.050030266995428008 -0.050154863447350845 -0.030010167758972348 0.051058589240638358 -0.050103332057375632 0.05005894611023818 0.048339876846245543 -0.050256759113924035 0.020319747762090563 0.0076499436889691328 -0.050208182991111308 -0.038964679100826877 0.011393562232688909 -0.013191037048700026 -0.0050615880461181142 0.050006666549566925 0.05036310826057009 -0.050173726421779891 -0.050004662764658619 0.050127107722275521 -0.050003522762651742 0.050123911286716089 0.050073876634881713 -0.050068058685443 0.050010039274239075 -0.050050135177682656 0.050005507852285594 -0.050023888963435431 0.050015849908358362
leaf_weight=0.014153515217913082 0.017697894712910056 0.0025265247968491176 0.0040344506505789459 0.059878543339436874 0.020302968099713326 0.027814116987428861 0.0023523569107055664 0.020350984334072564 0.0050829183310270318 0.017158165690489113 0.055314952714979881 0.0066705781500786534 0.0042848210141528398 0.011934232570638414 0.0077903440687805406 0.0071144896573969154 0.0050857381320383865 0.007157824467867612 0.0034504488576203585 0.0025200301879522158 0.0082926795876119286 0.00338895444656373 0.0038587835151702166 0.01167209389495838 0.011535261517565232 0.0029584812527900795 0.0034529038530308753 0.008167342743035988 0.0065103496144729434 0.0025848447894532001
leaf_count=28 12 5 4 14 1 36 2 30 1 5 27 2 2 27 20 15 45 1 1 46 4 89 2 30 15 44 7 137 27 13
internal_value=3.02457e-05 -0.00252151 -0.00723781 -0.00327175 0.00417062 -0.0128759 0.0276784 -0.000820829 0.00889629 -0.0122043 0.0232825 -0.0145187 0.0102915 0.0346827 -0.0372328 0.0420379 0.0349396 0.0501687 -0.050144 -0.0500832 0.0500665 -0.0500619 0.050048 0.050044 -0.0500444 0.0500317 -0.0500309 0.0500114 -0.0500169 0.0500098
internal_weight=0.365098 0.3474 0.300475 0.275006 0.215127 0.113708 0.0469249 0.0858935 0.07174 0.0394548 0.10142 0.0162662 0.00959566 0.0322852 0.0222966 0.0461046 0.0258017 0.0186872 0.0145063 0.00942338 0.0306586 0.025469 0.0115294 0.022366 0.0214346 0.00531084 0.00597293 0.0106939 0.0098993 0.00767058
internal_count=692 680 454 319 305 201 226 165 137 80 104 50 48 57 75 77 76 61 55 54 176 135 60 172 131 46 53 142 116 58
is_linear=0
shrinkage=0.05


Tree=203
num_leaves=31
num_cat=0
split_feature=21 5 21 0 21 28 10 24 19 11 10 20 10 3 9 9 28 22 9 5 0 5 21 5 9 4 0 28 10 32
split_gain=0.0180579 0.019202 0.0215808 0.0156842 0.0518413 0.0228148 0.0275562 0.0151285 0.013523 0.0179457 0.0122971 0.0140282 0.00524916 0.0017208 0.00374874 0.000241239 2.0303e-05 2.41006e-07 1.22784e-07 4.37304e-08 3.00221e-08 9.94563e-09 8.08916e-09 6.01317e-09 2.02379e-09 9.71213e-10 7.45122e-10 1.24986e-10 7.12943e-11 6.09606e-12
threshold=3128524.0000000005 509383.00000000006 89228.000000000015 239580.00000000003 328390.50000000006 133.50000000000003 6.1701323986053476 3.0445498228073125 12256.000000000002 4.6926512718200692 6.7254662513732919 3.0000000000000004 6.6406595706939706 4.5000000000000009 2.1779671907424931 0.011486140079796316 35.500000000000007 143329.16406250003 0.038824868388473995 5369.5000000000009 553848.00000000012 18010.500000000004 120682.00000000001 19046.000000000004 3.2357897758483891 20808.000000000004 504064.00000000006 39.500000000000007 7.6910860538482675 1.0000000180025095e-35
decision_type=2 2 2 2 2 2 2 2 2 2 2 2 2 2 2 2 2 2 2 2 2 2 2 2 2 2 2 2 2 2
left_child=1 2 8 7 13 6 -6 12 9 10 11 -1 -4 -5 -15 -14 -10 -8 -17 -18 26 25 -20 -23 -21 27 28 -13 -19 -29
right_child=-2 -3 3 4 5 -7 17 -9 16 -11 -12 21 15 14 -16 18 19 20 22 24 -22 23 -24 -25 -26 -27 -28 29 -30 -31
leaf_value=0.050202791380720146 0.050490989670232328 -0.031795126615576097 0.021559707787765146 -0.050243783388017382 -0.050164624924675966 -0.029930154779377195 0.050308168638087764 -0.026004817693548028 -0.046732745728829572 0.039509839919928395 0.050230202233486149 -0.050023243863829704 0.039477968557201586 -0.010305933328382639 -0.050094508486684591 0.050300810199805861 -0.05020173711619727 0.050013513216420794 0.050029054095565975 -0.05003283656144264 0.050126797151766857 -0.050118931565069351 0.050092787869849525 -0.05005947755372752 -0.050073711109031055 -0.050043628525643626 0.050051237555975417 -0.050006718864217592 0.050001935280379432 -0.050002825700916811
leaf_weight=0.0040231584571301928 0.016884539392776787 0.047965100045985309 0.034786739000992384 0.02491573153383797 0.007800166029483079 0.015445360702869948 0.024865001483703963 0.01152119988182676 0.0056480336315871673 0.015541563978331396 0.0046948877861723295 0.0010024221010098699 0.0063702872648718758 0.01114583575144934 0.012625525458133779 0.0079497264232486486 0.0085514913153019734 0.0018741900021268512 0.0070223065122263497 0.0058195143446937436 0.023235500702867284 0.0071730910058249711 0.017106373714341316 0.01044648241258983 0.0063138588157016784 0.0026131626800633967 0.0010226587764918804 0.0013912748036091216 0.0045761868423142005 0.0036263260899431771
leaf_count=1 8 28 44 8 3 13 18 20 21 8 2 5 28 30 16 4 7 9 36 33 12 4 34 38 7 3 1 12 137 102
internal_value=3.11781e-05 -0.00249644 0.00236443 0.0105839 -0.000497235 0.02456 0.0378403 0.0272542 -0.0203396 -0.00519527 -0.0250629 -0.0367386 0.0356328 -0.0410622 -0.0314386 0.0483655 -0.0493897 0.0501925 0.0501304 -0.0501151 0.0500988 -0.0500621 0.0500742 -0.0500837 -0.0500541 -0.0500182 0.0500116 -0.0500071 0.0500053 -0.0500039
internal_weight=0.353958 0.337073 0.289108 0.212263 0.127506 0.0788191 0.0633737 0.0847566 0.0768453 0.0505124 0.0349708 0.0302759 0.0732354 0.0486871 0.0237714 0.0384487 0.0263329 0.0555735 0.0320784 0.0206849 0.0307085 0.0262528 0.0241287 0.0176196 0.0121334 0.00863319 0.00747304 0.00602002 0.00645038 0.0050176
internal_count=692 684 656 413 247 193 180 166 243 175 167 165 146 54 46 102 68 177 74 47 159 164 70 42 40 122 147 119 146 114
is_linear=0
shrinkage=0.05


Tree=204
num_leaves=31
num_cat=0
split_feature=7 4 12 0 12 12 19 32 9 5 28 12 18 23 23 25 18 23 0 19 30 0 18 20 23 0 5 0 19 0
split_gain=0.0176677 0.0166292 0.016557 0.0350493 0.0137481 0.0320351 0.0144856 0.0123964 0.0132745 0.0123778 0.0122592 0.0087761 0.007916 0.0137753 0.00291499 4.7505e-06 1.11025e-05 4.51418e-08 5.37402e-08 3.63237e-08 2.20107e-08 1.3438e-08 1.33574e-08 6.91597e-09 5.50746e-09 2.6817e-09 9.48828e-10 3.8503e-10 1.15112e-10 7.63196e-11
threshold=2.5000000000000004 258.50000000000006 3.2052499055862431 2174036.0000000005 2.8961431980133061 2.7767953872680669 33493.333984375007 1.5000000000000002 3.3387895822525029 4340.5000000000009 133.50000000000003 1.0291962027549746 92160.000000000015 0.96286892890930187 0.33203125000000006 0.90388047695159923 16640.000000000004 0.9904722571372987 140820.00000000003 134297.60156250003 1.5000000000000002 168960.00000000003 71168.000000000015 88.000000000000014 0.93963217735290538 600716.00000000012 115486.00000000001 468992.00000000006 22446.730468750004 367264.00000000006
decision_type=2 2 2 2 2 2 2 2 2 2 2 2 2 2 2 2 2 2 2 2 2 2 2 2 2 2 2 2 2 2
left_child=1 2 3 4 5 6 15 9 12 -3 -8 -10 -9 14 -14 16 -1 18 -13 20 23 -16 -17 -11 27 29 28 -25 -2 -20
right_child=26 7 -4 -5 -6 -7 10 8 11 19 -12 17 13 -15 21 22 -18 -19 25 -21 -22 -23 -24 24 -26 -27 -28 -29 -30 -31
leaf_value=-0.050064594668457432 -0.050004596436023924 -0.011637075544565079 -0.032186869479302639 0.050302697788204433 -0.046576100722448027 0.038561772400872364 0.013583446811011441 -0.050153729903964897 -0.025392523143845571 0.050107603513151758 -0.030333629100931576 0.050258302895550833 -0.0081672239736167059 -0.04686357609041495 0.050139195389907278 -0.050042042234177346 -0.045059727585984866 0.050312034462268243 0.050015737904284277 0.050179443445890343 0.050158783254263983 0.050006883963308102 -0.050122691196974982 0.050007931468031501 0.050076584016299622 0.05008501236296925 -0.050033998099998936 0.050030625214134962 -0.050014956297426853 0.050001441074255075
leaf_weight=0.0032521019438718204 0.0063701131657580845 0.010241695687000174 0.04500285217363853 0.030741133523406461 0.020345143959275447 0.034725875018921215 0.036860972233625944 0.01187027340347413 0.0049815759884950231 0.0042745531536638728 0.02793127424956765 0.0051131127402186394 0.0028231986580067323 0.0086354902632592712 0.0027684681117534637 0.0094329123057832476 0.0016807849024189636 0.0061635104939341536 0.0020668505458161235 0.013232062570750713 0.0063104052096605292 0.0062543948097300017 0.011265834837104194 0.0074366728149470873 0.0053440616611624145 0.0016944867093116045 0.005765627834989572 0.0024964972399175167 0.0046303889284899924 0.0017022641623043455
leaf_count=26 116 9 15 14 17 13 36 7 22 2 23 1 9 11 1 37 35 1 7 4 2 60 10 91 5 1 15 5 33 64
internal_value=3.29923e-05 0.0026178 -0.00511877 0.00179323 -0.00845618 -0.00225916 -0.0179358 0.0191697 0.00263391 0.0372935 -0.00534876 0.0328674 -0.0176656 0.00116319 0.0361735 -0.0497536 -0.0483593 0.0502045 0.0501418 0.0501121 0.0500776 0.0500475 -0.0500859 0.0500514 0.0500357 0.0500328 -0.0500176 0.0500136 -0.050009 0.0500093
internal_weight=0.341415 0.324648 0.221239 0.176236 0.145495 0.12515 0.0904239 0.10341 0.0540736 0.0493359 0.0647922 0.0217218 0.0323518 0.0204816 0.0118461 0.0256316 0.00493289 0.0167402 0.0105767 0.0390943 0.0258622 0.00902286 0.0206987 0.0195518 0.0152772 0.0054636 0.0167661 0.00993317 0.0110005 0.00376911
internal_count=692 528 226 211 197 180 167 302 184 118 59 96 88 81 70 108 61 74 73 109 105 61 47 103 101 72 164 96 149 71
is_linear=0
shrinkage=0.05


Tree=205
num_leaves=31
num_cat=0
split_feature=10 27 7 14 5 32 10 21 20 2 11 10 27 5 9 0 12 27 20 29 5 22 28 0 28 17 19 2 12 6
split_gain=0.0168085 0.0205785 0.0174299 0.017585 0.0252576 0.0228119 0.0233631 0.0120357 0.0182692 0.0117387 0.00733096 0.00621544 0.00600415 0.000870802 1.81768e-05 2.98045e-08 9.99479e-09 9.47855e-09 3.81107e-09 3.17991e-09 7.94677e-10 2.93066e-10 2.48816e-10 8.59554e-11 4.55281e-11 2.82184e-11 2.00332e-11 6.18807e-12 2.54329e-12 1.89627e-12
threshold=7.8300440311431894 7.5000000000000009 2.5000000000000004 1.0000000180025095e-35 177876.00000000003 1.5000000000000002 6.4869177341461191 364938.00000000006 3304.0000000000005 17368.000000000004 3.6899331808090214 6.9049172401428232 9.5000000000000018 5256.0000000000009 1.7883312702178957 109360.00000000001 2.1769183874130253 16.500000000000004 102.00000000000001 2.5000000000000004 98512.000000000015 33971.916015625007 124.50000000000001 196248.00000000003 393.00000000000006 768.00000000000011 24857.599609375004 17368.000000000004 2.7801418304443364 2129920.0000000005
decision_type=2 2 2 2 2 2 2 2 2 2 2 2 2 2 2 2 2 2 2 2 2 2 2 2 2 2 2 2 2 2
left_child=1 2 3 -1 5 9 -7 8 11 13 12 -8 -3 -5 -12 -15 -17 19 -18 22 23 -20 25 26 -14 -2 27 28 -4 -27
right_child=17 10 20 4 -6 6 7 -9 -10 -11 14 -13 24 15 -16 16 18 -19 21 -21 -22 -23 -24 -25 -26 29 -28 -29 -30 -31
leaf_value=-0.011132150576351921 0.050009550603701748 0.041784433695300584 -0.050006831727988844 0.032216360943646959 0.050198115742564831 -0.050129109483386419 0.050120552642420185 0.05019485950373951 -0.050098419865337043 -0.01107149334238087 -0.047337856054292138 -0.0064580523547457195 -0.050002207553224653 0.05017694447834066 -0.050120955768178647 0.050126854996987449 0.050080310805602317 0.050130370676739505 0.050009142825081232 0.050063646264089573 -0.050032058549593597 0.050029423390690719 0.050021640281071082 -0.05001783437035761 -0.050015308081883349 0.050004037455410433 -0.050011302430169768 -0.050001866757077719 -0.050004466718138345 0.050001645643827398
leaf_weight=0.10187661630334333 0.0018939529836643487 0.0045893636051914646 0.0022835056879557669 0.0091472887706913752 0.039408692231518216 0.027213576693611685 0.010597213557048235 0.012485569555792608 0.014339111978188157 0.012337444350123405 0.008193081439458183 0.0089567535942478571 0.0018901789753726916 0.010240854695439339 0.020662446218921104 0.0049989165272563687 0.0041000076453201473 0.0025938595645129672 0.0033778581091610249 0.0039458353785448716 0.0057916837122320439 0.0037688801712647546 0.0031642775720683858 0.0019511759674060158 0.0010216610389761627 0.0011083906138082966 0.0014537198803736828 0.0014135786113911308 0.0022636383437202312 0.0032837322269188007
leaf_count=27 13 7 24 26 24 29 36 35 10 7 31 11 66 3 34 2 3 1 34 9 13 10 9 14 4 14 8 49 27 112
internal_value=3.53273e-05 -0.0025083 0.00211792 0.00512433 0.0154128 0.00413602 -0.0133513 0.00822878 -0.00723073 0.0309632 -0.0378833 0.0242046 0.00615263 0.0455168 -0.0493307 0.0501101 0.050068 0.0500429 0.0500419 0.0500259 -0.0500175 0.0500198 0.0500102 -0.0500085 -0.0500068 0.0500044 -0.050006 -0.0500048 -0.0500057 0.0500022
internal_weight=0.330353 0.314363 0.278006 0.262849 0.160972 0.121563 0.0735922 0.0463786 0.0338931 0.0479713 0.0363567 0.019554 0.0075012 0.0356338 0.0288555 0.0264865 0.0162457 0.01599 0.0112467 0.0133962 0.0151573 0.00714674 0.00945035 0.00936562 0.00291184 0.00628608 0.00741444 0.00596072 0.00454714 0.00439212
internal_count=692 534 392 257 230 206 121 92 57 85 142 47 77 78 65 52 49 158 47 157 135 44 148 122 70 139 108 100 51 126
is_linear=0
shrinkage=0.05


Tree=206
num_leaves=31
num_cat=0
split_feature=10 0 27 22 5 6 12 9 0 22 23 6 9 12 10 3 32 24 23 10 5 25 22 23 0 10 22 4 24 9
split_gain=0.0161056 0.0165344 0.0173553 0.0175039 0.0247733 0.0166821 0.015119 0.0150958 0.0109167 0.00990023 0.0110302 0.00501629 0.00643062 0.00110368 0.00258776 9.9318e-09 9.55832e-09 7.56098e-09 6.34192e-09 3.27198e-09 2.5455e-09 4.19654e-10 2.40055e-10 1.34857e-10 6.54478e-11 2.06925e-11 1.27543e-11 4.59715e-12 1.43619e-12 1.81157e-14
threshold=7.3105976581573495 3290996.0000000005 7.5000000000000009 149206.12500000003 77060.500000000015 10518528.000000002 2.0387133359909062 4.1499738693237314 226816.00000000003 11371.409179687502 0.0053710937500000009 276824064.00000006 4.8943886756896982 2.865266084671021 6.6406595706939706 3.5000000000000004 1.5000000000000002 0.96293500065803539 0.92722573876380932 6.6276571750640878 18010.500000000004 0.65489566326141369 19025.213867187504 0.018554687500000003 2499744.0000000005 7.6989610195159921 11176.366699218752 270.50000000000006 0.99954122304916393 2.6634348630905156
decision_type=2 2 2 2 2 2 2 2 2 2 2 2 2 2 2 2 2 2 2 2 2 2 2 2 2 2 2 2 2 2
left_child=1 2 3 4 5 6 -1 15 13 17 -11 12 -9 14 -6 -2 -4 -8 23 22 21 -19 26 -17 25 -25 -18 28 -27 -29
right_child=7 -3 16 -5 8 -7 9 11 -10 10 -12 -13 -14 -15 -16 18 19 20 -20 -21 -22 -23 -24 24 -26 27 -28 29 -30 -31
leaf_value=0.024102103685897179 0.050103778152010718 0.050105798562127768 -0.050129389287327179 -0.027961375071091605 0.0037498218253539093 -0.050090696924758094 -0.050120318820376777 -0.038070910513051656 0.0070986379398751609 -0.050129774916585858 0.022691468338385243 -0.050173627176337665 0.050030504691673 0.047222838483691867 0.050057235315952513 0.050024065175967206 -0.050001628314392192 -0.050003832907104445 0.050065612177431246 -0.05005731591397538 -0.05006856332511779 -0.050034210546211037 -0.050021613145972921 0.050009654141413111 0.050016885737254338 0.050003395934560851 -0.050007882750328074 0.050001565425397479 0.050005499541438229 0.050001268575424251
leaf_weight=0.031888442037597997 0.0081694007531041279 0.013289421476656571 0.0033659411146800258 0.055331191389996093 0.0054726244015910197 0.023630817255252623 0.0056640071070432887 0.0037239812627376523 0.050122912554797949 0.0076575389266508856 0.016203301473069587 0.0056008729152381429 0.0046668745271745138 0.028806746071495581 0.0067232779256301001 0.0012987784139113509 0.0018888478771259543 0.0019802217684627976 0.010264175529300701 0.0097855435888050124 0.0073338727306690998 0.0026695994856709149 0.0050780163601302775 0.001668399967456935 0.0013340468576643616 0.001632354822504567 0.0014339042445499217 0.001050079215929145 0.0016132639084389666 0.001006657890684437
leaf_count=31 7 8 4 17 13 35 7 16 27 35 30 2 32 33 31 3 73 40 30 15 11 9 24 11 4 26 19 38 17 44
internal_value=3.87433e-05 -0.00431777 -0.00704667 -0.00324001 0.00402992 -0.0135525 -0.00178868 0.0288887 0.0227511 -0.021679 -0.000678685 -0.0135298 0.0109298 0.0418853 0.0292779 0.0500574 -0.050052 -0.0500727 0.0500383 -0.0500377 -0.0500502 -0.0500213 -0.0500148 0.0500091 0.0500067 0.0500048 -0.0500043 0.0500033 0.0500044 0.0500014
internal_weight=0.320355 0.278326 0.265037 0.243485 0.188153 0.0970278 0.073397 0.0420289 0.0911256 0.0415085 0.0238608 0.0139917 0.00839086 0.0410026 0.0121959 0.0280372 0.0215523 0.0176477 0.0198678 0.0181863 0.0119837 0.00464982 0.00840077 0.00960358 0.0083048 0.00697076 0.00332275 0.00530236 0.00324562 0.00205674
internal_count=692 462 454 319 302 198 163 230 104 132 65 50 48 77 44 180 135 67 173 131 60 49 116 143 140 136 92 125 43 82
is_linear=0
shrinkage=0.05


Tree=207
num_leaves=31
num_cat=0
split_feature=21 19 21 25 19 25 6 23 28 20 0 12 22 22 14 20 20 12 19 0 22 5 33 25 14 5 25 27 26 23
split_gain=0.0164728 0.0176041 0.0239556 0.0243017 0.0173492 0.0222977 0.0160317 0.014932 0.0128727 0.0117733 0.00896405 0.00258407 0.0014437 0.000929357 0.0004104 0.000550255 0.000190874 0.0003796 0.000105611 2.18983e-06 1.52778e-07 4.25137e-08 2.88284e-08 2.24275e-08 2.21881e-08 9.87952e-09 6.18542e-09 5.87262e-09 1.82601e-09 1.46328e-09
threshold=3128524.0000000005 144664.89062500003 311811.00000000006 0.99957478046417247 73881.601562500015 0.64916092157363903 142606336.00000003 0.33447265625000006 133.50000000000003 3.0000000000000004 91280.000000000015 2.8386291265487675 76913.937500000015 44432.533203125007 2.5000000000000004 224.00000000000003 26.000000000000004 2.6784081459045415 77875.199218750015 94740.000000000015 143329.16406250003 4098.5000000000009 2.5000000000000004 0.52153262495994579 2.5000000000000004 101063.00000000001 0.62656959891319286 6.5000000000000009 1.0000000180025095e-35 0.94377788901329052
decision_type=2 2 2 2 2 2 2 2 2 2 2 2 2 2 2 2 2 2 2 2 2 2 2 2 2 2 2 2 2 2
left_child=1 2 3 4 5 9 10 11 18 -1 -7 -5 22 14 19 -16 23 -18 -4 -12 -20 -21 25 -11 28 29 -25 -23 -22 -9
right_child=-2 -3 8 7 -6 6 -8 12 -10 16 13 -13 -14 -15 15 -17 17 -19 20 21 24 27 -24 26 -26 -27 -28 -29 -30 -31
leaf_value=0.050184435009083588 0.050472173863337202 -0.024944618188949497 0.041194871888604712 -0.0043992492406858489 -0.05023315406515734 0.0054319880089963683 -0.021199360167228877 -0.050018004449044008 -0.0087715881823971272 -0.050182889059257607 0.05091362854883083 0.049244319815195836 -0.027308284474321948 0.033300740972141266 0.023601771127452334 0.050052338516221408 -0.050002858704260279 -0.011471625920162862 0.050282047828190027 0.050228071861709869 0.05004951312473957 0.050019582093861217 -0.050153679694711586 -0.050007665240491807 0.050172234073352806 -0.050110496164374997 -0.050084079821397398 0.050096656692420721 0.050004898351976891 -0.050048237297057999
leaf_weight=0.0036616525612771502 0.015389397391118109 0.067853029366233386 0.0036031226591148871 0.0040832710328686517 0.011842657357192365 0.0203165747152525 0.016032862486099475 0.0065165534088009727 0.012785045288183028 0.0047508539792033835 0.017622608691453934 0.004986518917576177 0.0087165729892149102 0.014334361689179786 0.0036479646405496169 0.0042650776304071769 0.0017348361907352219 0.0010121281102328794 0.021016164331740583 0.0045200851745903501 0.0039443164714612067 0.007236583633130067 0.011355210677720606 0.0044824638807767769 0.0034210681915283212 0.0061710921363555818 0.0064717186523921555 0.0037532459173235111 0.0054794696397948428 0.010373273088589485
leaf_count=1 8 33 23 36 4 22 18 55 13 5 1 25 15 16 32 9 58 7 8 1 4 54 8 61 1 4 6 5 142 17
internal_value=3.66581e-05 -0.00258563 0.00406442 -0.00454684 0.00736331 0.0133549 0.0242197 -0.0332224 0.0345493 -0.0317134 0.0338396 0.0250937 -0.0454849 0.0442612 0.0480889 0.0378585 -0.0479654 -0.0358059 0.049333 0.0505323 0.050199 0.050099 -0.0500885 -0.0500922 0.0500632 -0.0500564 -0.0500528 0.0500459 0.0500236 -0.0500366
internal_weight=0.31138 0.29599 0.228137 0.177888 0.125686 0.113843 0.0917294 0.0522025 0.0502492 0.0221137 0.0756965 0.00906979 0.0431327 0.0553799 0.0410456 0.00791304 0.018452 0.00274696 0.0374641 0.0331325 0.033861 0.0155099 0.0344161 0.015705 0.0128449 0.0230609 0.0109542 0.0109898 0.00942379 0.0168898
internal_count=692 684 651 460 300 296 158 160 191 138 140 61 99 118 102 41 137 65 178 61 155 60 84 72 147 76 67 59 146 72
is_linear=0
shrinkage=0.05


Tree=208
num_leaves=31
num_cat=0
split_feature=18 19 21 25 19 25 2 23 28 9 0 12 19 22 18 19 22 0 22 32 19 17 25 27 21 26 9 23 0 25
split_gain=0.0156435 0.0161121 0.0224744 0.0228624 0.0163916 0.0208466 0.0150559 0.0141252 0.0124749 0.0123293 0.00853914 0.00249873 0.00172295 0.0015358 0.000128973 8.31248e-05 1.18889e-05 1.94077e-06 1.10288e-07 2.72045e-08 2.28023e-08 1.82189e-08 5.23956e-09 3.00698e-09 2.77454e-09 1.44038e-09 6.58772e-10 4.76084e-10 2.81547e-10 1.39079e-10
threshold=3128832.0000000005 144664.89062500003 311811.00000000006 0.99957478046417247 73881.601562500015 0.64916092157363903 17368.000000000004 0.33447265625000006 133.50000000000003 0.22370617091655734 91280.000000000015 2.8386291265487675 44714.666015625007 76913.937500000015 236544.00000000003 23193.599609375004 27360.500000000004 94740.000000000015 143329.16406250003 3.5000000000000004 47978.666015625007 1.0000000180025095e-35 0.62656959891319286 6.5000000000000009 24784.000000000004 1.0000000180025095e-35 3.2357897758483891 0.98692801594734203 194896.00000000003 0.62016338109970104
decision_type=2 2 2 2 2 2 2 2 2 2 2 2 2 2 2 2 2 2 2 2 2 2 2 2 2 2 2 2 2 2
left_child=1 2 3 4 5 9 10 11 14 16 -7 -5 15 20 -4 -12 19 -17 -16 22 24 -20 29 28 -9 -23 27 -26 -19 -1
right_child=-2 -3 8 7 -6 6 -8 13 -10 -11 12 -13 -14 -15 18 17 -18 23 21 -21 -22 25 -24 -25 26 -27 -28 -29 -30 -31
leaf_value=-0.050003903263426033 0.050449033313269755 -0.023989196677591831 0.039673757401808424 -0.0041808986347504238 -0.050221743348268844 0.0054902348406545374 -0.020414007614624651 -0.05007633049937419 -0.0083458215701881829 0.050161940195434566 0.045118394297917155 0.049159486015553644 0.02904902954616639 -0.026331574956349427 0.050256071634441804 0.050868274162785936 -0.046513318777127069 0.050009782797807392 0.050163805720827043 -0.050195034228620539 -0.050132092930711837 0.05004709666342564 -0.050078437150018099 0.050068551852429657 -0.050007048665510236 0.050005207976273169 -0.050044903798708532 -0.050036054209609396 0.050031540430745682 -0.050024161703741056
leaf_weight=0.004382708986668149 0.014645393384853378 0.067048736062133685 0.0032044260387920067 0.0040817378085193923 0.011267579571722308 0.020185514897093526 0.015944086084346054 0.0058560089764796422 0.012765923078404739 0.0037804179410159114 0.0094278756041603629 0.0047513073877780698 0.014613087063480634 0.0085911781789036468 0.020959002029485418 0.016777712851762772 0.0027764178230427197 0.0033528722833580105 0.0032547535374760636 0.0040088372970785721 0.014109776681834774 0.0037521264748647809 0.0050852561380452244 0.0064527349823038094 0.0027356070440873737 0.0045297600372578017 0.0071091799218265805 0.0029298151821421925 0.0026715825715655228 0.0010502191526029492
leaf_count=98 8 33 44 36 4 17 38 15 13 5 35 25 15 15 22 1 12 31 1 5 10 4 13 9 41 107 13 5 12 5
internal_value=4.13961e-05 -0.00252678 0.00400216 -0.00447458 0.00722732 0.0130848 0.0236295 -0.0328815 0.0340749 -0.0316394 0.0331861 0.024511 0.0436758 -0.0451469 0.049244 0.0492013 -0.0495112 0.0505171 0.0501877 -0.0500842 -0.0500841 0.0500636 -0.050042 0.0500448 -0.0500478 0.0500242 -0.0500348 -0.050022 0.0500194 -0.0500078
internal_weight=0.302102 0.287456 0.220408 0.171942 0.121777 0.110509 0.0894255 0.0501646 0.048466 0.0210839 0.0734814 0.00883305 0.0532959 0.0413316 0.0357001 0.0386828 0.0173034 0.0292549 0.0324956 0.014527 0.0327404 0.0115366 0.0105182 0.0124772 0.0186306 0.00828189 0.0127746 0.00566542 0.00602445 0.00543293
internal_count=692 684 651 460 300 296 158 160 191 138 120 61 103 99 178 88 133 53 134 121 84 112 116 52 74 111 59 46 43 103
is_linear=0
shrinkage=0.05


Tree=209
num_leaves=31
num_cat=0
split_feature=10 21 5 27 5 12 6 8 9 28 5 27 0 25 11 21 6 11 28 5 8 12 5 11 4 11 22 20 0 21
split_gain=0.0153772 0.0163386 0.0162556 0.0175311 0.0197096 0.0198839 0.0179337 0.0143223 0.0139311 0.0104988 0.00732119 0.00678779 0.00663884 0.00466807 0.00968288 0.0117111 0.00445627 0.00728862 0.0013832 0.000107678 9.91398e-09 6.12336e-09 6.09427e-09 1.82214e-09 4.88355e-10 4.29234e-10 1.25085e-10 9.03074e-11 8.37065e-11 2.44727e-11
threshold=7.3105976581573495 3128524.0000000005 862222.00000000012 7.5000000000000009 77060.500000000015 2.9888230562210087 10518528.000000002 3.5000000000000004 4.1499738693237314 98.500000000000014 4769.0000000000009 1.5000000000000002 144088.00000000003 0.89520493149757396 5.1997933387756357 150077.00000000003 276824064.00000006 5.9120540618896493 58.500000000000007 79050.000000000015 3.5000000000000004 1.7103052735328677 177876.00000000003 2.6850157976150517 270.50000000000006 6.0555529594421396 19025.213867187504 15.500000000000002 468992.00000000006 69600.000000000015
decision_type=2 2 2 2 2 2 2 2 2 2 2 2 2 2 2 2 2 2 2 2 2 2 2 2 2 2 2 2 2 2
left_child=1 2 3 4 6 11 7 -1 20 10 -9 -6 -11 -13 15 19 17 -10 -12 -15 -2 -22 24 -23 26 -19 29 -25 -29 -5
right_child=8 -3 -4 22 5 -7 -8 9 16 12 18 13 -14 14 -16 -17 -18 25 -20 -21 21 23 -24 27 -26 -27 -28 28 -30 -31
leaf_value=-0.050061446787473589 0.050104678980955643 0.050461347287620119 -0.050443799519792387 -0.050001786793459402 0.047924739040834358 -0.01323413090443065 -0.050096013760390051 -0.010364716644073775 -0.050151064569096918 0.0085725789722222549 0.048066547085611491 0.050071991298067955 -0.048167829052418697 0.050005527370859816 0.040236475385072218 -0.050090445234569209 -0.050156487778426587 0.050042401560738151 0.023719532343018056 0.034592024424891787 0.050076861811465569 0.050069304683422161 -0.050076468404321665 0.050020152704184188 -0.050036059631579692 0.050011391255822928 -0.050019455800865566 0.050003621951777481 0.050013964521733435 -0.050010363894935843
leaf_weight=0.012709814649497275 0.0080219777519232593 0.01286910061025992 0.020072326326044276 0.0022225641523618833 0.033313754480332136 0.038305773967294954 0.027084153227406205 0.010385662542830687 0.0030031562782824039 0.010328608097552205 0.016458870806673076 0.0079537547571817413 0.01029234602174256 0.0030191157711669811 0.011909744323929772 0.010321145764464745 0.0050582130206748843 0.0019114472579531139 0.0090363067838552524 0.0018138419345632428 0.0065171983405889469 0.0014307589553936859 0.0094899397190602031 0.0015654116978112151 0.0028746883908752352 0.0026811007810465526 0.00258380524792301 0.0057955069551098859 0.0029532203388953349 0.001328907732386142
leaf_count=29 7 4 10 88 13 16 39 23 1 28 31 11 23 29 11 12 2 6 32 22 12 2 13 5 10 41 11 140 14 7
internal_value=4.58773e-05 -0.00443326 -0.00735843 -0.00345285 0.000794936 0.0156025 -0.0156028 -0.00210478 0.0293072 0.00868285 0.0250221 0.0317679 -0.0197477 0.0163973 0.00650064 -0.0200127 -0.0137961 0.0104174 0.0394372 0.0442207 0.0500583 0.050038 -0.0500485 0.0500164 -0.0500191 0.0500243 -0.0500111 0.0500091 0.0500071 -0.050005
internal_weight=0.293312 0.254374 0.241505 0.221433 0.202933 0.106637 0.0962958 0.0692116 0.038938 0.0565018 0.0358808 0.0683314 0.020621 0.0350176 0.0270638 0.0151541 0.0126539 0.0075957 0.0254952 0.00483296 0.0262841 0.0182621 0.0184999 0.0117449 0.00900997 0.00459255 0.00613528 0.0103141 0.00874873 0.00355147
internal_count=692 462 458 448 319 114 205 166 230 137 86 98 51 85 74 63 50 48 63 51 180 173 129 161 116 47 106 159 154 95
is_linear=0
shrinkage=0.05


Tree=210
num_leaves=31
num_cat=0
split_feature=7 4 12 0 12 12 11 12 3 32 9 12 5 0 0 17 25 0 23 0 3 19 18 0 0 0 25 23 5 0
split_gain=0.0147145 0.0134641 0.0141276 0.0291753 0.0115414 0.0245482 0.0179411 0.0105218 0.00813833 0.00987553 0.0131452 0.00745871 0.00664528 0.00521391 0.00670522 0.00115062 0.000605702 0.00161523 1.95125e-08 2.78327e-08 1.72734e-08 1.5138e-08 5.63646e-09 3.385e-09 2.40326e-09 1.53932e-09 1.51735e-09 9.06527e-10 7.25169e-10 1.62106e-10
threshold=2.5000000000000004 258.50000000000006 3.2052499055862431 2174036.0000000005 2.8961431980133061 2.7767953872680669 5.1997933387756357 3.0123689174652104 3.5000000000000004 1.5000000000000002 3.3387895822525029 1.0291962027549746 230703.00000000003 208640.00000000003 332984.00000000006 768.00000000000011 0.90388047695159923 110296.00000000001 0.9904722571372987 140820.00000000003 3.5000000000000004 30799.644531250004 23296.000000000004 151032.50000000003 41728.000000000007 600716.00000000012 0.9534277915954591 0.97646722197532665 115486.00000000001 425472.00000000006
decision_type=2 2 2 2 2 2 2 2 2 2 2 2 2 2 2 2 2 2 2 2 2 2 2 2 2 2 2 2 2 2
left_child=1 2 3 4 5 6 12 8 -3 15 13 -12 16 -11 -15 -10 17 24 19 -13 -9 26 -17 -22 -1 -21 -18 29 -2 -25
right_child=28 7 -4 -5 -6 -7 -8 20 9 10 11 18 -14 14 -16 22 21 -19 -20 25 23 -23 -24 27 -26 -27 -28 -29 -30 -31
leaf_value=-0.050087263527658736 -0.050007143772807877 -0.049294109475244187 -0.031755496715148261 0.050259360767614628 -0.046564214396069774 0.037839536837725028 0.010200111101926743 0.050156973147752554 0.022995486416239747 -0.049757888810846605 -0.026492748754630951 0.050209485208705974 0.010343136516115719 0.050011156185493226 -0.034559713616451097 0.050129137181445405 -0.050068872256347291 0.013076610289840404 0.050243284161746594 0.050007065623566951 0.05009677070264823 -0.050121357007229021 0.050067377078370168 0.050003734258643066 -0.050002588583799551 0.050070780822196383 -0.050031923515934544 0.050058526882682544 -0.050030779802682251 0.050029677716777923
leaf_weight=0.0017392220906913272 0.0088199220281239832 0.0054557362745981655 0.038802401810244191 0.025942816340830177 0.016874616962013533 0.028125288168666884 0.033309050912066596 0.01162806071806699 0.005324576261045876 0.011400473427784164 0.004170576930846436 0.0041549033485352993 0.0057935076292778822 0.0039737637853249907 0.0057137669282383285 0.0070609486865578219 0.0049586768109293189 0.0014518071402562782 0.0048187500797212133 0.0028857335419161245 0.004346612509834813 0.018911286326328991 0.0077480618920162669 0.0014257911388995126 0.0016171159941222868 0.0014116715174168348 0.0063200128060998395 0.0022586630657315254 0.0051341098187549514 0.0010422851119074039
leaf_count=1 149 6 15 14 17 13 28 4 33 8 22 1 17 33 22 7 6 6 1 71 8 17 37 36 56 1 36 2 15 10
internal_value=4.49698e-05 0.00264504 -0.00495781 0.00221118 -0.0082548 -0.001931 -0.0170261 0.019124 0.00911772 0.0145501 -0.000279557 0.0318334 -0.0392581 -0.0268398 0.000130722 0.0429295 -0.047469 -0.0309866 0.050163 0.0501172 0.0501166 -0.050094 0.0500968 0.0500649 -0.0500465 0.050028 -0.0500482 0.0500356 -0.0500158 0.0500147
internal_weight=0.28262 0.268666 0.183846 0.145043 0.119101 0.102226 0.0741007 0.0848204 0.064119 0.0586632 0.0385296 0.0174416 0.0407916 0.021088 0.00968753 0.0201336 0.0349981 0.00480815 0.0132711 0.00845231 0.0207014 0.03019 0.014809 0.00907335 0.00335634 0.00429741 0.0112787 0.00472674 0.013954 0.00246808
internal_count=692 528 226 211 197 180 167 302 242 236 159 96 139 63 55 77 122 63 74 73 60 59 44 56 57 72 42 48 164 46
is_linear=0
shrinkage=0.05


Tree=211
num_leaves=31
num_cat=0
split_feature=10 18 5 27 5 12 6 28 3 32 12 24 24 19 4 12 12 12 3 0 2 5 23 4 28 22 0 10 18 23
split_gain=0.0138502 0.0147218 0.0150612 0.0163621 0.0181419 0.0179643 0.0163147 0.0131966 0.0131811 0.0113314 0.00807506 0.00614914 0.0144371 0.00590325 0.00321073 0.00278284 0.00227342 0.000198033 1.41421e-08 7.61822e-09 5.84629e-09 5.21501e-09 6.06902e-10 3.63939e-10 1.2908e-10 9.76545e-11 6.60609e-11 4.35645e-11 2.01213e-11 4.57218e-12
threshold=7.3105976581573495 3128832.0000000005 862222.00000000012 7.5000000000000009 77060.500000000015 2.9888230562210087 10518528.000000002 275.50000000000006 3.5000000000000004 1.5000000000000002 1.4196273088455202 1.4751427173614504 4.2312884330749521 47978.666015625007 270.50000000000006 1.6792179942131045 3.0006167888641362 2.855690717697144 4.5000000000000009 553848.00000000012 17368.000000000004 177876.00000000003 0.96833506226539623 270.50000000000006 222.50000000000003 19025.213867187504 466432.00000000006 6.4772624969482431 69888.000000000015 0.35839843750000006
decision_type=2 2 2 2 2 2 2 2 2 2 2 2 2 2 2 2 2 2 2 2 2 2 2 2 2 2 2 2 2 2
left_child=1 2 3 4 6 11 8 19 -1 14 -11 17 13 15 -10 -13 18 -6 -12 20 24 23 27 25 26 28 29 -20 -5 -2
right_child=7 -3 -4 21 5 -7 -8 -9 9 10 16 12 -14 -15 -16 -17 -18 -19 22 -21 -22 -23 -24 -25 -26 -27 -28 -29 -30 -31
leaf_value=-0.050058361917161655 0.050004763261031496 0.050417248264357117 -0.050408845762928617 -0.050001658275011074 0.042891656730255516 -0.012099808724101491 -0.050086921970633851 -0.013753391324719574 0.048125671861835036 0.016951004891323108 -0.050137637678146545 -0.019760032886430769 0.046925128810308248 -0.050088264098685858 0.010433121274186465 0.050011665067306324 -0.010637315751150657 0.050678429388733716 -0.050002781545152232 0.050086496274354866 0.050076202590592415 -0.050072626446220063 -0.05004433964725008 -0.050032897634556206 0.050019688401191843 -0.050018040890195542 0.050012462351989057 -0.050015420036632056 -0.050009756910029929 0.050001805464620644
leaf_weight=0.011799637566582533 0.0019206604665669147 0.011656444723485038 0.018517302043619566 0.0020237562694092048 0.016164697535714367 0.037062371029605856 0.024654921074215963 0.012167584281996824 0.014859789818729041 0.012775020486515132 0.0057218172914872412 0.0027571808495849845 0.016607636760454625 0.0080072209802892758 0.009115601125813555 0.0029670095482288161 0.0056127384305000297 0.016499153920449317 0.0019496843160595745 0.0092426643241196871 0.0045399668160825976 0.0089222734195573139 0.0017375938095938182 0.0026220875879516825 0.0020053191910847099 0.0023857782734921784 0.0024718480326555436 0.001048529293257161 0.001234992771060206 0.0040863080130293383
leaf_count=29 30 4 10 88 30 16 39 13 30 6 5 10 9 8 27 30 2 11 57 10 3 13 3 10 8 11 18 7 7 148
internal_value=4.4602e-05 -0.00437274 -0.00721063 -0.0033375 0.000902841 0.0155217 -0.0154829 0.0287428 -0.00228026 0.00839289 -0.0127203 0.0317705 0.0155625 -0.0223695 0.0337947 0.0164046 -0.0363073 0.0468249 -0.0500847 0.0500508 0.0500288 -0.0500461 -0.0500208 -0.0500175 0.0500083 -0.0500104 0.0500056 -0.0500072 -0.0500047 0.0500028
internal_weight=0.273138 0.236703 0.225047 0.206529 0.189341 0.100065 0.0892753 0.0364344 0.0646204 0.0528208 0.0288454 0.0630029 0.030339 0.0137314 0.0239754 0.00572419 0.0160704 0.0326639 0.0104576 0.0242668 0.0150241 0.0171889 0.00473581 0.00826661 0.0104841 0.00564453 0.00847882 0.00299821 0.00325875 0.00600697
internal_count=692 462 458 448 319 114 205 230 166 137 80 98 57 48 57 40 74 41 72 217 207 129 67 116 204 106 196 64 95 178
is_linear=0
shrinkage=0.05


Tree=212
num_leaves=31
num_cat=0
split_feature=10 27 10 5 12 6 21 22 3 32 9 11 27 4 12 12 10 9 3 27 28 27 20 28 20 10 21 17 19 20
split_gain=0.0131271 0.016527 0.0131472 0.0119651 0.0359633 0.0156336 0.0137344 0.0314103 0.0125017 0.0105461 0.00756337 0.00534196 0.00427334 0.00320068 0.00228956 0.0015945 0.00285747 1.44424e-05 1.22189e-08 5.89158e-09 5.5855e-09 1.45838e-09 5.00312e-10 6.64063e-11 4.4325e-11 3.57616e-11 1.5973e-11 1.20357e-11 6.23597e-13 4.06307e-14
threshold=7.8300440311431894 7.5000000000000009 7.3105976581573495 77060.500000000015 3.2052499055862431 10518528.000000002 341395.00000000006 47176.984375000007 3.5000000000000004 1.5000000000000002 3.4144024848937993 3.6899331808090214 9.5000000000000018 270.50000000000006 3.0006167888641362 2.8386291265487675 6.6433546543121347 1.7883312702178957 4.5000000000000009 16.500000000000004 44.500000000000007 8.5000000000000018 4006.0000000000005 124.50000000000001 19059.500000000004 6.3272254467010507 74139.000000000015 768.00000000000011 81483.636718750015 11308.500000000002
decision_type=2 2 2 2 2 2 2 2 2 2 2 2 2 2 2 2 2 2 2 2 2 2 2 2 2 2 2 2 2 2
left_child=1 2 3 5 6 8 7 15 -1 13 14 12 -3 -10 18 16 -5 -13 -11 21 -4 23 25 27 -22 -20 -14 -2 -29 -30
right_child=19 11 20 4 -6 -7 -8 -9 9 10 -12 17 26 -15 -16 -17 -18 -19 22 -21 24 -23 -24 -25 -26 -27 -28 28 29 -31
leaf_value=-0.050055515284100099 0.050007093474009778 0.040130847837770427 0.050079404858372194 -0.0046739491900795842 -0.033287471806774382 -0.050082680228797118 0.047144776148642958 -0.042056402079109823 0.04792512735435428 -0.05013090930396983 0.016301898249173271 -0.047270983593852685 -0.050001116774640468 0.0099327036432378668 -0.010128004092084942 0.050570608064857837 0.050047810820648124 -0.050098267964468202 -0.050002664497155992 0.050110905375413961 0.050006862241480099 0.050045157097204342 -0.050041233989803958 0.050014879796186712 0.050016564035339897 -0.050014369882014603 -0.05000977389462577 0.05000261536859224 0.05000092959271496 0.050001357383568569
leaf_weight=0.011224784781006747 0.0014510426590277348 0.0034139486542699151 0.0087247883275267668 0.0043530651419132482 0.03570649097673595 0.023454422381291806 0.041437377163674682 0.018907944364400464 0.014192757294949843 0.0054434731864603236 0.012684384710155427 0.0062363901906792299 0.001132537139710621 0.0090966130155720748 0.005600562086328865 0.017800014345993986 0.0052783172232011566 0.016382134394007153 0.0018138029854526394 0.0022083199582993993 0.0022884610170876849 0.0038702333113178611 0.0016925419567996869 0.0016725641035009176 0.0024246514731203206 0.0010191361016040901 0.0010061963512271177 0.0010824765067809494 0.0010673144315660466 0.0011564471287783817
leaf_count=29 13 7 21 17 8 39 20 14 30 5 5 31 60 27 2 32 30 34 56 1 34 5 4 7 11 8 10 23 61 48
internal_value=4.41545e-05 -0.00244407 0.00211177 -0.000960465 0.0090195 -0.0152532 0.0262295 0.00752664 -0.00223858 0.00817471 -0.0123591 -0.0385308 0.00541304 0.0330856 -0.035709 0.0417033 0.0253154 -0.0493187 -0.0500804 0.0500368 0.0500557 0.0500209 -0.0500197 0.0500063 0.0500119 -0.0500069 -0.0500052 0.0500033 0.0500016 0.0500012
internal_weight=0.263823 0.251315 0.223144 0.209706 0.123483 0.0862225 0.0877767 0.0463393 0.0627681 0.0515433 0.0282539 0.0281712 0.00555268 0.0232894 0.0155695 0.0274314 0.00963138 0.0226185 0.00996895 0.0125084 0.0134379 0.0103001 0.00452548 0.00642984 0.00471311 0.00283294 0.00213873 0.00475728 0.00330624 0.00222376
internal_count=692 534 392 326 121 205 113 93 166 137 80 142 77 57 75 79 47 65 73 158 66 157 68 152 45 64 70 145 132 109
is_linear=0
shrinkage=0.05


Tree=213
num_leaves=31
num_cat=0
split_feature=7 10 27 14 5 32 10 21 20 21 10 5 0 23 9 20 29 5 33 0 28 10 21 22 17 32 10 12 24 9
split_gain=0.0134288 0.0112243 0.0175212 0.0151731 0.0195227 0.0170425 0.0177135 0.00855566 0.0136614 0.00469433 0.00447516 0.003584 0.00380639 5.07019e-09 4.56443e-09 1.70346e-09 1.31385e-09 5.0962e-10 2.12283e-10 1.84143e-10 1.10657e-10 3.29836e-11 1.87649e-11 1.18121e-11 1.01654e-11 2.94781e-12 2.32418e-12 1.46306e-12 5.07246e-13 9.67108e-15
threshold=2.5000000000000004 7.8300440311431894 7.5000000000000009 1.0000000180025095e-35 177876.00000000003 1.5000000000000002 6.4869177341461191 364938.00000000006 3304.0000000000005 100679.50000000001 6.9049172401428232 31529.000000000004 151032.50000000003 1.0035824179649355 3.1739019155502324 88.000000000000014 2.5000000000000004 98512.000000000015 1.5000000000000002 195408.00000000003 124.50000000000001 6.6222393512725839 75534.000000000015 24558.546875000004 768.00000000000011 1.5000000000000002 6.9839320182800302 2.8184688091278081 2.1761068105697636 2.1349182128906254
decision_type=2 2 2 2 2 2 2 2 2 2 2 2 2 2 2 2 2 2 2 2 2 2 2 2 2 2 2 2 2 2
left_child=1 2 3 -1 5 9 -7 8 10 -5 -8 12 18 16 15 -11 20 21 22 26 24 23 -4 25 -3 27 -17 -2 -26 -30
right_child=17 13 11 4 -6 6 7 -9 -10 14 -12 -13 -14 -15 -16 19 -18 -19 -20 -21 -22 -23 -24 -25 28 -27 -28 -29 29 -31
leaf_value=-0.011779179673399743 -0.050005317210356559 0.050006747063154881 -0.050001456266816839 0.014260557488824885 0.050164504333318996 -0.050096334569776774 0.050098057588167579 0.050147376722354531 -0.050071391772667541 0.050059792276922782 -0.0046370897670346264 -0.05008582929230361 0.020692275323131532 0.050105485500928637 0.050080452658403996 0.050006147023150926 0.050047827672438094 -0.05002658538149464 -0.050033139938038387 0.050021857573394113 0.050016472793442374 -0.050014469322938696 -0.050010451641973125 -0.050007779453725754 0.050002470658102594 -0.050001579663803933 0.050003337766208626 -0.050003020963657212 0.050001220294837126 0.050001000794062569
leaf_weight=0.079832528426777571 0.0015597122892359039 0.0013802837893308606 0.001254479235285543 0.01975279584985401 0.031499011136475019 0.020359887224913109 0.0079464671653113328 0.0091501262504607439 0.010462932114023715 0.0029710184899158776 0.0070451516003231527 0.018557304672867758 0.0044370973337208852 0.0021008404437452563 0.0077890780521556726 0.0014851325177005492 0.0029433321669785073 0.0050688130386333796 0.0010010196219809586 0.0033796555653680116 0.0024256588003481738 0.0010302725131623447 0.0010779256263049319 0.0022676826520182658 0.0010413701147626853 0.0015499533228648943 0.0014600891900045099 0.0012493434187490493 0.0010050469099951442 0.00100224034031271
leaf_count=27 19 13 63 19 24 29 36 35 10 3 11 32 8 1 5 13 9 17 4 15 9 6 6 28 24 73 30 21 46 56
internal_value=4.54924e-05 0.0026849 0.000229557 0.00520364 0.0161993 0.00454526 -0.0130914 0.00868076 -0.00622521 0.0308604 0.0243759 -0.0381483 -0.00963949 0.050035 0.0500522 0.0500286 0.0500199 -0.0500143 -0.0500139 0.0500139 0.0500079 -0.0500061 -0.0500056 -0.0500049 0.0500032 -0.0500033 0.0500048 -0.0500043 0.0500016 0.0500011
internal_weight=0.254086 0.24136 0.229462 0.203134 0.123301 0.0918023 0.0549646 0.0346047 0.0254546 0.0368378 0.0149916 0.0263278 0.00777052 0.0118988 0.017085 0.0092959 0.00979793 0.0127258 0.00333342 0.00632488 0.0068546 0.00765696 0.0023324 0.00662669 0.00442894 0.00435901 0.00294522 0.00280906 0.00304866 0.00200729
internal_count=692 528 370 257 230 206 121 92 57 85 47 113 81 158 66 61 157 164 73 58 148 147 69 141 139 113 43 40 126 102
is_linear=0
shrinkage=0.05


Tree=214
num_leaves=31
num_cat=0
split_feature=18 19 21 25 10 12 5 30 23 20 28 9 3 0 10 18 33 22 17 33 9 14 5 23 10 5 19 10 25 28
split_gain=0.0122152 0.0138419 0.0177894 0.0189507 0.0159445 0.0144118 0.0165265 0.0137366 0.0110053 0.0104367 0.00992946 0.00772755 0.00394919 0.00282978 0.00147277 0.000116049 0.000203063 5.90326e-08 5.27616e-08 1.08024e-08 8.24318e-09 7.74451e-09 2.73232e-09 7.56809e-10 6.58949e-10 1.79349e-10 1.77105e-11 1.52043e-11 1.57651e-12 9.53901e-13
threshold=3128832.0000000005 144664.89062500003 311811.00000000006 0.99957478046417247 6.4869177341461191 2.8961431980133061 98512.000000000015 1.0000000180025095e-35 0.33447265625000006 3.0000000000000004 133.50000000000003 0.01840079948306084 5.5000000000000009 128332.50000000001 7.1517684459686288 250880.00000000003 1.0000000180025095e-35 143329.16406250003 768.00000000000011 2.5000000000000004 0.079586289823055281 2.5000000000000004 98512.000000000015 0.94377788901329052 7.3105976581573495 62261.500000000007 19181.713867187504 7.6910860538482675 1.2286116480827334 108.00000000000001
decision_type=2 2 2 2 2 2 2 2 2 2 2 2 2 2 2 2 2 2 2 2 2 2 2 2 2 2 2 2 2 2
left_child=1 2 3 4 5 6 7 9 12 -1 15 -6 -5 -13 19 16 -4 -17 -15 22 26 24 23 25 -19 28 29 -26 -10 -11
right_child=-2 -3 10 8 11 -7 -8 -9 14 20 -12 13 -14 18 -16 17 -18 21 -20 -21 -22 -23 -24 -25 27 -27 -28 -29 -30 -31
leaf_value=0.050151960714023038 0.050356938785113242 -0.024317790140763702 0.050073982814310351 0.049681814910604367 -0.012759949095268244 -0.050124753792020131 0.046939060882322747 0.050087006418907287 -0.05000656659795804 -0.050003384560808765 -0.0081354492033549938 0.017122627724782444 -0.030484794790234873 0.050205952916430097 -0.022808583959065685 0.050208704613856993 0.022001885437721875 0.050036950685300279 0.05006104159477312 -0.050111054185916729 -0.050083108566165435 0.05012428649168639 -0.050074538381154367 -0.050039405808395249 0.050008898686773932 -0.050026401283755656 -0.050009450875514366 0.05000185744050404 -0.050004045148569813 -0.050001579293462842
leaf_weight=0.0030208393000066272 0.011503033791086636 0.055197079927893355 0.001680595727520994 0.0047600358484487506 0.0080968866332113976 0.015756913715449627 0.015560018023279554 0.0058953236730303607 0.0014721849229317749 0.0017596908037376116 0.010257239646307426 0.0087529411921423161 0.0022683223969579558 0.01222356111247791 0.006067089576390571 0.01743023314520542 0.0010446196665725438 0.0029481357778422534 0.012921217496113968 0.0085369817134051118 0.014150135551972198 0.0024733685422688723 0.0050290585350012398 0.0092386471405916382 0.0012090910204278771 0.0017222132773895282 0.0013935055021647713 0.0020952099248461309 0.0010708372674343991 0.0012526407517725602
leaf_count=1 8 33 5 34 24 26 6 15 21 44 13 22 27 14 12 22 49 4 39 9 27 1 8 19 9 7 18 88 23 64
internal_value=4.74478e-05 -0.00241218 0.00430192 -0.00397901 0.00759496 -0.00921352 0.00576678 -0.0175529 -0.0330206 -0.0360338 0.034124 0.0311255 0.023809 0.0416081 -0.0450742 0.0491325 0.0393135 0.0501556 0.0501315 -0.0500645 -0.0500645 0.0500494 -0.0500431 -0.0500314 0.0500198 -0.0500139 -0.0500048 0.0500044 -0.0500055 -0.0500026
internal_weight=0.246788 0.235285 0.180088 0.140949 0.100784 0.0587891 0.0430322 0.0274721 0.0401654 0.0215768 0.0391385 0.0419946 0.00702836 0.0338977 0.033137 0.0288813 0.00272522 0.026156 0.0251448 0.0270699 0.018556 0.00872581 0.0185329 0.0135039 0.00625244 0.00426524 0.00440584 0.0033043 0.00254302 0.00301233
internal_count=692 684 651 460 300 201 175 169 160 154 191 99 61 75 99 178 54 124 53 87 153 102 78 70 101 51 126 97 44 108
is_linear=0
shrinkage=0.05


Tree=215
num_leaves=30
num_cat=0
split_feature=7 10 27 14 5 25 11 2 25 11 24 20 27 12 9 18 5 12 27 27 5 28 11 19 11 3 10 10 10
split_gain=0.0123307 0.010535 0.0160738 0.014004 0.0183077 0.0130855 0.0104111 0.00914285 0.00564706 0.00522767 0.00393022 0.0089992 0.00359695 0.000841126 8.95027e-06 1.05403e-08 4.92623e-09 5.27365e-09 4.71977e-09 1.01576e-09 4.09625e-10 5.28291e-11 4.32924e-11 2.58505e-11 4.51424e-12 1.56514e-12 1.27097e-12 1.14776e-12 4.60811e-13
threshold=2.5000000000000004 7.8300440311431894 7.5000000000000009 1.0000000180025095e-35 177876.00000000003 1.0183655619621279 5.3011872768402108 17368.000000000004 0.75166326761245739 3.6899331808090214 2.6682128906250004 1561.0000000000002 9.5000000000000018 2.865266084671021 2.8991600275039677 88320.000000000015 123666.50000000001 3.0344158411026005 16.500000000000004 8.5000000000000018 98512.000000000015 124.50000000000001 4.8049938678741464 22446.730468750004 4.7721533775329599 5.5000000000000009 7.0746397972106942 7.988032579421998 5.7002520561218271
decision_type=2 2 2 2 2 2 2 2 2 2 2 2 2 2 2 2 2 2 2 2 2 2 2 2 2 2 2 2 2
left_child=1 2 3 -1 5 7 10 8 -5 12 -7 13 -4 -12 -11 -10 17 22 19 21 23 24 26 25 27 28 -17 -3 -2
right_child=20 18 9 4 -6 6 -8 -9 15 14 11 -13 -14 -15 -16 16 -18 -19 -20 -21 -22 -23 -24 -25 -26 -27 -28 -29 -30
leaf_value=-0.011457483205419004 -0.050004569903510904 0.050003307291219934 0.040732500485279155 0.0085637074111507335 0.050149513536709191 -0.0500792764394326 0.031567648604588716 -0.016979016446740974 0.05012693786517565 -0.04792954287054571 0.013737940109803554 -0.04487872055169384 -0.050005235173489641 0.050040655293961379 -0.050096594869343238 0.050005562111581858 0.050098143395939869 0.050096010927556889 0.050102799832821315 0.050040293736425927 -0.050024734186998557 0.050013723721667104 0.050012954509437657 -0.05000941764260787 0.050001059677653351 -0.050001612073143645 0.050003445427460082 0.050005565647222916 -0.050003305552783185
leaf_weight=0.07665983002516441 0.0011567544024728704 0.0011893064065588987 0.0031179976740531848 0.012957767674379284 0.029426771150610875 0.014209074579412118 0.0085418170292541618 0.011247787762840744 0.0091301448410376906 0.0079935407147786464 0.0031713744956505243 0.0094296608658623882 0.0016810327442726702 0.0032112548105942551 0.011795954624176375 0.0013437097586574964 0.0046760533004999169 0.0024477779443259351 0.0020475767087191352 0.003422506881179288 0.0047220652750183945 0.0015366557272500359 0.003148325820802711 0.0027656718675643788 0.0018824542285074131 0.0011393555605536676 0.0015018395151855657 0.0010676781639631372 0.0019115454524580855
leaf_count=27 17 32 5 12 24 17 34 16 4 31 21 12 59 21 18 13 3 6 1 5 17 7 14 31 100 58 33 13 41
internal_value=5.231e-05 0.00263361 0.000184121 0.00508016 0.0161579 0.00439237 -0.0171372 0.0222651 0.0348031 -0.0378681 -0.0309949 -0.0138455 0.00894835 0.0320027 -0.0492213 0.0500857 0.050057 0.0500342 0.0500342 0.0500188 -0.0500134 0.0500058 0.0500089 -0.0500057 0.0500029 -0.0500032 0.0500044 0.0500044 -0.0500038
internal_weight=0.238533 0.226838 0.215692 0.191103 0.114443 0.0850166 0.0385632 0.0464534 0.0352056 0.0245885 0.0300214 0.0158123 0.00479903 0.00638263 0.0197895 0.0222479 0.0131177 0.00844165 0.0111462 0.0090986 0.0116954 0.00567609 0.00599388 0.00697333 0.00413944 0.00420766 0.00284555 0.00225698 0.0030683
internal_count=692 528 370 257 230 206 105 101 85 113 71 54 64 42 49 73 69 66 158 157 164 152 60 147 145 116 46 45 58
is_linear=0
shrinkage=0.05


Tree=216
num_leaves=31
num_cat=0
split_feature=7 18 19 18 25 10 25 21 19 3 25 27 28 9 17 5 10 10 25 10 18 0 27 5 12 22 28 19 11 3
split_gain=0.0117169 0.0105045 0.0149447 0.0153022 0.0112558 0.0224202 0.0111842 0.0135846 0.00993983 0.0105408 0.0136229 0.00511703 0.00467548 0.00771955 0.00105214 0.00129255 0.00501479 0.000178667 7.02741e-08 5.1e-08 3.9039e-09 1.97647e-09 6.99554e-10 3.5256e-10 1.06117e-10 4.38034e-11 2.28838e-11 2.22445e-11 7.9436e-12 1.34673e-12
threshold=2.5000000000000004 3128832.0000000005 144664.89062500003 85248.000000000015 0.6642267405986787 6.4663562774658212 1.0092352628707888 311811.00000000006 12256.000000000002 3.5000000000000004 0.99957478046417247 7.5000000000000009 118.50000000000001 3.126909732818604 768.00000000000011 5322.0000000000009 6.7254662513732919 6.7254662513732919 0.7577103078365327 7.0903625488281259 121088.00000000001 263188.00000000006 8.5000000000000018 98512.000000000015 2.226447701454163 41486.400390625007 76.500000000000014 22446.730468750004 4.7445175647735605 5.5000000000000009
decision_type=2 2 2 2 2 2 2 2 2 2 2 2 2 2 2 2 2 2 2 2 2 2 2 2 2 2 2 2 2 2
left_child=1 2 3 8 -5 -6 17 12 9 -1 14 19 13 25 15 -11 24 -7 -19 -9 22 -21 28 27 -17 -8 -23 29 -20 -2
right_child=23 -3 -4 4 5 6 7 11 -10 10 -12 -13 -14 -15 -16 16 -18 18 20 21 -22 26 -24 -25 -26 -27 -28 -29 -30 -31
leaf_value=-0.050057258174597642 -0.050003597509468638 0.05034642643371217 -0.023184572304676791 0.049128621223753388 -0.032651139567879427 0.039476943118800484 0.050004049199152668 0.050215825489544931 -0.050075844470575594 0.050165799577680893 -0.050050954472812471 -0.013945468840475553 -0.044377069288064196 -0.0500460868109203 0.050100761832530018 -0.050024473227293809 0.050157400823249522 0.050259275853769228 0.050003260544564387 0.050072740858000189 0.05007382766051293 0.050001472259499226 0.050039982323938963 -0.050023527117909895 -0.050001881039735588 0.05001404765268555 0.050009445889734785 -0.050008957468884833 0.050008623055709793 -0.050001533516884328
leaf_weight=0.0079950405051931739 0.0029186676156314206 0.010938139093923382 0.051928473876614589 0.022751109863747843 0.023114345829526428 0.0047516145277768365 0.0020529445973807015 0.0095482732285745442 0.01489676620985847 0.0032941126264631748 0.0057975536819867548 0.003937639979994855 0.010982318432070315 0.0034299696708330885 0.0091212391562294215 0.0010145883470613626 0.0031282571144402027 0.0056533271363150553 0.0013806110873701974 0.0014505331637337813 0.011809210049250396 0.0024819515956551186 0.0033276017347816378 0.0044918731255165767 0.0010657447228368255 0.0023486105965275783 0.0014115819049038691 0.0026308120350222453 0.0013817522049066611 0.0010837901982085896
leaf_count=8 58 8 30 12 35 8 27 3 28 1 25 6 9 5 9 10 1 8 31 1 39 128 5 17 50 14 18 31 9 58
internal_value=5.51507e-05 0.00257564 8.80903e-05 0.00773078 0.0177412 0.00972319 0.0245751 0.00672056 -0.0164371 -0.000486633 0.0164345 0.036744 -0.0233286 0.00618813 0.0383055 0.0256523 0.010149 0.0483213 0.0501056 0.0501466 0.0500571 0.0500229 0.0500245 -0.0500127 -0.0500129 0.0500094 0.0500044 -0.0500054 0.0500059 -0.050003
internal_weight=0.232118 0.220993 0.210055 0.158127 0.111813 0.0890623 0.0659479 0.0376438 0.0463133 0.0314165 0.0234215 0.01883 0.0188138 0.00783152 0.0176239 0.0085027 0.00520859 0.0283041 0.0235525 0.0148923 0.0178992 0.00534407 0.00608997 0.0111251 0.00208033 0.00440156 0.00389353 0.00663327 0.00276236 0.00400246
internal_count=692 528 520 490 358 346 311 211 132 104 96 156 55 46 71 62 61 100 92 150 84 147 45 164 60 41 146 147 40 116
is_linear=0
shrinkage=0.05


Tree=217
num_leaves=27
num_cat=0
split_feature=7 4 24 18 19 23 17 11 24 18 32 18 9 11 14 20 9 24 18 19 19 21 21 9 17 32
split_gain=0.0111407 0.0109817 0.0112959 0.0147856 0.0285892 0.00807907 0.00716396 0.00502388 0.00386131 0.00347576 0.00275861 0.00105398 0.000644237 0.00120761 2.74216e-08 2.84022e-09 2.40089e-09 1.67341e-09 9.29232e-10 2.73258e-10 2.54798e-11 2.2589e-11 4.6823e-11 5.72381e-12 5.02917e-12 1.86634e-12
threshold=2.5000000000000004 258.50000000000006 4.0291795730590829 219904.00000000003 31004.444335937504 0.93412640690803539 1.0000000180025095e-35 5.3011872768402108 0.99506324529647838 712192.00000000012 1.0000000180025095e-35 87552.000000000015 0.10818690434098245 2.7872670888900761 1.0000000180025095e-35 919.50000000000011 3.5704451799392705 0.99958947300910961 432128.00000000006 44714.666015625007 22446.730468750004 255046.50000000003 140300.00000000003 2.6069017648696904 7936.0000000000009 1.5000000000000002
decision_type=2 2 2 2 2 2 2 2 2 2 2 2 2 2 2 2 2 2 2 2 2 2 2 2 2 2
left_child=1 2 3 4 10 6 -3 -7 -8 -5 -1 -10 13 -12 -13 17 -14 -16 21 20 25 22 23 -17 -23 -2
right_child=19 5 -4 9 -6 7 8 -9 11 -11 12 14 16 -15 15 18 -18 -19 -20 -21 -22 24 -24 -25 -26 -27
leaf_value=-0.012044000364822583 -0.050003764871333012 -0.019395756892134536 0.027806317271475874 -0.037217743638347768 0.039883624659183728 -0.029650479867220358 0.0033176543877013773 0.021364498972095105 0.029962680983815396 -0.014441198434534251 -0.050004892301144611 0.050142598676098084 -0.050036000084164638 0.02019669352807096 0.050077882749859651 0.050002998603647313 -0.050080178825473998 0.050030488687250109 0.050047156451239388 -0.050021830118847511 -0.050009395399912726 0.050005024703273199 0.050014902720437772 0.050007116786377884 0.050000851802099337 -0.05000148887717222
leaf_weight=0.010733892981079407 0.0023447163912351243 0.0062275695963762692 0.022119913992355578 0.036616556779335951 0.031273621527361684 0.011157152226587641 0.0066565258021000764 0.0085045547020854428 0.0087557832666789182 0.030872181938320864 0.0015660675908293351 0.0080545700620859861 0.0060406854709071922 0.0010061781495096511 0.0037700318935094393 0.0015986656417226186 0.006264543357247021 0.00368099898150831 0.0017201312584802517 0.0042854027960856911 0.002490021764060657 0.0017314543556494755 0.001947452466993127 0.0017867883616418112 0.0012385134177748114 0.0014625502226408571
leaf_count=15 39 8 27 38 28 28 8 24 6 16 56 3 34 6 12 31 6 37 2 18 30 39 9 15 80 77
internal_value=6.20556e-05 0.00254616 -0.00511618 -0.0109715 0.0078062 0.0193422 0.0305663 -0.00758425 0.038166 -0.0267988 -0.031363 0.0449321 -0.0453014 -0.0225443 0.0500663 0.0500311 -0.0500585 0.0500545 0.0500137 -0.0500121 -0.0500055 0.0500068 0.0500087 0.0500052 0.0500033 -0.0500029
internal_weight=0.223907 0.213324 0.146494 0.124374 0.056885 0.0668302 0.0471685 0.0196617 0.0409409 0.0674887 0.0256114 0.0342844 0.0148775 0.00257225 0.0255286 0.017474 0.0123052 0.00745103 0.010023 0.0105827 0.00629729 0.00830287 0.00533291 0.00338545 0.00296997 0.00380727
internal_count=692 528 226 199 145 302 250 52 242 54 117 234 102 62 228 225 40 49 176 164 146 174 55 46 119 116
is_linear=0
shrinkage=0.05


Tree=218
num_leaves=31
num_cat=0
split_feature=21 14 32 25 21 32 31 4 25 25 29 14 17 3 14 4 21 11 12 25 25 19 12 3 19 25 24 23 12 12
split_gain=0.0111446 0.0126687 0.0232581 0.0191421 0.0095113 0.0145053 0.00838018 0.009057 0.0149515 0.0111712 0.00679293 0.00424689 0.00305729 0.00473328 0.000817932 0.000143647 8.37819e-05 4.64742e-05 1.58668e-06 4.21913e-08 1.08487e-08 9.8256e-09 6.41052e-09 3.32486e-09 1.76656e-09 1.15077e-09 1.13592e-09 6.06434e-10 5.44266e-10 1.15502e-09
threshold=3128524.0000000005 1.0000000180025095e-35 2.5000000000000004 0.66238051652908336 186559.50000000003 1.0000000180025095e-35 3.5000000000000004 264.50000000000006 0.98827463388443004 0.87433969974517833 1.5000000000000002 1.5000000000000002 5376.0000000000009 4.5000000000000009 3.5000000000000004 799.00000000000011 22765.000000000004 4.5098352432250985 1.366844713687897 0.79715943336486828 0.66238051652908336 47978.666015625007 3.0006167888641362 5.5000000000000009 180608.00000000003 0.97418808937072765 3.0445498228073125 0.82239583134651195 1.8361335992813113 2.1769183874130253
decision_type=2 2 2 2 2 2 2 2 2 2 2 2 2 2 2 2 2 2 2 2 2 2 2 2 2 2 2 2 2 2
left_child=1 3 4 -1 5 14 7 8 10 22 26 12 15 -14 16 -11 -3 -6 -19 -20 -18 27 23 -9 28 -22 -4 -10 -21 -30
right_child=-2 2 6 -5 17 -7 -8 9 21 11 -12 -13 13 -15 -16 -17 20 18 19 24 25 -23 -24 -25 -26 -27 -28 -29 29 -31
leaf_value=0.0037399558240896222 0.050335540763343671 0.041359713312489978 -0.050005740502775377 -0.050235822122904776 0.045365785725664798 -0.024346335831592479 0.043984941921312339 -0.050101372272929046 -0.050008666727461397 0.039724211789159726 0.033325090118436602 -0.033559437170682958 0.050002364195702337 -0.050030314589989272 0.021172350213720076 0.050108000805334223 0.050148992404712517 0.049134559335549194 0.05022921692431162 0.050057980359875277 0.050015477067499259 -0.05009015308540217 -0.050155025750209296 -0.050007046328733276 0.050083255084854339 0.050057583466996396 -0.050066119405199852 -0.050036942875299278 0.050066478428864303 0.05000696123968295
leaf_weight=0.036581198011845117 0.010494284040760249 0.0038747851431253375 0.0019027053986064866 0.029812717255481402 0.0076348218017301397 0.015967891858053918 0.0061037420355205532 0.0020193362142890683 0.0026024728431366384 0.0070325107062672032 0.010127784599717415 0.0028204189620737443 0.0022702593751091618 0.0024682006915099919 0.0037539825098065185 0.0063272131410485599 0.0030638763710157946 0.005458077295770635 0.0053821874516870585 0.0034568991977721453 0.003509701649818453 0.021447324130349443 0.0030813396442681551 0.0017385433393428684 0.0048887953162193298 0.0030180454705259763 0.0013189277378842235 0.006987070209106605 0.0013260768027976155 0.002115740287990775
leaf_count=31 8 9 64 20 24 29 8 1 47 24 17 9 110 5 38 33 2 8 4 3 43 26 1 51 3 5 1 23 1 44
internal_value=6.16353e-05 -0.00247372 0.00597106 -0.0204967 0.0284664 0.00998083 -0.0122703 -0.0170298 -0.0310395 0.00537258 0.0132088 0.0235095 0.0324032 -0.00210332 0.0418113 0.044642 0.0475647 0.048739 0.0498772 0.0501132 0.0500714 -0.0500713 -0.0501016 -0.0500577 0.0500603 0.0500349 -0.0500305 -0.0500293 0.050044 0.0500299
internal_weight=0.218587 0.208093 0.141699 0.0663939 0.0634509 0.0331883 0.0782478 0.0721441 0.0443863 0.0277578 0.0133494 0.0209186 0.0180982 0.00473846 0.0172204 0.0133597 0.0134664 0.0302626 0.0226278 0.0171697 0.00959162 0.0310369 0.00683922 0.00375788 0.0117875 0.00652775 0.00322163 0.00958954 0.00689872 0.00344182
internal_count=692 684 633 51 213 126 420 412 178 234 82 181 172 115 97 57 59 87 63 55 50 96 53 52 51 48 65 70 48 45
is_linear=0
shrinkage=0.05


Tree=219
num_leaves=30
num_cat=0
split_feature=10 18 19 19 24 2 12 24 27 9 23 3 9 20 24 12 3 23 28 23 3 9 12 20 19 28 18 10 4
split_gain=0.0109428 0.0117046 0.0122415 0.0131268 0.0169371 0.0119606 0.0149951 0.0135158 0.0117443 0.0100758 0.00567437 0.00809822 0.00261689 0.00354891 0.00145645 2.81809e-05 4.85873e-09 4.80427e-09 2.86139e-09 1.94131e-09 7.37692e-10 2.59546e-10 2.579e-10 4.09492e-11 2.40904e-11 1.3988e-11 8.92552e-12 1.84967e-12 1.16658e-12
threshold=7.3105976581573495 3128832.0000000005 144664.89062500003 115968.00000000001 1.1890218853950503 17368.000000000004 2.8961431980133061 0.99580129981040966 3.5000000000000004 4.1499738693237314 0.60693359375000011 5.5000000000000009 4.3648359775543222 20332.000000000004 2.6682128906250004 2.7767953872680669 3.5000000000000004 0.93320313096046459 159.50000000000003 0.92722573876380932 5.5000000000000009 3.126909732818604 2.5452164411544804 15.500000000000002 19181.713867187504 78.500000000000014 391424.00000000006 7.7303879261016855 264.50000000000006
decision_type=2 2 2 2 2 2 2 2 2 2 2 2 2 2 2 2 2 2 2 2 2 2 2 2 2 2 2 2 2
left_child=1 2 3 4 5 6 7 -1 -8 16 11 14 -11 -14 -6 -9 -2 20 21 23 -7 22 25 -18 -22 -12 27 -25 -29
right_child=9 -3 -4 -5 10 17 8 15 -10 12 18 -13 13 -15 -16 -17 19 -19 -20 -21 24 -23 -24 26 -26 -27 -28 28 -30
leaf_value=-0.013112043417844776 0.050081244832019901 0.050342622727946741 -0.031230990655075654 0.035734997186445641 0.0020527443259482081 -0.050042195344101537 -0.049263145537214927 0.047043240904816243 0.02106569311716161 -0.046606670640211879 -0.050012958028876266 -0.050053886019270147 0.050019729017210725 -0.032890290789978564 0.049263952302722291 0.050056598828520218 0.050014504202614121 -0.050103464229959552 -0.050065307381936132 0.050045187203388089 -0.050001639682004745 -0.050035804772771898 -0.050031533675335728 0.05000455127735829 -0.05001090083778708 -0.050005042609047479 0.050008055578724411 0.050002915299033369 0.050000797179656754
leaf_weight=0.012403562440340465 0.0061660968895012038 0.0092822403821628541 0.040840788591594901 0.021602569038805086 0.0028170138275527279 0.0026350074276706437 0.013426348134089494 0.014842097383734654 0.010640527127179666 0.0037107637817825889 0.0010089837860505213 0.0061376051417028066 0.0025736847437656252 0.002589111274573952 0.0038886179581822944 0.016257454655715264 0.0011200097687833477 0.0028057775343768299 0.010602066064166138 0.0068415855848797946 0.0016548247986065689 0.0074577768755261786 0.0026711886930570472 0.001016369820717955 0.0012197722689961665 0.0012491326110648515 0.001001004546196782 0.0015861801084611216 0.001101472676054982
leaf_count=32 7 4 27 14 12 10 27 33 18 10 11 36 31 9 35 9 5 2 27 30 94 15 10 17 17 29 8 32 81
internal_value=5.87772e-05 -0.00436484 -0.00728058 5.62868e-05 -0.00684281 0.00653507 0.0134986 0.0310179 -0.0181691 0.0293476 -0.0351743 -0.00855389 -0.014579 0.00844085 0.0294307 0.0486185 0.0500448 -0.0500502 -0.0500462 0.0500271 -0.0500231 -0.0500299 -0.050021 0.0500059 -0.0500056 -0.0500086 0.0500039 0.0500027 0.050002
internal_weight=0.21115 0.183443 0.174161 0.13332 0.111718 0.0758854 0.06757 0.0435031 0.0240669 0.0277063 0.0358324 0.0128432 0.00887356 0.0051628 0.00670563 0.0310996 0.0188327 0.00831538 0.0229891 0.0126666 0.0055096 0.0123871 0.00492931 0.00582504 0.0028746 0.00225812 0.00470503 0.00370402 0.00268765
internal_count=692 462 458 431 417 242 119 74 45 230 175 83 50 40 47 42 180 123 92 173 121 65 50 143 111 40 138 130 113
is_linear=0
shrinkage=0.05


Tree=220
num_leaves=29
num_cat=0
split_feature=7 4 12 19 28 12 27 28 18 5 18 5 18 5 28 12 23 27 4 33 20 5 28 19 6 18 11 32
split_gain=0.0101296 0.00955536 0.0110496 0.0141772 0.0124084 0.00822535 0.00849559 0.0081615 0.00781199 0.00748592 0.00699821 0.00586222 0.00272963 0.00257411 0.000740608 0.00284796 1.53237e-08 8.16241e-09 6.14289e-09 8.41609e-10 2.64656e-10 2.24361e-10 2.37961e-11 1.7775e-11 1.20747e-11 6.83721e-12 1.842e-12 1.58004e-12
threshold=2.5000000000000004 258.50000000000006 3.2052499055862431 31004.444335937504 133.50000000000003 3.0123689174652104 1.5000000000000002 80.500000000000014 22528.000000000004 72034.000000000015 360960.00000000006 40976.000000000007 265216.00000000006 4769.0000000000009 92.500000000000014 2.7116147279739384 0.9904722571372987 1.5000000000000002 264.50000000000006 1.5000000000000002 2977.0000000000005 115486.00000000001 114.50000000000001 22446.730468750004 4227072.0000000009 196096.00000000003 3.9012377262115483 1.5000000000000002
decision_type=2 2 2 2 2 2 2 2 2 2 2 2 2 2 2 2 2 2 2 2 2 2 2 2 2 2 2 2
left_child=1 2 3 11 10 6 -3 13 -9 -10 -5 14 22 -8 -1 20 18 -7 -15 -19 -16 23 -11 27 26 -26 -20 -2
right_child=21 5 -4 4 -6 17 7 8 9 12 -12 -13 -14 16 15 -17 -18 19 24 -21 -22 -23 -24 -25 25 -27 -28 -29
leaf_value=-0.049801047569158839 -0.050003551072939446 -0.049539596553079095 -0.031635653643646559 0.0072688323148102215 -0.019838618779076091 0.050130274342730964 -0.018863133515137864 0.050136310900750151 -0.043088817915016085 0.050003367933152403 0.041908693928361399 0.014635075025561406 -0.014724126224385648 0.050079538487005283 -0.050005129596453403 0.04617147621240375 0.050167570395357186 0.050037397998673599 0.050004012236518007 0.050070214463984276 -0.050035895082476238 -0.050020856433067251 0.050011115670239054 -0.050008217237099133 0.050009695577066297 0.050004882430299491 0.050001104637865147 -0.050001349803367845
leaf_weight=0.014352804866575752 0.0021936274624749785 0.0055990654582274138 0.030057292991841678 0.028728831482112582 0.021171049833355937 0.0073445012094452969 0.0014925123723514835 0.0054178757127374402 0.011348767953677452 0.0019014433346455908 0.029606713949760888 0.0054338274621841256 0.002760723014944233 0.0060918688541278243 0.0019432891740507321 0.0010309502267773496 0.00332905212417245 0.0031009835547592957 0.0011941514458158053 0.0052809371372859459 0.0010917407917077071 0.0035716897973543382 0.0020699063952633878 0.0025616750217523077 0.001669505872996524 0.0013221717563283164 0.0010015542784458376 0.0012972967883797537
leaf_count=31 39 7 15 22 28 3 13 2 28 31 34 14 8 4 70 9 1 33 15 24 3 15 19 33 9 45 60 77
internal_value=5.99817e-05 0.00253962 -0.00495248 0.00280709 0.0129499 0.0189462 0.00810937 0.0162605 -0.00252886 -0.0183098 0.0248494 -0.0310012 0.023462 0.043683 -0.0444647 -0.0256273 0.0500733 0.0500918 0.0500455 0.0500581 -0.0500162 -0.0500109 0.0500074 -0.0500051 0.0500055 0.0500076 0.0500027 -0.0500027
internal_weight=0.203966 0.194342 0.133417 0.103359 0.0795066 0.060925 0.0451986 0.0395995 0.0234987 0.0180808 0.0583355 0.0238526 0.00673207 0.0161008 0.0184188 0.00406598 0.0146083 0.0157264 0.0112793 0.00838192 0.00303503 0.00962429 0.00397135 0.0060526 0.00518738 0.00299168 0.00219571 0.00349092
internal_count=692 528 226 211 84 302 242 235 88 86 56 127 58 147 113 82 134 60 133 57 73 164 50 149 129 54 75 116
is_linear=0
shrinkage=0.05


Tree=221
num_leaves=31
num_cat=0
split_feature=0 4 0 18 12 0 4 32 23 4 4 12 11 11 20 20 24 11 24 12 14 20 33 24 11 20 23 11 20 24
split_gain=0.0102184 0.0102877 0.0109357 0.0227891 0.010199 0.017546 0.0099644 0.0106888 0.00788153 0.0078495 0.00689153 0.00407048 0.00379192 0.00540564 0.00176167 0.00401707 7.42441e-05 0.00017418 7.26793e-05 1.23805e-05 9.55991e-09 3.14139e-09 1.31116e-09 9.82554e-10 9.47789e-10 7.63925e-10 1.13237e-09 5.63995e-10 5.112e-10 8.12686e-11
threshold=3290996.0000000005 258.50000000000006 239580.00000000003 90368.000000000015 3.2052499055862431 553848.00000000012 280.50000000000006 1.5000000000000002 0.61962890625000011 264.50000000000006 799.00000000000011 2.8450480699539189 3.059562206268311 3.023827433586121 13372.000000000002 4006.0000000000005 1.237218499183655 5.3320193290710458 0.99415409564971935 2.8961431980133061 1.0000000180025095e-35 2620.0000000000005 2.5000000000000004 0.98161175847053539 3.016818761825562 88.000000000000014 0.93963217735290538 5.0555264949798593 10364.000000000002 1.4751427173614504
decision_type=2 2 2 2 2 2 2 2 2 2 2 2 2 2 2 2 2 2 2 2 2 2 2 2 2 2 2 2 2 2
left_child=1 2 3 12 5 -4 7 18 -9 -10 22 -5 13 24 15 -12 -11 -18 -3 23 -20 25 28 -14 -1 -22 -27 29 -8 -25
right_child=-2 6 4 11 -6 -7 10 8 9 16 14 -13 19 -15 -16 -17 17 -19 20 -21 21 -23 -24 27 -26 26 -28 -29 -30 -31
leaf_value=-0.050002353727258503 0.050069364868948245 0.042344112296771874 -0.047164134205828843 0.010830375239710973 -0.050260922270642022 0.013973637623014637 -0.05000708532496391 -0.047986335547751752 -0.050078205635814138 0.050088272250913529 0.032502870318216852 0.046414399806905413 -0.050060718977574331 0.050135072991647947 0.027151568415320678 -0.050026040325888747 0.023877373573670656 0.05000249736420026 0.050123904219938988 -0.046601688852426069 0.050058616192003004 0.050082325419568891 -0.050064282275012223 -0.050021220802413904 -0.050061815612817057 0.050006465330657605 0.050048439354506029 -0.050039410687136715 -0.050037114542874732 -0.050007198340505182
leaf_weight=0.0014677058006782309 0.0097145257750526071 0.0035454290919005862 0.019475809470350214 0.013622141458654369 0.023727803374640644 0.029527806400437839 0.004018973513666424 0.0060941987576370584 0.0027817670306831141 0.0056849810171115678 0.0028208130315761082 0.019600222083681729 0.0027382692351238811 0.0026869650464504957 0.0064510383235756308 0.003089281526627019 0.0010324146624043351 0.001670028666012513 0.0069871712476015082 0.0034476841738069206 0.0023390831192955375 0.0054713900499336896 0.0019935282471124083 0.0018320825083719683 0.0012332575861364603 0.0035823114785671351 0.0029137489254935645 0.0040802253315632697 0.0021892492004553787 0.0023698177951700927
leaf_count=69 12 9 37 29 7 26 89 7 3 14 36 22 7 1 8 6 24 92 3 9 2 7 2 11 1 86 4 8 5 56
internal_value=6.16231e-05 -0.00251591 -0.0107603 0.00649564 -0.0233535 -0.0103247 0.0140359 0.0279697 -0.00224964 0.0227055 -0.0144936 0.0318239 -0.0358827 -7.73339e-05 0.00908459 -0.010636 0.0468449 0.0400219 0.0489724 -0.0492167 0.050076 0.0500526 -0.050029 -0.0500348 -0.0500295 0.0500341 0.0500253 -0.0500262 -0.0500177 -0.0500133
internal_weight=0.19819 0.188475 0.12581 0.0530784 0.0727314 0.0490036 0.0626654 0.0421025 0.0172634 0.0111692 0.0205629 0.0332224 0.019856 0.00538793 0.0123611 0.00591009 0.00838742 0.00270244 0.0248391 0.0144681 0.0212937 0.0143065 0.00820175 0.0110204 0.00270096 0.00883514 0.00649606 0.00828213 0.00620822 0.0042019
internal_count=692 680 283 213 70 63 397 251 140 133 146 51 162 71 50 42 130 116 111 91 102 99 96 82 70 92 90 75 94 67
is_linear=0
shrinkage=0.05


Tree=222
num_leaves=31
num_cat=0
split_feature=0 10 22 5 0 18 9 6 11 23 25 20 5 6 11 25 12 10 12 25 22 18 9 12 22 22 22 4 23 0
split_gain=0.00971461 0.0107891 0.0104405 0.0119797 0.00973762 0.0189405 0.00910176 0.00848164 0.00861057 0.00533615 0.00836369 0.00608423 0.00724958 0.00273428 0.0048644 0.00123192 0.000895103 0.00186 5.33347e-06 7.32448e-09 3.45693e-09 1.99666e-09 1.78614e-09 1.46457e-09 5.83764e-10 2.73625e-10 1.42233e-10 7.4861e-11 4.94132e-11 1.28733e-11
threshold=3290996.0000000005 7.3105976581573495 149206.12500000003 77060.500000000015 226816.00000000003 345088.00000000006 4.1499738693237314 10518528.000000002 5.2175934314727792 0.87174478173255932 0.86845913529396068 3.0000000000000004 40976.000000000007 276824064.00000006 5.9120540618896493 0.9500412940979005 2.865266084671021 6.6406595706939706 2.3436849117279057 0.52698984742164623 270418.40625000006 94976.000000000015 0.079586289823055281 1.7103052735328677 16724.722656250004 22053.916992187504 78502.398437500015 430.50000000000006 0.018554687500000003 468992.00000000006
decision_type=2 2 2 2 2 2 2 2 2 2 2 2 2 2 2 2 2 2 2 2 2 2 2 2 2 2 2 2 2 2
left_child=1 2 3 7 16 -6 20 8 9 10 11 -1 18 14 -8 -12 17 -5 -13 -20 23 25 27 -3 -25 -9 -16 -21 -26 -30
right_child=-2 6 -4 4 5 -7 13 21 -10 -11 15 12 -14 -15 26 -17 -18 -19 19 22 -22 -23 -24 24 28 -27 -28 -29 29 -31
leaf_value=0.050120393416632728 0.050065977217073621 0.050049349899306372 -0.030207721756173235 -0.0018398789548132257 -0.039114713054768685 0.03436369845038037 -0.050103565065080603 -0.050022589776913012 0.043113800852906628 -0.050047228206631045 0.045283929239982479 -0.046729919098624478 0.036094563296394787 -0.050097336918805725 0.050029840131854242 0.010673463144624459 0.046189173801903717 0.050032922312176854 -0.050135598733970832 -0.050021892299240027 0.050075713994432502 -0.050069374863350724 -0.050057542360248189 0.050047243394265042 0.050015188716810183 -0.050042243667194689 0.050007455867956553 -0.050005579708388849 0.050002439489294705 0.05000823917610208
leaf_weight=0.0023963141720741979 0.0092413521924754605 0.0041478673228994012 0.037774816770252073 0.003347982459672493 0.016902755621231336 0.018228284348879242 0.0020626850891858339 0.0039293004983846913 0.0076100173791928674 0.0085057997648618766 0.0061022161962682731 0.0013227384133642781 0.002972910660901106 0.003251934249419719 0.0011920423712581396 0.0044429607269194094 0.017435563231629203 0.0035717232694878476 0.0027724118890546387 0.0011176490997968358 0.0049800057895481578 0.0067395479636616074 0.0071208870349437348 0.0010094627359649166 0.0012276521156309173 0.003223924038138648 0.0017537115136292414 0.0018971616518683732 0.0036146374677628046 0.0013012428471483872
leaf_count=1 12 12 25 14 27 16 1 39 8 31 28 78 6 2 2 26 33 31 3 12 4 11 16 2 5 5 45 44 142 11
internal_value=5.59415e-05 -0.00248401 -0.00729135 -5.58053e-05 0.0158545 -0.000989301 0.0283517 -0.0157895 -0.0055007 -0.0150724 -0.00520392 -0.0245217 -0.0349186 -0.014397 0.00878287 0.0307016 0.0401506 0.0249351 -0.0497537 -0.0500636 0.050041 -0.0500498 -0.0500439 0.0500257 0.050012 -0.0500314 0.0500165 -0.0500116 0.0500062 0.050004
internal_weight=0.191198 0.181956 0.157415 0.11964 0.0594863 0.035131 0.0245412 0.0601538 0.0462611 0.038651 0.0301452 0.0196001 0.0172038 0.00826037 0.00500844 0.0105452 0.0243553 0.00691971 0.0142308 0.0129081 0.0162809 0.0138928 0.0101357 0.0113009 0.007153 0.00715322 0.00294575 0.00301481 0.00614353 0.00491588
internal_count=692 680 454 429 121 43 226 308 253 245 214 160 159 50 48 54 78 45 153 75 176 55 72 172 160 44 47 56 158 153
is_linear=0
shrinkage=0.05


Tree=223
num_leaves=31
num_cat=0
split_feature=18 14 32 25 21 32 0 19 21 21 3 27 25 14 21 0 11 12 25 22 20 14 24 0 18 23 0 0 24 0
split_gain=0.00968483 0.0104517 0.0201545 0.01573 0.00790489 0.0119074 0.00639554 0.00837745 0.0109814 0.00947074 0.00833765 0.00626033 0.000802495 0.000713631 7.62823e-05 6.25964e-05 4.49724e-05 1.58634e-06 2.88968e-08 1.79201e-08 5.14999e-09 3.3295e-09 1.95587e-09 9.25154e-10 5.3368e-10 4.19089e-10 4.08525e-10 5.86119e-10 3.24264e-10 2.10133e-10
threshold=3128832.0000000005 1.0000000180025095e-35 2.5000000000000004 0.66238051652908336 186559.50000000003 1.0000000180025095e-35 116480.00000000001 132394.66406250003 328390.50000000006 144197.50000000003 5.5000000000000009 7.5000000000000009 0.98425236344337474 3.5000000000000004 22765.000000000004 335740.00000000006 4.5098352432250985 1.366844713687897 0.79715943336486828 143329.16406250003 15.500000000000002 2.5000000000000004 0.95023247599601757 553848.00000000012 94976.000000000015 0.84023436903953563 226816.00000000003 263188.00000000006 0.99740198254585277 769792.00000000012
decision_type=2 2 2 2 2 2 2 2 2 2 2 2 2 2 2 2 2 2 2 2 2 2 2 2 2 2 2 2 2 2
left_child=1 3 4 -1 5 13 22 8 9 10 12 19 -8 14 -3 -11 -6 -18 -19 -10 -16 29 -4 26 25 -24 -20 -28 -22 -21
right_child=-2 2 6 -5 16 -7 7 -9 11 15 -12 -13 -14 -15 20 -17 17 18 23 21 28 -23 24 -25 -26 -27 27 -29 -30 -31
leaf_value=0.0031049555034957542 0.050299662770750146 0.041071466389714512 -0.050082108947792761 -0.050194756895741766 0.044997971871135543 -0.023937822285452479 0.050079045355590046 -0.043195882436206486 0.050158734616195702 -0.043016845001160715 -0.048412030303989537 -0.024289006865862633 0.021386695452972192 0.020268262628430699 0.050102694506598072 -0.050068864511237182 0.049040982285835408 0.050201494253885849 0.050050652196928273 0.05000270510164942 0.050034663564354057 0.050094648935297151 -0.050004520081665074 0.050069256380989961 -0.05005472126686529 -0.050028939777105555 0.050053184091712458 0.050005658373042272 0.050007570582439653 0.050028980098546443
leaf_weight=0.031477906602958683 0.0091177837020950392 0.0033503782760817566 0.0016367968637496242 0.02470820923554129 0.0063696683628222664 0.013324059904334717 0.0054312761094479356 0.012016367341857404 0.0085356652271002531 0.0054703344067092985 0.0039973604498300128 0.0035557107803469981 0.0044203388206369709 0.0030799398282397314 0.0035649139899760485 0.0074082778496631363 0.0046704352334927526 0.004702671043560259 0.0031043146336742211 0.002219495527242544 0.0023599078704137355 0.0018858510302379727 0.0033959455695367069 0.0040914744604378939 0.0010921129724010825 0.0036404604998097057 0.0010614036582410336 0.0016685909276930033 0.0020758730652232771 0.0011579227866604924
leaf_count=31 8 9 1 20 24 29 12 19 3 23 21 6 38 38 2 19 8 4 4 113 13 1 139 3 1 22 1 43 35 2
internal_value=5.71144e-05 -0.00255354 0.00582128 -0.0203339 0.0286413 0.0101451 -0.0126885 -0.00618793 0.00390007 -0.0162091 0.0124926 0.0348699 0.037205 0.0416137 0.0474055 -0.0470734 0.0486409 0.0498433 0.0500994 0.050114 0.0500579 0.0500414 -0.0500322 0.050051 -0.0500222 -0.0500172 0.0500382 0.0500241 0.050022 0.0500117
internal_weight=0.184591 0.175474 0.119288 0.0561861 0.0534236 0.0277551 0.0658639 0.0560986 0.0440822 0.0267276 0.013849 0.0173546 0.00985161 0.014431 0.0113511 0.0128786 0.0256686 0.0192989 0.0146285 0.0137989 0.00800069 0.00526327 0.00976532 0.00992578 0.00812852 0.00703641 0.00583431 0.00272999 0.00443578 0.00337742
internal_count=692 684 633 51 213 126 420 257 238 113 71 125 50 97 59 42 87 63 55 119 50 116 163 51 162 161 48 44 48 115
is_linear=0
shrinkage=0.05


Tree=224
num_leaves=27
num_cat=0
split_feature=21 5 21 0 21 28 10 9 32 10 25 10 9 15 25 22 5 22 0 7 24 27 23 10 10 10
split_gain=0.00920215 0.0101157 0.0102876 0.00800946 0.0236821 0.0114027 0.0145457 0.00635123 0.00530111 0.0104305 0.00501865 0.00373783 0.00158982 0.000999746 0.00233787 0.000642495 3.26834e-05 2.22427e-08 3.42645e-09 1.43521e-09 1.02238e-09 6.77483e-10 1.49415e-10 4.72959e-11 2.51554e-12 5.77371e-13
threshold=3128524.0000000005 509383.00000000006 89228.000000000015 239580.00000000003 328390.50000000006 133.50000000000003 6.1701323986053476 4.4132595062255868 1.0000000180025095e-35 6.6406595706939706 0.44443522393703466 6.4869177341461191 2.5125126838684086 4.5000000000000009 1.1200762391090395 42125.199218750007 98512.000000000015 143329.16406250003 553848.00000000012 2.5000000000000004 0.96293500065803539 5.5000000000000009 0.82552084326744091 7.5671324729919442 5.7002520561218271 7.8703424930572519
decision_type=2 2 2 2 2 2 2 2 2 2 2 2 2 2 2 2 2 2 2 2 2 2 2 2 2 2
left_child=1 2 7 8 13 6 -6 10 15 -10 -1 19 -11 -5 -15 16 -4 -8 23 20 -12 -22 -23 -19 -21 -25
right_child=-2 -3 3 4 5 -7 17 -9 9 12 11 -13 -14 14 -16 -17 -18 18 -20 24 21 22 -24 25 -26 -27
leaf_value=0.041314891594552469 0.050284994955549958 -0.030734701183682201 0.045654842821048883 -0.050123583213656453 -0.050088214167516687 -0.028923101595000146 0.050143175873008761 0.031284973043066232 -0.043630048353672443 0.01394265883515328 -0.05006732644716138 -0.014288991240012774 0.050036216058472693 -0.0035320468528946369 -0.050040323448167147 0.031401403781361546 0.050495206499338807 0.050014643415761506 0.05006438845644906 -0.050004865527218556 -0.050042466714601032 -0.050001946293106607 -0.050026637859055957 0.050002354057451341 -0.050001750509581402 0.050000707972537896
leaf_weight=0.0023991352281882419 0.0086755701340734959 0.026743050905679411 0.0051480312213243442 0.012488343822042225 0.0041801828774623564 0.0083743314244202338 0.012094069501472404 0.0052149007860862176 0.0064968283704729393 0.0053500086505664513 0.0032524263369850823 0.013341671248326747 0.0070994465186231537 0.0048532884839005419 0.0060961586414123303 0.0077691277665508087 0.010811844515956182 0.0010071173746837312 0.011963061697315425 0.0010776951794468905 0.0077243619070941349 0.0014295280898295459 0.0010722332781369914 0.0010242286739412521 0.0016259239237115253 0.001110063285977958
leaf_count=3 8 28 36 8 3 13 18 7 30 28 3 32 30 30 16 17 25 5 12 19 16 74 8 52 81 90
internal_value=5.74629e-05 -0.00250961 0.00276874 0.0107117 -0.00059026 0.0229129 0.0367468 -0.0198737 0.0274469 0.00772531 -0.0282309 -0.0338822 0.0345254 -0.0404542 -0.0294258 0.0431936 0.0489339 0.0500926 0.0500522 -0.0500362 -0.0500429 -0.0500351 -0.0500125 0.0500057 -0.050003 0.0500015
internal_weight=0.178423 0.169747 0.143004 0.105866 0.0631908 0.0397531 0.0313787 0.0371379 0.0426753 0.0189463 0.031923 0.0295238 0.0124495 0.0234378 0.0109494 0.023729 0.0159599 0.0271985 0.0151045 0.0161822 0.0134785 0.0102261 0.00250176 0.00314141 0.00270362 0.00213429
internal_count=692 684 656 413 247 193 180 243 166 88 236 233 58 54 46 78 61 177 159 201 101 98 82 147 100 142
is_linear=0
shrinkage=0.05


Tree=225
num_leaves=29
num_cat=0
split_feature=7 4 12 0 12 28 12 10 22 18 19 17 28 5 9 23 5 28 8 4 12 9 5 19 0 19 9 32
split_gain=0.00887623 0.00811187 0.00900794 0.0179392 0.00691908 0.0150262 0.00676984 0.00663134 0.00656166 0.00967551 0.00572942 0.00512353 0.00377021 0.00639202 0.000230434 1.04702e-08 4.70327e-09 4.6621e-09 1.36885e-09 9.53987e-10 7.5016e-10 1.88258e-10 1.53307e-10 2.91823e-11 8.61348e-12 8.40234e-12 2.73338e-12 1.2538e-12
threshold=2.5000000000000004 258.50000000000006 3.2052499055862431 2174036.0000000005 2.8961431980133061 42.500000000000007 3.0123689174652104 6.4663562774658212 9657.2500000000018 87552.000000000015 134297.60156250003 2304.0000000000005 104.50000000000001 72034.000000000015 2.6005471944808964 0.9904722571372987 429374.00000000006 75.500000000000014 4.5000000000000009 264.50000000000006 3.2236673831939702 3.2357897758483891 98512.000000000015 19181.713867187504 466432.00000000006 22446.730468750004 1.5658527612686159 1.5000000000000002
decision_type=2 2 2 2 2 2 2 2 2 2 2 2 2 2 2 2 2 2 2 2 2 2 2 2 2 2 2 2
left_child=1 2 3 4 5 -1 8 17 -3 -10 12 -9 15 -14 -15 19 20 -7 -19 -11 -8 23 25 -20 26 27 -21 -2
right_child=22 6 -4 -5 -6 7 16 11 9 10 -12 -13 13 14 -16 -17 -18 18 21 24 -22 -23 -24 -25 -26 -27 -28 -29
leaf_value=0.032077163658649786 -0.050003282108717156 0.043159262083680268 -0.031062242439351989 0.050170446245314408 -0.046121105915938057 -0.050089336183916845 0.050016057368926531 0.014255787658963709 -0.05006933321438635 0.050055720385386776 -0.050030913707186903 -0.029000178947202766 -0.046894906467786664 0.027048411400056895 0.050019723622515735 0.050134379288473467 0.050101946815179099 -0.050069799816078057 -0.050001634617163775 0.050003845154099141 0.050054854352291227 -0.050026055587572532 -0.050017928999742924 -0.050011821149559869 0.050007236527770837 -0.050006716819026825 0.050000846290436642 -0.050001125799602392
leaf_weight=0.021459952230543422 0.0019117322090096422 0.0099880702036898583 0.025367609236127464 0.016260909025731962 0.010208527111899457 0.0056809456473274622 0.001910719105580938 0.014561442984813766 0.008100274542812258 0.0011119132395833731 0.0028912402558489694 0.012919448236061726 0.0036699737120216014 0.0017511583882878767 0.0028991597610001918 0.0026732003316283226 0.0076840509427711368 0.001515379828560981 0.0013128445125403232 0.0017513753209641436 0.0035811244088108651 0.002436169124848675 0.0034627911718416726 0.0015137767240958055 0.0014300308612291701 0.0020033186146974913 0.0013421457888398436 0.0010413386344225728
leaf_count=37 39 11 15 14 17 6 34 23 10 1 8 18 9 28 23 1 4 3 75 29 22 10 17 8 18 31 104 77
internal_value=6.04209e-05 0.00263052 -0.00481597 0.00276124 -0.00800447 -0.0016671 0.0192344 -0.019798 0.00842898 -0.00413012 0.0149332 -0.00607991 0.0262284 0.00243719 0.0413695 0.0500529 0.0500767 -0.0500559 -0.0500279 0.0500142 0.0500414 -0.0500159 -0.0500099 -0.0500071 0.050004 -0.0500042 0.0500025 -0.0500025
internal_weight=0.172441 0.164021 0.113237 0.0878694 0.0716085 0.0614 0.0507844 0.03994 0.0376085 0.0276205 0.0195202 0.0274809 0.016629 0.00832029 0.00465032 0.00830867 0.0131759 0.0124591 0.00677817 0.00563547 0.00549184 0.00526279 0.00841918 0.00282662 0.00452355 0.00495639 0.00309352 0.00295307
internal_count=692 528 226 211 197 180 302 143 242 231 221 41 213 60 51 153 60 102 96 152 56 93 164 83 151 147 133 116
is_linear=0
shrinkage=0.05


Tree=226
num_leaves=31
num_cat=0
split_feature=7 4 12 0 12 12 22 12 22 18 28 0 33 33 0 22 28 23 3 22 12 18 9 5 28 0 22 9 28 28
split_gain=0.00843597 0.00766616 0.00828536 0.0170255 0.00655459 0.0139854 0.0065475 0.00646513 0.00615065 0.00919605 0.00589654 0.00467878 0.00320251 0.00220427 0.000601401 2.18061e-05 3.20624e-06 1.0567e-08 4.04778e-09 2.311e-09 6.45596e-10 3.19255e-10 1.92217e-10 1.31938e-10 2.24379e-11 8.04348e-12 6.78883e-12 8.84408e-13 5.06458e-13 1.47913e-13
threshold=2.5000000000000004 258.50000000000006 3.2052499055862431 2174036.0000000005 2.8961431980133061 2.7767953872680669 32240.562500000004 3.0123689174652104 9657.2500000000018 87552.000000000015 133.50000000000003 678668.00000000012 3.5000000000000004 1.0000000180025095e-35 547084.00000000012 23683.474609375004 35.500000000000007 0.9904722571372987 3.5000000000000004 30578.777343750004 3.2236673831939702 71168.000000000015 2.8991600275039677 98512.000000000015 114.50000000000001 466432.00000000006 22053.916992187504 2.6077810525894169 48.500000000000007 113.50000000000001
decision_type=2 2 2 2 2 2 2 2 2 2 2 2 2 2 2 2 2 2 2 2 2 2 2 2 2 2 2 2 2 2
left_child=1 2 3 4 5 6 16 8 -3 -10 -8 12 13 -11 15 -15 -1 24 -9 21 -20 22 -18 26 25 27 28 29 -2 -17
right_child=23 7 -4 -5 -6 -7 10 18 9 11 -12 -13 -14 14 -16 17 19 -19 20 -21 -22 -23 -24 -25 -26 -27 -28 -29 -30 -31
leaf_value=-0.047530888653552067 -0.050003042449839469 0.042579606885667282 -0.030081712999929119 0.050162140061948482 -0.045750906999638324 0.036213964945597622 0.01380117207392729 0.050096968662675226 -0.050065951112778728 -0.0053990062158845373 -0.029821657958060639 -0.050025178947324181 -0.025651208075684169 0.042489203459743392 0.014331200072102486 0.050003439948277897 -0.050004759413375878 0.050127806595276686 0.050015273902701655 -0.050086201681640886 0.050052176121181118 -0.050038088911782734 -0.050025358104088535 -0.050017053468870622 0.050011449409850063 0.050007087131964806 -0.050006026151897989 0.050001215512224133 -0.050001605063045199 0.050002621933681116
leaf_weight=0.0014665297640021899 0.0010771225270218565 0.0096270644280593842 0.024897006827814039 0.015470352002012078 0.0097872788937820587 0.017363048360493849 0.01769879371386196 0.0073100033914670348 0.0077057269154465749 0.0027738887865780279 0.013776322739431635 0.0024177243685699059 0.0026586602130009842 0.0010798079147207327 0.001427090901415796 0.0010389414510427741 0.0018444379838911118 0.0025431518442928791 0.0018175599825553945 0.0019586124399211266 0.003406648596865125 0.0030615579016739503 0.0029342489115151693 0.0032939650527623598 0.0012127883001085138 0.0013160606486053439 0.0022158715296427545 0.0010024917291957536 0.0014216883419067017 0.0011805692265625112
leaf_count=6 25 11 15 14 17 13 36 4 10 15 24 8 27 24 2 27 84 1 34 2 22 6 9 17 10 15 37 68 85 24
internal_value=6.00199e-05 0.00258551 -0.00470257 0.00269968 -0.00780614 -0.00162721 -0.0169999 0.0191478 0.00837565 -0.00411761 -0.00529208 0.0148659 0.0245305 0.0343587 0.0445693 0.0491728 -0.0497113 0.0500429 0.0500729 -0.0500376 0.0500393 -0.0500255 -0.0500174 -0.0500094 0.0500054 0.0500038 -0.050004 0.0500024 -0.0500022 0.050003
internal_weight=0.166785 0.158776 0.110258 0.0853612 0.0698908 0.0601036 0.0427405 0.0485182 0.035984 0.0263569 0.0314751 0.0186512 0.0162335 0.0135748 0.0108009 0.00937381 0.0112654 0.008294 0.0125342 0.00979886 0.00522421 0.00784024 0.00477869 0.00800865 0.00575085 0.00453806 0.00471468 0.003222 0.00249881 0.00221951
internal_count=692 528 226 211 197 180 167 302 242 231 60 221 213 186 171 169 107 145 60 101 56 99 93 164 144 134 147 119 110 51
is_linear=0
shrinkage=0.05


Tree=227
num_leaves=31
num_cat=0
split_feature=7 4 12 0 25 12 19 24 12 22 18 19 12 28 5 0 22 28 19 3 19 4 12 28 5 5 0 19 20 32
split_gain=0.00801724 0.00721095 0.0076115 0.0161585 0.00636733 0.0125649 0.0157908 0.00631833 0.00620161 0.00576309 0.00872296 0.00519044 0.00409853 0.00355799 0.00587792 0.000976387 0.000260683 2.13452e-06 6.91554e-09 3.4833e-09 1.96546e-09 8.25891e-10 5.55616e-10 2.72644e-10 1.13568e-10 1.22842e-11 7.59009e-12 6.22407e-12 1.58082e-12 9.16055e-13
threshold=2.5000000000000004 258.50000000000006 3.2052499055862431 2174036.0000000005 0.99957478046417247 2.8961431980133061 31004.444335937504 4.0291795730590829 3.0123689174652104 9657.2500000000018 87552.000000000015 134297.60156250003 2.8014343976974492 104.50000000000001 72034.000000000015 288644.00000000006 44432.533203125007 55.000000000000007 115968.00000000001 3.5000000000000004 30799.644531250004 264.50000000000006 3.2236673831939702 75.500000000000014 98512.000000000015 79050.000000000015 466432.00000000006 22446.730468750004 2570.0000000000005 1.0000000180025095e-35
decision_type=2 2 2 2 2 2 2 2 2 2 2 2 2 2 2 2 2 2 2 2 2 2 2 2 2 2 2 2 2 2
left_child=1 2 3 4 5 6 12 15 9 -3 -11 13 17 18 -15 -6 25 -1 21 -10 23 -12 -21 -19 27 -16 28 29 -23 -2
right_child=24 8 -4 -5 7 -7 -8 -9 19 10 11 -13 -14 14 16 -17 -18 20 -20 22 -22 26 -24 -25 -26 -27 -28 -29 -30 -31
leaf_value=-0.04810470735556225 -0.050003040338746946 0.041965001962105807 -0.029097360192933398 0.050154236644234532 -0.026046305211317778 -0.049206898275504743 0.048522790088953542 0.008193039240316221 0.050092230696512044 -0.05006273089404252 0.050053289516488499 -0.050028558600528752 0.00806193517904992 -0.046702866794920743 0.050002541031080351 -0.050072935013232324 0.024529506119523158 -0.050034003654884619 0.050115024621535199 0.050014528155803539 -0.050087334124158368 0.050003213140387415 0.050049628481687231 -0.050004569827432725 -0.050016222331432617 0.050009214758928423 0.05000711018610763 -0.05000607739778265 0.050000768102389341 -0.050001151951661618
leaf_weight=0.0019873309429385699 0.001598602842022955 0.0092883205143152736 0.02446359508758178 0.01471811444935156 0.0063144772288978848 0.008360833704500692 0.018962224698043428 0.0092560606844926951 0.0069541315315291286 0.0073303735262015826 0.0010634545469656587 0.002649485344591084 0.0055828649637987837 0.0034523552876635222 0.0013790075863653328 0.012799212428944884 0.001578919189341832 0.0018305197590962052 0.0025590659770386992 0.0017289416505263944 0.0017406154656782746 0.0017789142748370068 0.0032406651380370022 0.0013797973469991121 0.0031333672459368245 0.0013790827051707311 0.0011576182960197912 0.0018127009338968492 0.0010520254413677321 0.0010734579627751373
leaf_count=3 35 11 15 14 39 10 34 20 4 10 1 8 6 9 29 19 4 3 8 34 1 43 22 62 17 18 11 31 90 81
internal_value=6.05449e-05 0.00253759 -0.00458908 0.00264046 -0.0076113 0.00527883 0.0197483 -0.025715 0.0189646 0.0082666 -0.00406586 0.0146142 -0.0238284 0.0257353 0.0019791 -0.0421354 0.040731 -0.0494889 0.0500481 0.0500694 -0.0500446 0.0500141 0.0500374 -0.0500214 -0.0500089 0.0500059 0.0500037 -0.0500038 0.0500023 -0.0500023
internal_weight=0.161606 0.153988 0.107396 0.0829321 0.0682139 0.0398442 0.0314834 0.0283698 0.0465924 0.0346686 0.0253803 0.0180499 0.0125211 0.0154004 0.00778936 0.0191137 0.00433701 0.00693826 0.00761108 0.0119237 0.00495093 0.00505201 0.00496961 0.00321032 0.00761813 0.00275809 0.00398856 0.00448476 0.00283094 0.00267206
internal_count=692 528 226 211 197 119 109 78 302 242 231 221 75 213 60 58 51 69 153 60 66 145 56 65 164 47 144 147 133 116
is_linear=0
shrinkage=0.05


Tree=228
num_leaves=28
num_cat=0
split_feature=10 18 22 5 0 18 28 6 12 12 25 24 28 12 20 25 25 10 0 25 2 0 25 3 17 18 12
split_gain=0.00835349 0.00837472 0.00931396 0.0100706 0.00801622 0.0144244 0.00684249 0.00672432 0.00647946 0.00513843 0.00351884 0.00290165 0.00493457 0.000695529 0.00176724 0.000244429 3.08146e-05 3.60939e-09 2.01654e-09 1.21162e-09 8.30947e-10 7.79025e-10 1.07381e-10 4.09748e-11 8.30139e-12 4.01445e-12 1.31134e-12
threshold=7.3105976581573495 3128832.0000000005 149206.12500000003 77060.500000000015 226816.00000000003 345088.00000000006 275.50000000000006 10518528.000000002 2.0387133359909062 3.2236673831939702 0.9500412940979005 0.99915826320648204 27.000000000000004 2.865266084671021 1268.0000000000002 1.1200762391090395 0.68244883418083202 7.2844328880310067 553848.00000000012 0.62656959891319286 17368.000000000004 157580.00000000003 0.9534277915954591 3.5000000000000004 17920.000000000004 45824.000000000007 2.8053920269012456
decision_type=2 2 2 2 2 2 2 2 2 2 2 2 2 2 2 2 2 2 2 2 2 2 2 2 2 2 2
left_child=1 2 3 7 13 -6 18 8 10 11 -1 16 -13 14 -5 -14 17 19 20 25 23 22 -9 -2 26 -10 -25
right_child=6 -3 -4 4 5 -7 -8 21 9 -11 -12 12 15 -15 -16 -17 -18 -19 -20 -21 -22 -23 -24 24 -26 -27 -28
leaf_value=0.044761581892716604 0.050014418174811837 0.050248973170206684 -0.031300257624618417 -0.0064514724307525419 -0.037845211106253038 0.032941113009688223 -0.011264572516451663 -0.050035302328420884 -0.050001604027180235 0.05005519024093838 -0.0025459000593798758 0.035801991952549274 -0.02679920764596988 0.045722270435792356 0.05002808936438418 -0.050044180438203571 -0.04231234414027802 -0.050105672285129403 0.050054616084241714 -0.050046193707979796 0.050040340905662409 -0.050055781922954116 -0.050022753864967684 0.050000972504609935 0.050006745187867366 -0.050005686046160625 0.050002945029660129
leaf_weight=0.0070480555204994735 0.0010164858322241344 0.0066523621790111056 0.030723650161235128 0.0024815138494886915 0.013762647718067456 0.015085080040080356 0.0068041067643207489 0.0031866875779087422 0.0015118958876882971 0.0021251135040074578 0.0088874391585704871 0.0034761324532155413 0.0017431686464988161 0.014882958290399984 0.0031344182534667198 0.0032199791908169573 0.0014929877088434304 0.0021046183537691832 0.0056409833123325379 0.0047290494253502402 0.0024068919010460377 0.0042778788520081434 0.0036662978627646226 0.0015480741703868262 0.0012993681184525485 0.0010011318327087793 0.001848880634042871
leaf_count=7 5 4 29 21 27 16 13 9 91 2 34 16 37 33 24 17 10 1 10 22 3 9 37 115 20 16 64
internal_value=6.21653e-05 -0.00445394 -0.00728498 0.000258055 0.0161582 -0.000829562 0.0297511 -0.0159295 -0.00576148 -0.0237332 0.0183776 -0.0318669 -0.00988287 0.0400647 0.0250714 -0.04188 -0.0489826 -0.050048 0.0500317 -0.0500313 0.0500157 -0.050039 -0.0500286 0.0500053 0.0500033 -0.0500032 0.050002
internal_weight=0.155758 0.135193 0.128541 0.0978171 0.0493466 0.0288477 0.0205648 0.0484704 0.0373396 0.0214041 0.0159355 0.019279 0.00843928 0.0204989 0.00561593 0.00496315 0.0108397 0.0093467 0.0137607 0.00724208 0.0081197 0.0111309 0.00685299 0.00571281 0.00469632 0.00251303 0.00339695
internal_count=692 462 458 429 121 43 230 308 253 212 41 210 70 78 45 54 140 130 217 129 207 55 46 204 199 107 179
is_linear=0
shrinkage=0.05


Tree=229
num_leaves=30
num_cat=0
split_feature=10 0 22 5 0 21 9 6 12 12 25 24 32 9 21 12 20 25 10 3 12 9 23 0 25 25 20 28 28
split_gain=0.00781679 0.00812363 0.00876929 0.00941291 0.00756274 0.0133656 0.00695344 0.00645357 0.00606878 0.00485824 0.00335437 0.0027998 0.00535183 0.00191605 0.00261705 0.000681308 0.00170789 3.46811e-05 3.10603e-09 1.56985e-09 1.08113e-09 1.04959e-09 7.16296e-10 6.70524e-10 9.24069e-11 3.77647e-11 1.05193e-11 1.1395e-12 9.73392e-14
threshold=7.3105976581573495 3290996.0000000005 149206.12500000003 77060.500000000015 226816.00000000003 341395.00000000006 4.1499738693237314 10518528.000000002 2.0387133359909062 3.2236673831939702 0.9500412940979005 0.99915826320648204 1.0000000180025095e-35 4.3648359775543222 684064.00000000012 2.865266084671021 1268.0000000000002 0.68244883418083202 7.2844328880310067 3.5000000000000004 2.1607319116592412 0.079586289823055281 0.92722573876380932 157580.00000000003 0.9534277915954591 0.59802868962287914 26.000000000000004 71.500000000000014 66.000000000000014
decision_type=2 2 2 2 2 2 2 2 2 2 2 2 2 2 2 2 2 2 2 2 2 2 2 2 2 2 2 2 2
left_child=1 2 3 7 15 -6 19 8 10 11 -1 17 -13 -8 -15 16 -5 18 21 -2 -14 25 26 24 -9 -10 -21 -28 -22
right_child=6 -3 -4 4 5 -7 13 23 9 -11 -12 12 20 14 -16 -17 -18 -19 -20 22 28 -23 -24 -25 -26 -27 27 -29 -30
leaf_value=0.04428912696576854 0.050056000165820139 0.050053481048035059 -0.030788328291355728 -0.0061340089237663367 -0.037008312791220625 0.031983585940536997 -0.046171223184772292 -0.050033578189235234 -0.050002342530545058 0.050052495764423381 -0.0024189285884751578 0.030895989736552928 -0.050066119015116407 0.050018175391856136 -0.031346327824923852 0.045291063772980478 0.050026718482182653 -0.041684001941931365 -0.050100508402944943 0.050008222073208708 -0.050013314730361504 -0.050046204328419823 0.050032683172997507 -0.050053059340953776 -0.050021642989968876 -0.050014353834697746 0.050001921320709998 0.050003992873573766 -0.05001269087232612
leaf_weight=0.0067740593985945443 0.0044141496273368839 0.0065174187911907202 0.029955597201478668 0.0024794996661512405 0.013380043276356446 0.014768093624297762 0.0026037039106086004 0.0030313727975226357 0.0018470169488864485 0.0020215765689499668 0.0088862805960161495 0.004071157472935738 0.0015179162401182111 0.0019636530505522387 0.0019896577014151262 0.014288548063632334 0.002981630514113931 0.0014410474668693505 0.0020021761301904917 0.0011834829874715069 0.001061901817593025 0.0040285817276526359 0.004788596577327553 0.004069459973834455 0.0034875658484452288 0.0010134830176866672 0.001919312278914731 0.001014848722206807 0.0015205648783194192
leaf_count=7 7 8 25 21 27 16 10 9 85 2 34 23 6 30 10 33 24 10 1 11 11 13 30 9 37 31 113 19 30
internal_value=6.45983e-05 -0.00436401 -0.00720979 0.00025081 0.0158308 -0.000811288 0.0292832 -0.0157034 -0.00565696 -0.0235427 0.0177852 -0.0315831 -0.00971304 -0.0128666 0.00906832 0.0395498 0.0245282 -0.0488795 -0.0500457 0.0500316 -0.0500326 -0.0500298 0.0500195 -0.0500371 -0.0500272 -0.0500066 0.0500042 0.0500026 -0.0500129
internal_weight=0.151022 0.131145 0.124628 0.094672 0.0478978 0.0281481 0.0198774 0.0467742 0.0361858 0.0205254 0.0156603 0.0185038 0.00817154 0.00655701 0.00395331 0.0197497 0.00546113 0.0103323 0.00889126 0.0133204 0.00410038 0.00688908 0.00890624 0.0105884 0.00651894 0.0028605 0.00411764 0.00293416 0.00258247
internal_count=692 462 454 429 121 43 230 308 253 212 41 210 70 50 40 78 45 140 130 180 47 129 173 55 46 116 143 132 41
is_linear=0
shrinkage=0.05


Tree=230
num_leaves=28
num_cat=0
split_feature=10 18 19 27 21 22 5 9 5 22 18 11 9 21 12 10 5 17 0 10 15 5 23 10 22 20 28
split_gain=0.00738998 0.00807815 0.00905677 0.00909563 0.0114173 0.00965724 0.0143812 0.00663339 0.00623023 0.00621393 0.00672301 0.0018568 0.00180978 0.00246729 0.0011984 0.00230061 0.000563394 0.000551258 0.00106564 0.000197533 1.3509e-09 1.07481e-09 6.16564e-10 6.1903e-11 9.4338e-12 9.05762e-12 8.45862e-13
threshold=7.3105976581573495 3128832.0000000005 144664.89062500003 7.5000000000000009 311811.00000000006 58491.083984375007 77060.500000000015 4.1499738693237314 13535.000000000002 9657.2500000000018 99072.000000000015 3.3795642852783208 4.3648359775543222 684064.00000000012 2.865266084671021 6.5818047523498544 5984.0000000000009 2816.0000000000005 128332.50000000001 6.6406595706939706 3.5000000000000004 181168.00000000003 0.92722573876380932 6.5818047523498544 19025.213867187504 26.000000000000004 68.500000000000014
decision_type=2 2 2 2 2 2 2 2 2 2 2 2 2 2 2 2 2 2 2 2 2 2 2 2 2 2 2
left_child=1 2 3 4 5 6 8 20 9 17 -11 -10 -9 -14 15 -8 -12 18 -1 -17 -2 23 25 24 -5 -22 -27
right_child=7 -3 -4 21 -6 -7 14 12 11 10 16 -13 13 -15 -16 19 -18 -19 -20 -21 22 -23 -24 -25 -26 26 -28
leaf_value=-0.0035592433035620411 0.050053265085974519 0.050246236884952084 -0.031679404020052052 -0.050002072266160727 0.042155265126789195 -0.05007170017037027 -0.013950781429996548 -0.045807075295709515 -0.015310752405322512 -0.050047889484294776 0.011741053891472418 -0.05003970084838192 0.050017289616878062 -0.030372530743037203 0.04482957368717172 0.030277031790825349 0.0500465217391933 0.050072111941374925 0.050094238774492296 0.050024501837591329 0.050007821618350413 -0.050047162946482954 0.050031089722184646 -0.050017075296483061 -0.050008558926005309 0.050001768185312129 0.050003531847502815
leaf_weight=0.001824873211717204 0.0041990926092694289 0.0064499266736675045 0.028755416249623522 0.0012214169278195186 0.016847594193677651 0.0096837577684709686 0.0030246188252931461 0.0024959208512882461 0.0059509087664082463 0.0069228798706717498 0.0017883224354591221 0.010895367075136164 0.0018679167887967196 0.0019517630944392295 0.013728128542425111 0.0023172011569840834 0.0020721901746583171 0.0042286795796826482 0.0018776908982545137 0.0027924385831283871 0.0011257726291660219 0.0038396569552787696 0.0045551954781331006 0.0020343352061900077 0.0010358781473769341 0.0016191989475373703 0.0011718683276740194
leaf_count=48 7 4 27 92 16 19 11 10 19 36 36 37 30 10 33 9 5 3 1 32 11 10 30 10 14 99 33
internal_value=6.64707e-05 -0.00427391 -0.00718393 0.000465199 0.00535563 -0.00388312 0.00390603 0.0291654 -0.0157134 0.00414288 -0.0205661 -0.0377718 -0.012696 0.00894006 0.0358185 0.0206107 0.0323021 0.0377375 0.0236502 0.0410691 0.0500301 -0.0500279 0.0500186 -0.0500107 -0.050005 0.050004 0.0500025
internal_weight=0.146278 0.127291 0.120841 0.0920859 0.0839547 0.0671071 0.0574233 0.0189867 0.0355609 0.0187146 0.0107834 0.0168463 0.0063156 0.00381968 0.0218624 0.00813426 0.00386051 0.00793124 0.00370256 0.00510964 0.0126711 0.00813129 0.00847204 0.00429163 0.0022573 0.00391684 0.00279107
internal_count=692 462 458 431 305 289 270 230 185 129 77 56 50 40 85 52 41 52 49 41 180 126 173 116 106 143 132
is_linear=0
shrinkage=0.05


Tree=231
num_leaves=27
num_cat=0
split_feature=7 0 19 18 0 21 28 19 3 3 0 2 32 23 19 20 22 14 33 9 10 5 23 19 10 28
split_gain=0.00725104 0.00639033 0.00975125 0.00867359 0.00698379 0.0165755 0.00635228 0.00587909 0.00721302 0.00547957 0.00483335 0.00401145 0.00199016 0.00140878 4.50656e-06 1.20928e-05 9.94386e-09 1.39225e-09 6.41151e-10 4.84136e-10 1.49038e-10 1.0223e-10 9.75447e-11 6.25268e-12 1.11859e-12 1.28118e-13
threshold=2.5000000000000004 3290996.0000000005 144664.89062500003 85248.000000000015 239580.00000000003 328390.50000000006 133.50000000000003 12256.000000000002 3.5000000000000004 4.5000000000000009 128332.50000000001 17368.000000000004 4.5000000000000009 0.82109373807907116 31004.444335937504 102.00000000000001 143329.16406250003 2.5000000000000004 1.5000000000000002 3.5796490907669072 7.3105976581573495 115486.00000000001 0.94377788901329052 22446.730468750004 7.8300440311431894 55.000000000000007
decision_type=2 2 2 2 2 2 2 2 2 2 2 2 2 2 2 2 2 2 2 2 2 2 2 2 2 2
left_child=1 2 3 7 11 -6 16 8 -1 -10 19 12 14 -14 15 -5 -7 20 -17 22 -18 23 -11 25 -22 -2
right_child=21 -3 -4 4 5 6 -8 -9 9 10 -12 -13 13 -15 -16 18 17 -19 -20 -21 24 -23 -24 -25 -26 -27
leaf_value=-0.050040035398502582 -0.050002467694032895 0.050049419999983018 -0.023235816532708429 0.044213275922374791 -0.03685447063801868 0.050113216142929906 -0.0090523852738671265 -0.050041149146831901 0.045789040965345772 -0.050002256000963932 0.049105411973532187 -0.0066073982834651285 0.042822267423290539 -0.011454533090554811 0.050229694649103887 0.050002548124946915 0.050021884607573647 0.05006968020897528 0.05004674322286088 -0.050052513523225865 0.050003143887292691 -0.050016227336051239 -0.050020997038620368 -0.050005953470707479 0.050000798443854778 -0.050001716674998732
leaf_weight=0.0051964195736218235 0.0010017936597250801 0.0067486788902897379 0.033081631248933263 0.0012273176871531169 0.015119230714844889 0.0094283005582838086 0.0065932184515986583 0.0084675104499183362 0.0080071603952092119 0.0012456362937882668 0.0018040144095721189 0.0047732868915772988 0.0022656506243947652 0.0025311056524515152 0.016651209019073576 0.0015273978742698091 0.001740010717185215 0.0013897789176553488 0.0017735052388161421 0.0010480222990736365 0.0010000822480833449 0.0027334199912729673 0.0015687097911722958 0.0018301770805919659 0.0010338611459701497 0.0013110302202221646
leaf_count=8 30 12 26 15 34 22 10 28 11 78 2 8 37 4 28 46 4 1 2 1 37 15 4 33 110 86
internal_value=6.8424e-05 0.00263397 0.000123697 0.00831057 0.0179882 0.0031377 0.0316788 -0.015427 0.000105397 0.0191624 -0.0184637 0.0355216 0.043263 0.014182 0.0498494 0.0484507 0.0500827 0.0500269 0.0500263 -0.0500235 0.0500111 -0.0500087 -0.0500127 -0.0500038 0.050002 -0.050002
internal_weight=0.141098 0.134222 0.127473 0.0943914 0.067054 0.0363045 0.0211853 0.0273375 0.01887 0.0136735 0.00566638 0.0307495 0.0259762 0.00479676 0.0211794 0.00452822 0.014592 0.00516373 0.0033009 0.00386237 0.00377395 0.00687642 0.00281435 0.004143 0.00203394 0.00231282
internal_count=692 528 516 490 358 218 184 132 104 96 85 140 132 41 91 63 174 152 48 83 151 164 82 149 147 116
is_linear=0
shrinkage=0.05


Tree=232
num_leaves=27
num_cat=0
split_feature=10 18 19 27 21 22 5 27 5 22 18 6 11 12 10 5 17 5 10 18 5 27 4 20 21 21
split_gain=0.00707513 0.00782076 0.0081682 0.00836369 0.0102078 0.00881137 0.0129682 0.0060816 0.00558358 0.00560549 0.00607404 0.00189496 0.00182192 0.00109354 0.00196445 0.00053781 0.000527554 0.00040403 0.000199521 1.85488e-09 8.63586e-10 2.31565e-10 5.09686e-11 1.37875e-11 1.28204e-11 2.78182e-12
threshold=7.3105976581573495 3128832.0000000005 144664.89062500003 7.5000000000000009 311811.00000000006 58491.083984375007 77060.500000000015 18.500000000000004 13535.000000000002 9657.2500000000018 99072.000000000015 276824064.00000006 3.3795642852783208 2.865266084671021 6.5818047523498544 5984.0000000000009 2816.0000000000005 4769.0000000000009 6.6406595706939706 432128.00000000006 181168.00000000003 8.5000000000000018 270.50000000000006 18723.500000000004 100043.00000000001 328390.50000000006
decision_type=2 2 2 2 2 2 2 2 2 2 2 2 2 2 2 2 2 2 2 2 2 2 2 2 2 2
left_child=1 2 3 4 5 6 8 11 9 16 -11 19 -10 14 -8 -12 17 -1 -16 21 22 23 24 25 -5 -2
right_child=7 -3 -4 20 -6 -7 13 -9 12 10 15 -13 -14 -15 18 -17 -18 -19 -20 -21 -22 -23 -24 -25 -26 -27
leaf_value=0.038280919536574927 0.050004216838832466 0.050241447317451761 -0.031107896463988038 -0.05000284725741249 0.041285703120574238 -0.050065778302851006 -0.011430357666935242 -0.050061726210931273 -0.014514549489913662 -0.050043473508575798 0.011190225050539142 0.0099384200713078449 -0.050036935736781307 0.04432657380657664 0.02936671484608773 0.050042093464400562 0.050065522363058328 0.0037547317269244953 0.050022127997984368 0.050050647427801825 -0.050043823916125843 0.050024287754745746 -0.050017754418729292 0.050008337698598276 -0.050009998397504946 0.050001411803738044
leaf_weight=0.0019284093687019768 0.0016717699236323824 0.0062180129607440895 0.027395473560318351 0.0015189456130428871 0.01562237935650046 0.0088715443216642598 0.0029741876060143104 0.0021238189074210814 0.0056437147413816993 0.0062958350599728874 0.0016967766414381913 0.0039231458285939871 0.010015271110660251 0.012564337850562879 0.002171874170016963 0.0018750296985672321 0.0038431483553722501 0.0015114736074792745 0.0025322183528260211 0.0046561167036998086 0.0035838028252328513 0.0020666049240389839 0.0013601360965367348 0.0015894016205493244 0.0010670150900295994 0.0018754332431853982
leaf_count=8 38 4 27 97 16 19 11 2 19 36 36 6 37 33 9 5 3 41 32 8 10 5 10 24 9 147
internal_value=7.50592e-05 -0.00434487 -0.00736268 0.000283549 0.00516872 -0.00394301 0.00376976 0.029372 -0.0156476 0.00406153 -0.0204961 0.0400612 -0.0372342 0.0352418 0.0203759 0.0315856 0.0373341 0.0231102 0.0404855 0.0500261 -0.0500261 0.0500102 -0.0500099 0.0500045 -0.0500058 0.0500027
internal_weight=0.136596 0.11869 0.112472 0.0850761 0.0775462 0.0619238 0.0530523 0.0179063 0.0328097 0.0171507 0.00986764 0.0157825 0.015659 0.0202426 0.00767828 0.00357181 0.00728303 0.00343988 0.00470409 0.0118593 0.0075299 0.00720321 0.0039461 0.0051366 0.00258596 0.0035472
internal_count=692 462 458 431 305 289 270 230 185 129 77 228 56 85 52 41 52 49 41 222 126 214 116 209 106 185
is_linear=0
shrinkage=0.05


Tree=233
num_leaves=31
num_cat=0
split_feature=7 21 14 32 10 27 21 20 20 21 32 27 25 9 25 22 25 21 10 14 28 25 28 23 10 22 10 21 22 20
split_gain=0.00684334 0.00600093 0.00942132 0.0155205 0.00759153 0.00663872 0.00819241 0.00614179 0.007283 0.00433968 0.00948102 0.00163744 1.35447e-05 1.66944e-06 1.33695e-08 6.69823e-09 4.29288e-09 2.47855e-09 1.17199e-09 9.50426e-10 4.01517e-10 3.24063e-10 3.23028e-10 1.34165e-10 8.81431e-11 6.92138e-11 5.65233e-11 4.5803e-11 5.42443e-12 2.09692e-12
threshold=2.5000000000000004 3128524.0000000005 1.0000000180025095e-35 2.5000000000000004 6.4663562774658212 13.500000000000002 328390.50000000006 3304.0000000000005 377.00000000000006 186559.50000000003 1.0000000180025095e-35 6.5000000000000009 0.98425236344337474 3.3905515670776372 0.7577103078365327 143329.16406250003 0.66238051652908336 437649.00000000006 6.5644235610961923 2.5000000000000004 46.500000000000007 0.97418808937072765 24.500000000000004 0.82239583134651195 7.3712267875671396 44432.533203125007 7.5671324729919442 145108.00000000003 22053.916992187504 496.00000000000006
decision_type=2 2 2 2 2 2 2 2 2 2 2 2 2 2 2 2 2 2 2 2 2 2 2 2 2 2 2 2 2 2
left_child=1 2 -1 9 17 6 7 8 -6 10 16 15 -10 14 -11 -8 -4 20 -16 24 -5 27 -20 -22 -17 28 -24 29 -2 -18
right_child=25 -3 3 4 5 -7 11 -9 12 13 -12 -13 -14 -15 18 19 21 -19 22 -21 23 -23 26 -25 -26 -27 -28 -29 -30 -31
leaf_value=-0.020344874529501306 -0.050001784197045457 0.050215884452264686 0.050086510869263794 -0.050043943045331635 -0.038936052283657228 -0.050042471928180558 0.050112166522639036 -0.049760938256329185 0.050055295438747364 0.050145901896259518 -0.02194224488850911 -0.00076824064712937906 0.045203669953316983 0.048990198525653228 0.050055242494294418 0.050020607039923851 0.050002248547393616 -0.050077657002373134 0.050043183276727049 0.050063600606320272 -0.050003136052502908 0.050031966930927131 0.050018778639907169 -0.050021379631506359 0.050002234477392486 -0.050013874933886163 0.050003623202358051 0.050015291749686913 -0.050005818843155816 0.050005331067069871
leaf_weight=0.038134873437229544 0.0019217962480979614 0.0063014853221829972 0.0036387076033861376 0.0017170055471069645 0.0040852232414181344 0.0054523520088878277 0.0060562856961041689 0.0066308881960139834 0.0033648750686552376 0.004550391575321556 0.0087110869353637099 0.0018831016059266412 0.0025129326058959123 0.0046833944279569542 0.0065299956477247179 0.0012329594173934311 0.0011482204208732583 0.0031087508687051013 0.001029681334784982 0.0012687501730397344 0.0014649695699517906 0.0023837336611904902 0.0010574925108812749 0.003229090461445594 0.0013873953707843611 0.0030929620443203021 0.0014710186010233883 0.0013985969999339432 0.001470528760819434 0.0010619850481816684
leaf_count=26 110 8 6 3 11 15 3 15 12 2 19 8 35 10 6 3 35 3 10 1 79 7 3 17 110 25 52 10 29 19
internal_value=7.54254e-05 0.00266364 0.000149666 0.00979151 -0.0105916 0.000494885 0.0101896 -0.0124743 0.0123417 0.0332757 0.0158563 0.0419843 0.0479811 0.0498119 0.0500748 0.0500793 0.0500437 -0.050041 0.0500427 0.0500281 -0.0500233 0.0500177 0.0500196 -0.0500157 0.0500109 -0.0500085 0.05001 0.0500082 -0.0500035 0.0500037
internal_weight=0.131981 0.125495 0.119194 0.0810589 0.0433946 0.0338748 0.0284224 0.0165939 0.00996303 0.0376643 0.0183423 0.0118285 0.00587781 0.019322 0.0146386 0.00994539 0.00963124 0.00951982 0.0100882 0.0038891 0.00641107 0.00599254 0.00355819 0.00469406 0.00262035 0.00648529 0.00252851 0.0036088 0.00339233 0.00221021
internal_count=692 528 520 494 315 213 198 73 58 179 96 125 47 83 73 117 77 102 71 114 99 71 65 96 113 164 55 64 139 54
is_linear=0
shrinkage=0.05


Tree=234
num_leaves=30
num_cat=0
split_feature=0 19 12 7 0 27 12 32 11 23 10 32 0 0 12 20 24 4 10 20 5 23 28 5 20 0 24 19 20
split_gain=0.00651756 0.00737146 0.00719275 0.00589275 0.00522168 0.006125 0.00724759 0.00800317 0.00747451 0.00708839 0.0042258 0.00405978 0.00144791 0.000787318 0.000391846 0.000678057 0.000328503 3.94971e-05 1.41423e-07 3.1068e-09 1.48011e-09 1.47201e-09 3.15996e-10 8.39585e-11 3.01693e-11 9.00499e-12 4.91856e-12 4.5069e-12 8.5008e-14
threshold=3290996.0000000005 144664.89062500003 3.1792399883270268 2.5000000000000004 36608.000000000007 7.5000000000000009 2.9752675294876103 1.0000000180025095e-35 5.1997933387756357 0.93320313096046459 6.4869177341461191 5.5000000000000009 157580.00000000003 140820.00000000003 1.482320308685303 5217.0000000000009 0.99506324529647838 270.50000000000006 5.9489688873291025 15.500000000000002 181168.00000000003 0.0053710937500000009 8.5000000000000018 115486.00000000001 158.00000000000003 212224.00000000003 1.0154764056205752 22446.730468750004 15.500000000000002
decision_type=2 2 2 2 2 2 2 2 2 2 2 2 2 2 2 2 2 2 2 2 2 2 2 2 2 2 2 2 2
left_child=1 2 3 4 -1 6 7 16 9 10 -9 17 -12 -10 -15 -16 -6 20 -18 -20 -7 -14 -21 27 -24 -23 -26 28 -5
right_child=-2 -3 -4 23 5 11 -8 8 13 -11 12 -13 21 14 15 -17 18 -19 19 22 -22 25 24 -25 26 -27 -28 -29 -30
leaf_value=-0.050037476998852776 0.050046189525109856 -0.02343358514464151 0.043544765821994652 -0.05000216682675436 0.032798394539248973 -0.050004953187689639 -0.033067401266449525 -0.018697559667397279 0.0091848960713594632 -0.05004319407193062 0.0053411991762445515 0.021980785214634091 0.050059144489703146 0.050085912886236719 0.050029630186593836 -0.0043357111908188199 0.050358444406616167 -0.041323070262622316 0.050081841068750216 0.050039372024837575 -0.05005843300450722 0.050001997827909206 0.050014510296981944 -0.050016411332413448 0.050001681285466976 0.050007778980343712 0.050006503480581922 -0.050005371868820314 -0.050001525532636482
leaf_weight=0.0043130834565090473 0.0062094690874801009 0.031175984760920983 0.010559445311628224 0.0010595389876471009 0.0033497052936581886 0.0019343795015629439 0.0075136110281164284 0.0072810742776709967 0.001916823093779386 0.0077273905080801333 0.002816192849422805 0.0028506236703833565 0.0023589339107275009 0.0071905561153471353 0.0013261679850984365 0.0010106000122505066 0.0070671974681317806 0.0016709925403119996 0.003035876783542335 0.0010243566839562845 0.0039066026438376866 0.0012148126224929001 0.0010037112197096576 0.0018671238758543041 0.0011058140071327216 0.0015119116087589646 0.0010134005146937852 0.0016264852570202493 0.0010087394714446418
leaf_count=11 12 29 38 33 9 81 39 27 3 13 4 8 2 39 12 60 1 7 2 8 6 33 13 12 43 15 16 33 83
internal_value=8.22419e-05 -0.00247249 0.0047671 -0.000370181 0.00335338 0.00665105 0.0128325 0.0194705 0.00542446 -0.0110589 0.00878224 -0.0288227 0.0341032 0.0384229 0.0443054 0.0265178 0.0468878 -0.0481015 0.0501996 0.0500434 -0.0500407 0.0500302 0.0500153 -0.0500078 0.0500074 0.0500052 0.050004 -0.0500034 -0.0500019
internal_weight=0.127651 0.121441 0.0902652 0.0797057 0.0741438 0.0698307 0.0594681 0.0519545 0.0343545 0.0229103 0.0151829 0.0103626 0.00790185 0.0114441 0.00952732 0.00233677 0.0176001 0.00751197 0.0142504 0.00718316 0.00584098 0.00508566 0.00414728 0.00556189 0.00312293 0.00272672 0.00211921 0.00369476 0.00206828
internal_count=692 680 651 613 452 441 339 300 208 94 81 102 54 114 111 72 92 94 83 82 87 50 80 161 72 48 59 149 116
is_linear=0
shrinkage=0.05


Tree=235
num_leaves=30
num_cat=0
split_feature=10 18 5 27 5 6 3 3 9 32 5 10 9 4 9 21 19 28 3 10 5 23 28 18 4 21 10 20 10
split_gain=0.00645526 0.00717931 0.00748341 0.00779137 0.00773155 0.00716593 0.00634218 0.00563004 0.005605 0.00467092 0.00321498 0.00523269 0.00297076 0.00158575 0.00149102 0.00202343 0.00127963 0.000945503 1.11016e-09 1.08088e-09 5.60559e-10 3.74831e-10 3.07492e-10 2.8234e-10 3.54723e-11 8.91527e-12 7.4311e-12 6.49753e-12 4.16351e-13
threshold=7.3105976581573495 3128832.0000000005 862222.00000000012 7.5000000000000009 77060.500000000015 10518528.000000002 3.5000000000000004 3.5000000000000004 4.1499738693237314 1.5000000000000002 177876.00000000003 6.5818047523498544 3.4144024848937993 270.50000000000006 4.3648359775543222 684064.00000000012 47978.666015625007 159.50000000000003 3.5000000000000004 7.2844328880310067 177876.00000000003 0.92722573876380932 58.500000000000007 168704.00000000003 270.50000000000006 75632.000000000015 6.6437258720397958 30.000000000000004 7.7803831100463876
decision_type=2 2 2 2 2 2 2 2 2 2 2 2 2 2 2 2 2 2 2 2 2 2 2 2 2 2 2 2 2
left_child=1 2 3 4 5 6 -1 -6 18 13 11 -9 17 -8 -10 -16 23 19 -2 22 24 27 -11 26 25 -5 -13 -20 -29
right_child=8 -3 -4 20 7 -7 9 10 14 12 -12 16 -14 -15 15 -17 -18 -19 21 -21 -22 -23 -24 -25 -26 -27 -28 28 -30
leaf_value=-0.050030074035396555 0.050049637367570489 0.050225157361404177 -0.050199862157815037 -0.050002090158645922 -0.0035113820084780368 -0.050039994330247306 0.048103148172043017 -0.050039009772038283 -0.045466724000175894 -0.050044483562493386 0.045048263435660284 0.050007822246395911 0.01579359155932036 0.0083592441343262151 0.050014911450024138 -0.029664057689747326 0.0023949156514869565 -0.0092763364533811794 0.05000687597323622 -0.050076554454642541 -0.050035517422933246 0.050026604674941966 -0.05000861281364704 0.050032291823521237 -0.050015837960459775 -0.050008349316595896 0.050002289254081081 0.050002699901372238 0.050001330869556521
leaf_weight=0.0054680794492014675 0.0037878139064559946 0.0057079435064224518 0.0092823102859256323 0.001128405774352359 0.021557579442742281 0.010668044958492828 0.0068725257333426271 0.0027395394808991114 0.0020966234151273957 0.0010015504076363868 0.015747095945698675 0.0011090672196587548 0.0051439145172480494 0.0039535716459795367 0.0015407986065838486 0.00165008039039094 0.0021920574072282761 0.0022043786011636257 0.0010073129451484419 0.0015264650573953986 0.0045907892954346607 0.0038769527050135366 0.0014806932067585876 0.0015086000494193286 0.00121105711968994 0.0011473887916508829 0.0013400745156104676 0.0011440092594057205 0.0010793021751851484
leaf_count=29 7 4 10 94 14 39 30 11 10 6 22 15 5 27 30 10 3 20 12 1 13 30 48 3 10 12 46 42 89
internal_value=8.65854e-05 -0.00434225 -0.00739966 -0.0031089 0.00137517 -0.0152293 -0.00179908 0.0151491 0.0295287 0.0100897 0.0314775 0.00743739 -0.0123111 0.0335891 -0.0127114 0.008811 0.0330413 -0.0355794 0.0500278 -0.0500434 -0.050024 0.0500161 -0.0500231 0.0500153 -0.0500089 -0.0500052 0.0500048 0.0500035 0.050002
internal_weight=0.123764 0.107581 0.101873 0.0925909 0.0845132 0.0383192 0.0276512 0.046194 0.0161829 0.0221831 0.0246364 0.00888934 0.011357 0.0108261 0.0052875 0.00319088 0.0061498 0.00621309 0.0108954 0.00400871 0.00807764 0.00710758 0.00248224 0.00395774 0.00348685 0.00227579 0.00244914 0.00323062 0.00222331
internal_count=692 462 458 448 319 205 166 114 230 137 100 78 80 57 50 40 67 75 180 55 129 173 54 64 116 106 61 143 131
is_linear=0
shrinkage=0.05


Tree=236
num_leaves=23
num_cat=0
split_feature=7 4 12 0 32 4 32 10 19 29 9 26 19 9 9 29 19 0 23 5 0 19
split_gain=0.00614648 0.00567957 0.00659632 0.0124464 0.00454601 0.00453273 0.00539243 0.00515528 0.00420272 0.00397639 0.00395642 0.00178797 0.000974625 0.000402116 0.000274545 2.46649e-09 1.61484e-09 1.53674e-09 2.23135e-10 7.18251e-11 1.28889e-11 3.51658e-12
threshold=2.5000000000000004 258.50000000000006 3.2052499055862431 2174036.0000000005 1.5000000000000002 280.50000000000006 1.5000000000000002 6.6112103462219247 31004.444335937504 2.5000000000000004 3.0632699728012089 1.0000000180025095e-35 115968.00000000001 0.10818690434098245 2.6005471944808964 1.0000000180025095e-35 127466.66796875001 140820.00000000003 0.93963217735290538 115486.00000000001 372528.00000000006 22446.730468750004
decision_type=2 2 2 2 2 2 2 2 2 2 2 2 2 2 2 2 2 2 2 2 2 2
left_child=1 2 3 4 8 6 15 -7 -1 13 11 -8 14 -6 -9 -3 -15 -12 20 21 -17 -2
right_child=19 5 -4 -5 9 7 10 12 -10 -11 17 -13 -14 16 -16 18 -18 -19 -20 -21 -22 -23
leaf_value=-0.021671920554728104 -0.050001752002741234 0.050060278638990312 -0.030592632279523593 0.050124884617040288 -0.023934040525933117 -0.050023907110772273 -0.050041516200502116 0.016977098275339053 0.020480634333604072 -0.0041750764281852796 0.050076487794627991 0.0042042337372472137 0.044981261942596669 -0.050028406949004622 -0.012573590093043966 0.050001938097953426 -0.050070595864658909 0.050002109049146273 0.050028616375912952 -0.050014455608180686 0.050009355786408 -0.050004975652595651
leaf_weight=0.0088466464476368856 0.0019225504040605293 0.010803948629927618 0.018725269899732666 0.011528633905982133 0.001759160402798444 0.0042690472291724291 0.0029147854365874082 0.0017604122167540481 0.017832954063578654 0.012146545019732002 0.0015251318691298366 0.0031722436165182444 0.0026166924071731046 0.0047881586629046069 0.0014199973247741582 0.0014074868631723811 0.0043096083754790016 0.001275025558697962 0.0017156284848169889 0.0023924665592858219 0.0010029118884631316 0.0015107924341464241
leaf_count=23 116 21 15 14 64 15 4 24 36 31 1 38 3 39 17 61 4 92 4 15 22 33
internal_value=8.38839e-05 0.00264779 -0.00462393 0.00332016 -0.00754057 0.0198031 0.0316921 -0.00832692 0.00650334 -0.0238288 0.00085559 -0.0217714 0.0223792 -0.0458171 0.00378323 0.0500477 -0.0500484 0.0500426 0.0500148 -0.0500078 0.050005 -0.0500032
internal_weight=0.119646 0.11382 0.079937 0.0612117 0.0496831 0.0338833 0.0238172 0.0100661 0.0266796 0.0230035 0.00888719 0.00608703 0.0057971 0.0108569 0.00318041 0.01493 0.00909777 0.00280016 0.00412603 0.00582581 0.0024104 0.00343334
internal_count=692 528 226 211 197 302 243 59 59 138 135 42 44 107 41 108 43 93 87 164 83 149
is_linear=0
shrinkage=0.05


Tree=237
num_leaves=26
num_cat=0
split_feature=10 18 19 27 21 22 2 18 9 12 0 20 19 12 18 3 25 9 12 10 21 17 19 0 22
split_gain=0.00605826 0.0064719 0.00728335 0.0070067 0.00845135 0.00789411 0.00763303 0.00834547 0.00510442 0.00484943 0.00465148 0.0034016 0.00155021 8.9312e-05 0.000204845 8.46933e-10 4.75971e-10 4.44496e-10 3.31194e-10 8.23192e-11 6.19931e-11 5.80991e-11 1.65406e-11 2.9954e-12 2.99285e-13
threshold=7.3105976581573495 3128832.0000000005 144664.89062500003 7.5000000000000009 311811.00000000006 58491.083984375007 17368.000000000004 90368.000000000015 4.1499738693237314 2.8053920269012456 517288.00000000006 760.00000000000011 41369.599609375007 2.855690717697144 124160.00000000001 3.5000000000000004 1.7772669792175295 3.6806682348251347 1.7103052735328677 6.303377866744996 100043.00000000001 7936.0000000000009 34905.599609375007 468992.00000000006 71753.335937500015
decision_type=2 2 2 2 2 2 2 2 2 2 2 2 2 2 2 2 2 2 2 2 2 2 2 2 2
left_child=1 2 3 4 5 6 7 9 15 11 -10 -1 13 14 -9 -2 21 19 -17 -8 -20 22 -5 24 -22
right_child=8 -3 -4 16 -6 -7 17 12 10 -11 -12 -13 -14 -15 -16 18 -18 -19 20 -21 23 -23 -24 -25 -26
leaf_value=0.033066159455139167 0.050045239557601845 0.050203675241228762 -0.031368953389160105 -0.050003195379483001 0.040901783757225148 -0.050059884073535614 -0.050005103506643889 0.020732592975770212 0.050012083909082398 -0.050038685060811106 -0.050056839994218852 -0.016420994397713998 0.018108837539695773 0.048884496982281894 0.05000394393277631 0.050029398078412494 -0.050039033350821528 -0.050049360727345851 0.050017031574854931 -0.050021257418012471 0.050002237286997903 -0.050019791821027129 -0.050011467444638372 0.050004824348717128 0.050001016141293014
leaf_weight=0.0060830580082438255 0.0034947735966852633 0.0051673741545528165 0.023597077961312607 0.0015037790353744631 0.013365043167141266 0.0077948630350874728 0.0010534869952607542 0.0010006374527620219 0.0018730809451881223 0.005628906405036104 0.0030558001017197967 0.0080913840029097628 0.007976882639923133 0.0093245127027330454 0.0014842726741335355 0.0024513683151781152 0.002505320476302586 0.0014443580121223931 0.0010084658679261338 0.0031371955042232003 0.0010032833856712386 0.0012269834114704281 0.0010103351157795259 0.0011530414794833632 0.0010037285690032149
leaf_count=18 7 4 27 98 16 19 65 24 47 32 3 32 14 37 29 12 14 4 10 15 29 5 9 16 106
internal_value=8.45968e-05 -0.0043084 -0.00723565 0.000605012 0.00536874 -0.00358834 0.00442143 0.0121712 0.029694 -0.0107754 -0.0120285 0.00481675 0.0351375 0.0466398 0.0382168 0.0500253 -0.0500222 -0.0500254 0.0500148 -0.0500172 0.0500062 -0.0500109 -0.0500065 0.0500028 0.0500016
internal_weight=0.116439 0.101395 0.0962281 0.072631 0.0663846 0.0530196 0.0452247 0.0395897 0.0150435 0.0198033 0.00492888 0.0141744 0.0197863 0.0118094 0.00248491 0.0101147 0.00624642 0.00563504 0.00661989 0.00419068 0.00416852 0.0037411 0.00251411 0.00316005 0.00200701
internal_count=692 462 458 431 305 289 270 186 230 82 50 50 104 90 53 180 126 84 173 80 161 112 107 151 135
is_linear=0
shrinkage=0.05


Tree=238
num_leaves=26
num_cat=0
split_feature=7 0 19 18 0 21 28 19 8 8 0 2 17 20 12 0 18 22 14 11 12 10 5 20 19
split_gain=0.00577213 0.00517843 0.00777696 0.00625412 0.00572448 0.0127065 0.00528855 0.00472056 0.00578987 0.00427336 0.00377574 0.00300898 0.00169334 0.00244233 3.71154e-05 8.7199e-08 1.2387e-08 4.51913e-09 6.79811e-10 2.12689e-10 1.8655e-10 7.87514e-11 6.24734e-11 1.15375e-11 2.85805e-12
threshold=2.5000000000000004 3290996.0000000005 144664.89062500003 85248.000000000015 239580.00000000003 328390.50000000006 133.50000000000003 12256.000000000002 3.5000000000000004 4.5000000000000009 128332.50000000001 17368.000000000004 2816.0000000000005 5058.0000000000009 2.3081561326980595 94740.000000000015 193024.00000000003 143329.16406250003 2.5000000000000004 4.6782941818237314 3.2236673831939702 7.3105976581573495 115486.00000000001 102.00000000000001 22446.730468750004
decision_type=2 2 2 2 2 2 2 2 2 2 2 2 2 2 2 2 2 2 2 2 2 2 2 2 2
left_child=1 2 3 7 11 -6 17 8 -1 -10 19 12 14 -14 -5 -16 20 -7 21 -11 23 -19 24 -17 -2
right_child=22 -3 -4 4 5 6 -8 -9 9 10 -12 -13 13 -15 15 16 -18 18 -20 -21 -22 -23 -24 -25 -26
leaf_value=-0.050031414471054594 -0.0500016910924094 0.050041293694423651 -0.022881007474145454 0.044200175362982874 -0.036412625484509138 0.050087645982530286 -0.010115038451785208 -0.050031571773596989 0.045616801939821913 -0.050007279061203537 0.049070530260233329 -0.0057122664703845409 0.050003841181537494 -0.03894634013856714 0.050319118953687084 0.050011227828255657 0.050145012305928383 0.050017827807793125 0.050055329590035995 -0.050034176238645124 0.050027534214043913 0.05000147400790611 -0.050013867473195667 0.050004009213832738 -0.050004695497683584
leaf_weight=0.0040483864286215985 0.001792785784800798 0.0054683030248270361 0.027039019831136102 0.0031721793925498778 0.012126625623750442 0.0073379001523790066 0.0053726598998764521 0.0064770331864565369 0.006534050204209052 0.0016771252335274767 0.0014179663576214807 0.0037437185746966853 0.0016747786485211682 0.0014311436098068953 0.0063016675412654885 0.0010914346330537228 0.0032577116799075156 0.0014175781689118594 0.0011041968828067183 0.0013083262419968378 0.0024793463890091516 0.0015313781373151869 0.002261343989175657 0.001123151291267277 0.001417412008777319
leaf_count=8 116 12 26 27 34 22 10 28 11 80 2 8 42 3 1 11 2 4 1 3 11 147 15 35 33
internal_value=8.4349e-05 0.0026426 9.32008e-05 0.00841712 0.0176138 0.00257448 0.0307772 -0.0143638 0.00105211 0.0199601 -0.0181107 0.0355124 0.0430293 0.00901747 0.0490916 0.0501802 0.0500701 0.0500642 0.0500219 -0.0500191 0.0500181 0.0500093 -0.0500075 0.0500076 -0.050003
internal_weight=0.112607 0.107136 0.101667 0.0746284 0.0531655 0.0288903 0.0167637 0.0214629 0.0149859 0.0109375 0.00440342 0.0242751 0.0205314 0.00310592 0.0174255 0.0142533 0.00795164 0.0113911 0.00405315 0.00298545 0.00469393 0.00294896 0.00547154 0.00221459 0.0032102
internal_count=692 528 516 490 358 218 184 132 104 96 85 140 132 45 87 60 59 174 152 83 57 151 164 46 149
is_linear=0
shrinkage=0.05


Tree=239
num_leaves=25
num_cat=0
split_feature=10 18 5 5 6 11 28 22 18 23 3 17 12 10 32 10 19 18 2 24 5 28 24 10
split_gain=0.0057922 0.00626461 0.00660758 0.00697606 0.00558157 0.00466844 0.00457215 0.00403381 0.0103008 0.00288015 0.00457782 0.00631272 0.00179769 0.00166879 0.00154606 1.27624e-09 8.51894e-10 8.25453e-10 2.72671e-10 2.11894e-10 2.09554e-11 8.12252e-12 2.44718e-12 1.93573e-12
threshold=7.3105976581573495 3128832.0000000005 509383.00000000006 77060.500000000015 10518528.000000002 5.2175934314727792 275.50000000000006 56748.833984375007 416000.00000000006 0.87174478173255932 3.5000000000000004 1.0000000180025095e-35 2.865266084671021 6.6112103462219247 1.5000000000000002 7.2844328880310067 132394.66406250003 432128.00000000006 17368.000000000004 0.99998325109481823 20815.500000000004 100.50000000000001 0.99795556068420421 7.7570912837982187
decision_type=2 2 2 2 2 2 2 2 2 2 2 2 2 2 2 2 2 2 2 2 2 2 2 2
left_child=1 2 3 4 5 9 17 12 -9 10 -1 15 13 -5 -13 22 19 18 21 -6 -21 23 -12 -2
right_child=6 -3 -4 7 16 -7 -8 8 -10 -11 11 14 -14 -15 -16 -17 -18 -19 -20 20 -22 -23 -24 -25
leaf_value=-0.050027163760329368 0.050003574312737359 0.050199537616949647 -0.039415030714187005 -0.024785875074172715 -0.050033599240037113 0.041975643684767673 -0.010444806325120643 -0.03317545002365354 0.031167285708296757 -0.050026121676104679 -0.050001147413397617 0.046347243494568244 0.044136631932487624 0.03477029759891484 0.005484127018745448 -0.050066158592163679 -0.050054635871502232 0.050041021675597631 0.050027939138541325 -0.050019823385010181 -0.050012004088981724 0.050007167577497062 -0.050004634673551679 0.050000819991071449
leaf_weight=0.0043465886610647422 0.0011468579546090041 0.0049859793289215295 0.013651601639139699 0.0021970534671709183 0.0028507768206509354 0.0042988887726096428 0.004675689611758572 0.011990235428811502 0.012926037907163845 0.0046315974821027331 0.0010078615382553844 0.0057283880032628076 0.010665176211659855 0.0025314742961199954 0.0038843376796648954 0.0013197301886975765 0.0033401086693629622 0.0040771013082121499 0.0016678446554578841 0.001469911347840025 0.0020543875627936359 0.0011029542129108449 0.0010044638993349508 0.0014374331467479351
leaf_count=26 34 4 20 14 10 8 13 23 17 31 97 30 34 34 30 1 4 10 3 17 28 14 34 156
internal_value=9.08593e-05 -0.00435368 -0.00737932 -0.00164351 -0.0176612 -0.00566697 0.0299832 0.0126365 0.000204206 -0.0150092 -0.00562976 0.00927797 0.0327594 0.00709824 0.0298352 -0.0500279 -0.0500342 0.0500241 0.0500112 -0.0500235 -0.0500153 0.0500036 -0.0500029 0.050002
internal_weight=0.108992 0.0948846 0.0898986 0.076247 0.035937 0.0262219 0.0141079 0.04031 0.0249163 0.021923 0.0172914 0.0129448 0.0153937 0.00472853 0.00961273 0.00333206 0.00971518 0.00943219 0.00535509 0.00637508 0.0035243 0.00368725 0.00201233 0.00258429
internal_count=692 462 458 438 316 257 230 122 40 249 218 192 82 48 60 132 59 217 207 55 45 204 131 190
is_linear=0
shrinkage=0.05


Tree=240
num_leaves=29
num_cat=0
split_feature=10 21 19 27 21 22 5 9 5 22 21 10 9 21 25 10 9 17 0 3 5 12 9 12 5 14 10 0
split_gain=0.00542259 0.00593696 0.00639296 0.00638822 0.00737527 0.00699597 0.00937073 0.00469211 0.00426757 0.00429771 0.00442111 0.00158992 0.00126086 0.00170538 0.000928159 0.00276508 0.000407518 0.000403501 0.000754602 6.73409e-10 4.03176e-10 2.46508e-10 1.30979e-10 1.00088e-10 9.47726e-11 4.04764e-11 2.0301e-11 2.43752e-12
threshold=7.3105976581573495 3128524.0000000005 144664.89062500003 7.5000000000000009 311811.00000000006 58491.083984375007 77060.500000000015 4.1499738693237314 13535.000000000002 9657.2500000000018 98896.000000000015 6.5469772815704355 4.3648359775543222 684064.00000000012 0.89520493149757396 6.6406595706939706 0.01840079948306084 2816.0000000000005 128332.50000000001 3.5000000000000004 181168.00000000003 1.7103052735328677 4.3596024513244638 1.1028670668601992 19926.000000000004 2.5000000000000004 6.5818047523498544 468992.00000000006
decision_type=2 2 2 2 2 2 2 2 2 2 2 2 2 2 2 2 2 2 2 2 2 2 2 2 2 2 2 2
left_child=1 2 3 4 5 6 8 19 9 17 -11 23 -9 -14 -8 -16 -12 18 -1 -2 26 -21 -17 -10 -25 27 -5 -23
right_child=7 -3 -4 20 -6 -7 14 12 11 10 16 -13 13 -15 15 22 -18 -19 -20 21 -22 25 -24 24 -26 -27 -28 -29
leaf_value=-0.003088486913222924 0.050042103240250019 0.050189771466217947 -0.030740013658512585 -0.050003617018373317 0.040201378087277986 -0.050053248150868902 0.041266457259270056 -0.04536654052869471 -0.050035563619119122 -0.050032000442211955 0.010736824495063774 -0.011477093227900191 0.050013317703563522 -0.029230656197579943 -0.035556313065553749 0.050001482714553118 0.050033341865110714 0.050050757011830677 0.050066650513705006 0.050026818439734888 -0.050034279811555886 0.050001358875058466 0.050025975792779225 -0.050031003621226047 -0.050017050002800892 0.050014183995982835 -0.050011976218523171 0.050004453149651684
leaf_weight=0.0013413010206022591 0.0032049368765001418 0.0047437098110094658 0.021733604320615996 0.0014980341250065967 0.012127220166803454 0.0068946943238188388 0.012012730891001411 0.0017617907269595898 0.0027968604208581382 0.0046163341353349097 0.0012750863825203851 0.004104956220544409 0.0013096250313537894 0.0014098168421696755 0.0016620687438262385 0.0011268434564044583 0.0013671144733962137 0.0030193848069757223 0.0013294649543240666 0.0022306197415673523 0.00278846227502072 0.0016461760997117381 0.0010586020143819042 0.0023247012863976124 0.0025535726490488742 0.0010375962692705798 0.0014099112922849599 0.0010376377072134346
leaf_count=48 7 4 27 106 16 19 17 10 7 36 37 9 30 10 9 52 4 3 1 12 10 135 7 11 29 10 10 16
internal_value=8.93915e-05 -0.0042818 -0.00725048 0.000566588 0.0054007 -0.00348731 0.00442266 0.0295074 -0.0148174 0.00499425 -0.02051 -0.0365944 -0.0124157 0.00893155 0.0344211 0.0130485 0.0310694 0.0375283 0.0233713 0.0500236 -0.0500207 0.0500137 0.0500133 -0.050028 -0.0500237 0.0500058 -0.0500077 0.0500026
internal_weight=0.105423 0.0917847 0.0870409 0.0653073 0.0596109 0.0474837 0.040589 0.0136382 0.0247288 0.0129487 0.00725853 0.0117801 0.00448123 0.00271944 0.0158602 0.00384751 0.0026422 0.00569015 0.00267077 0.00915697 0.00569641 0.00595203 0.00218545 0.00767513 0.00487827 0.00372141 0.00290795 0.00268381
internal_count=692 462 458 431 305 289 270 230 185 129 77 56 50 40 85 68 41 52 49 180 126 173 59 47 40 161 116 151
is_linear=0
shrinkage=0.05


Tree=241
num_leaves=26
num_cat=0
split_feature=0 19 7 25 24 21 28 27 10 24 12 0 5 17 0 25 0 20 5 0 25 10 5 10 19
split_gain=0.00537756 0.00587284 0.00584357 0.00551216 0.00608264 0.00543458 0.00623132 0.00328518 0.0029753 0.00764827 0.0017064 0.00286702 0.00163883 0.00160603 0.000277052 0.000752293 0.000157305 7.53664e-09 3.03377e-09 6.09313e-10 1.38824e-10 1.32452e-10 6.31087e-11 5.2988e-11 2.23486e-12
threshold=3290996.0000000005 144664.89062500003 2.5000000000000004 0.99957478046417247 0.99534550309181224 311811.00000000006 133.50000000000003 3.5000000000000004 6.4542245864868173 0.99714457988739025 2.1769183874130253 148992.00000000003 5322.0000000000009 1.0000000180025095e-35 223488.00000000003 1.1902375817298891 122028.00000000001 26.000000000000004 23767.000000000004 134192.00000000003 0.97597676515579235 7.3712267875671396 115486.00000000001 6.6112103462219247 22446.730468750004
decision_type=2 2 2 2 2 2 2 2 2 2 2 2 2 2 2 2 2 2 2 2 2 2 2 2 2
left_child=1 2 3 4 7 10 18 -1 9 -6 14 -12 -9 -10 15 -5 -15 -18 21 -19 23 -7 24 -21 -4
right_child=-2 -3 22 5 8 6 -8 12 13 -11 11 -13 -14 16 -16 -17 17 19 -20 20 -22 -23 -24 -25 -26
leaf_value=-0.050028195908051604 0.050039429374405024 -0.023219955154238581 -0.050001565947337505 -0.0080294903767493039 0.049945524256242359 0.050025948144842874 -0.031350125262668997 0.050044939287119811 0.011446538977752685 -0.018710280786603705 -0.050011776948892375 0.040637494977653101 -0.01983986156682014 0.03631659613206599 -0.050034544151681695 -0.050030169151033588 0.050106559484732194 0.050047526232518416 0.050087986606756098 0.050015997989956124 0.050024069387320215 0.0500010449922553 -0.05001505828792005 0.050002445862920408 -0.050004356445788462
leaf_weight=0.0043426223419373846 0.005117549309943569 0.025358723240060499 0.0016041417989072207 0.0017783369744392985 0.0073360005576432732 0.0010357133796787821 0.0039420572238668683 0.0017136232709162869 0.0037425133232318322 0.0090739599845619523 0.001642376007112035 0.001860178388596978 0.0016434212238891632 0.0024739738869357089 0.0054495354161190335 0.0026621285205692402 0.0041889159183483579 0.002325724795809947 0.0036839577692262537 0.0015204568771878257 0.0038442073764599627 0.0011020959402685548 0.0016510353202647821 0.0013722481980948942 0.0012981546421997336
leaf_count=10 12 29 116 24 8 3 10 3 6 36 21 29 51 21 16 19 4 18 21 5 10 127 12 48 33
internal_value=9.03566e-05 -0.00255452 0.0047967 0.00853603 0.0190112 -0.011177 0.0171917 -0.0213127 0.027665 0.011982 -0.0318592 -0.00186868 0.0158332 0.0408844 -0.0424804 -0.0332096 0.0478904 0.0500511 0.0500605 0.0500255 0.0500178 0.0500131 -0.0500073 0.0500096 -0.0500028
internal_weight=0.101764 0.0966461 0.0712874 0.066734 0.0435777 0.0231564 0.00976382 0.00769967 0.035878 0.01641 0.0133926 0.00350255 0.00335704 0.019468 0.00989 0.00444047 0.0157255 0.0132516 0.00582177 0.00906264 0.00673691 0.00213781 0.00455333 0.00289271 0.0029023
internal_count=692 680 651 490 220 270 161 64 156 44 109 50 54 112 59 43 106 85 151 81 63 130 161 53 149
is_linear=0
shrinkage=0.05


Tree=242
num_leaves=28
num_cat=0
split_feature=0 10 19 5 6 24 12 3 32 10 19 6 5 3 4 17 32 12 0 0 0 33 23 20 25 23 23
split_gain=0.00510872 0.00578666 0.00584307 0.00550708 0.00425956 0.0041737 0.00372968 0.00352521 0.00517704 0.00304807 0.00304021 0.00282271 0.00226733 0.00192836 0.00245119 0.00111019 0.00158476 0.000835794 2.60295e-05 7.79266e-10 3.4641e-10 3.07992e-10 1.33525e-10 3.62486e-11 2.49121e-11 5.03476e-12 4.35998e-13
threshold=3290996.0000000005 7.3105976581573495 144664.89062500003 77060.500000000015 10518528.000000002 1.4637863636016848 1.482320308685303 3.5000000000000004 1.5000000000000002 6.4542245864868173 115968.00000000001 788529152.00000012 4098.5000000000009 4.5000000000000009 280.50000000000006 1280.0000000000002 4.5000000000000009 3.0006167888641362 400128.00000000006 553848.00000000012 157580.00000000003 1.5000000000000002 0.97646722197532665 2977.0000000000005 0.9534277915954591 0.074218750000000014 0.81328123807907116
decision_type=2 2 2 2 2 2 2 2 2 2 2 2 2 2 2 2 2 2 2 2 2 2 2 2 2 2 2
left_child=1 2 3 4 7 9 -3 -1 13 -5 12 -7 -10 -9 -15 -13 -17 21 -11 22 24 23 25 -14 -6 -8 -27
right_child=-2 6 -4 5 20 11 19 8 10 18 -12 15 17 14 -16 16 -18 -19 -20 -21 -22 -23 -24 -25 -26 26 -28
leaf_value=-0.050022217994137808 0.050037504395801805 -0.0066588475995578728 -0.030296100120530751 0.010320259176954151 -0.05002059179727969 -0.049031215265553679 0.050006133644967782 0.050049270055514496 0.02452420444414781 0.050074596733332692 0.050069234030631217 0.034541465767624673 -0.050002095402920776 0.042470655684205959 -0.050006249923555179 -0.050029794393206643 0.025625144445195615 -0.01217040895327391 0.044918427138133155 0.050040716516709861 -0.050039414412662721 -0.050030460769848906 0.050022265058535312 -0.050014324219037759 -0.050012592233971677 0.05000112225427094 0.050002598115983565
leaf_weight=0.0036132355503468707 0.0048681460866646367 0.0045878317578171854 0.020701225381344557 0.012637517630537332 0.0018385581920483665 0.0034961221417688648 0.0010511692271393258 0.005614197218164918 0.0016153141878021415 0.0048750822170404717 0.0013808276271447548 0.0023487090056732995 0.0014403549703274621 0.0015507745247305138 0.0013320476728040376 0.0013840535411873134 0.0013847261800492561 0.0019438526942394674 0.0049157439570990391 0.0035059552756138146 0.0027941759599343641 0.0033547335465300421 0.0013399249137364677 0.0010461013271196862 0.002067843172881112 0.001000825268420158 0.0010008458170887025
leaf_count=28 12 38 23 17 9 16 17 8 4 29 1 5 136 25 25 4 36 2 12 6 9 21 4 6 38 97 64
internal_value=9.62234e-05 -0.00249509 -0.00736044 0.000470094 -0.0149632 0.0151826 0.0291969 -0.0047 0.00379456 0.0265444 -0.0192081 -0.0144018 -0.0293843 0.0329808 -0.000259571 0.00925605 -0.0121931 -0.0405697 0.0474858 0.0500231 -0.050026 -0.0500206 0.0500091 -0.0500072 -0.0500164 0.0500033 0.0500019
internal_weight=0.0986899 0.0938217 0.0813352 0.060634 0.029592 0.031042 0.0124866 0.0228914 0.0192782 0.0224283 0.0107812 0.00861361 0.00940036 0.00849702 0.00288282 0.00511749 0.00276878 0.00778504 0.00979083 0.00789872 0.00670058 0.00584119 0.00439277 0.00248646 0.0039064 0.00305284 0.00200167
internal_count=692 680 454 431 312 119 226 256 228 58 170 61 169 58 50 45 40 165 41 188 56 163 182 142 47 178 161
is_linear=0
shrinkage=0.05


Tree=243
num_leaves=25
num_cat=0
split_feature=21 14 32 11 21 2 31 13 27 33 22 24 19 5 20 9 5 24 12 5 5 21 9 28
split_gain=0.00520611 0.00636014 0.0111511 0.0058728 0.00393707 0.00576886 0.0036877 0.00346293 0.00316936 0.00335698 0.00383318 0.00315632 0.00191647 0.00176027 0.00167453 0.000357262 2.12752e-05 3.74829e-05 2.63244e-07 8.03538e-08 1.37887e-09 4.16148e-10 7.49469e-11 2.6504e-13
threshold=3128524.0000000005 1.0000000180025095e-35 2.5000000000000004 3.5302884578704838 186559.50000000003 17368.000000000004 3.5000000000000004 1.5000000000000002 2.5000000000000004 1.5000000000000002 47176.984375000007 1.2631292939186098 26163.200195312504 46969.000000000007 4006.0000000000005 0.079586289823055281 32958.500000000007 2.4115767478942876 2.1769183874130253 77060.500000000015 5322.0000000000009 437649.00000000006 3.126909732818604 108.00000000000001
decision_type=2 2 2 2 2 2 2 2 2 2 2 2 2 2 2 2 2 2 2 2 2 2 2 2
left_child=1 3 4 -1 5 11 7 8 14 20 12 15 -11 -12 -4 -3 17 -6 -18 -14 -10 22 23 -22
right_child=-2 2 6 -5 16 -7 -8 -9 9 10 13 -13 19 -15 -16 -17 18 -19 -20 -21 21 -23 -24 -25
leaf_value=-0.00010043516978085052 0.050183715075797053 0.025354768624534431 -0.016681613767009391 -0.044343031577490623 0.039981840590261948 -0.050030901094712157 0.043632319738459296 0.037344563989609295 -0.050061510081742561 -0.024416894091426191 0.02205614249541786 -0.01769088704843216 0.0500277261251924 -0.046531268367890247 0.039284056664597826 0.050040856432868409 0.049564759561787464 0.050032875772981045 0.050071369731552066 0.049493984652175027 -0.050002693003330427 -0.050033029762692895 -0.050015250204441399 -0.050003841154608146
leaf_weight=0.015553686007478973 0.0049211417936021453 0.0019315552253829082 0.0026617076389356944 0.01448713665968171 0.0017131685876847777 0.0030211004450393384 0.0026411185522192673 0.002586750011687399 0.0024526485940441498 0.0012588891411269287 0.0011289101857983042 0.0027873274543708257 0.0014477321528829634 0.0054593448544437706 0.0026846450475659367 0.0060758799154427834 0.0049027560830836592 0.0020228201203735807 0.0053757718721954006 0.0013747741281804338 0.0010063615477520216 0.0034477834342396818 0.0037162901521696767 0.0010041804739557847
leaf_count=31 8 44 19 20 13 11 8 9 2 24 87 31 3 27 25 40 10 32 32 40 62 9 16 89
internal_value=9.66248e-05 -0.0026197 0.00669255 -0.0214364 0.029983 0.0110422 -0.0130263 -0.0179764 -0.0231531 -0.0314434 -0.0111905 0.0281346 0.0268858 -0.0347787 0.0114213 0.0440861 0.0486552 0.0454239 0.0498297 0.0497678 -0.0500282 -0.0500193 -0.050011 -0.0500033
internal_weight=0.0956635 0.0907423 0.0607015 0.0300408 0.0278304 0.0138159 0.0328711 0.03023 0.0276433 0.0222969 0.0106697 0.0107948 0.0040814 0.00658826 0.00534635 0.00800744 0.0140145 0.00373599 0.0102785 0.00282251 0.0116273 0.00917462 0.00572683 0.00201054
internal_count=692 684 633 51 213 126 420 412 403 359 181 115 67 114 44 84 87 45 42 43 178 176 167 151
is_linear=0
shrinkage=0.05


Tree=244
num_leaves=23
num_cat=0
split_feature=18 10 5 27 5 12 6 3 27 17 20 32 0 21 6 0 10 5 27 10 20 21
split_gain=0.00494703 0.00539026 0.00560545 0.00580408 0.00551657 0.00716031 0.00508292 0.00437962 0.00410723 0.00382152 0.00386237 0.0019259 0.00333756 0.00245986 0.00127 7.91608e-10 6.86351e-10 2.22814e-10 6.06065e-11 1.67171e-11 3.89123e-12 9.98854e-13
threshold=3128832.0000000005 7.3105976581573495 862222.00000000012 7.5000000000000009 77060.500000000015 2.9888230562210087 10518528.000000002 3.5000000000000004 18.500000000000004 1.0000000180025095e-35 890.00000000000011 2.5000000000000004 641536.00000000012 156598.00000000003 276824064.00000006 553848.00000000012 7.2844328880310067 177876.00000000003 8.5000000000000018 6.5818047523498544 18723.500000000004 328390.50000000006
decision_type=2 2 2 2 2 2 2 2 2 2 2 2 2 2 2 2 2 2 2 2 2 2
left_child=1 2 3 4 6 11 7 -1 14 16 -11 -6 13 -13 15 18 -9 19 20 -5 21 -3
right_child=-2 8 -4 17 5 -7 -8 9 -10 10 -12 12 -14 -15 -16 -17 -18 -19 -20 -21 -22 -23
leaf_value=-0.050021205079492065 0.050174731380810668 0.050002950858499234 -0.050147785220296219 -0.050003146177441726 0.045519322546967583 -0.013155480232446469 -0.05002968332414906 -0.050002474543999524 -0.050041710381556914 0.049650037499888319 -0.0038138571828952861 0.028996737800142332 0.042877114065007195 -0.050025244494962706 0.0090328593584007213 0.050039307257643155 -0.050056899293026536 -0.050026644876740023 0.050015523221066782 -0.050011248298584735 0.050005585146613733 0.050000834911076014
leaf_weight=0.0038487565548166449 0.004681951988459331 0.0011062479179599904 0.0069769515612279056 0.0012793130997579274 0.012329376671004866 0.014185457739586127 0.007663378554980226 0.0011827998714579726 0.0014418509963434198 0.0059641031302817282 0.0077909377250762191 0.0016478220350109041 0.0049175399617524818 0.0024476263806718634 0.0024958182184491307 0.0031224291524267755 0.0011353192385286093 0.0034766973940349999 0.001390253848512657 0.0012673603187067783 0.0010417837604563829 0.0011248705920934299
leaf_count=29 8 38 10 106 39 16 39 72 2 30 34 41 8 10 5 5 1 13 5 10 24 147
internal_value=9.61383e-05 -0.0025732 -0.00743425 -0.00312379 0.00135173 0.0143774 -0.0154243 -0.00211267 0.0289873 0.00935914 0.0193678 0.0326774 0.0151102 -0.0182304 0.0400702 0.0500198 -0.0500291 -0.0500184 0.0500068 -0.0500072 0.0500031 0.0500019
internal_weight=0.0925186 0.0878367 0.0761134 0.0691365 0.0631131 0.0355278 0.0275853 0.0199219 0.0117233 0.0160732 0.013755 0.0213424 0.00901299 0.00409545 0.0102814 0.00778559 0.00231812 0.00602337 0.00466316 0.00254667 0.0032729 0.00223112
internal_count=692 684 458 448 319 114 205 166 226 137 64 98 59 51 224 219 73 129 214 116 209 185
is_linear=0
shrinkage=0.05


Tree=245
num_leaves=24
num_cat=0
split_feature=7 18 19 18 0 21 28 19 8 8 0 12 10 18 0 5 22 23 11 12 5 0 19
split_gain=0.00478451 0.00422502 0.00607246 0.00464706 0.00448147 0.0098355 0.00414699 0.00362916 0.00430802 0.00321163 0.00288323 0.00228949 0.0037554 0.000602427 4.23569e-08 6.09698e-09 2.12223e-09 3.04569e-10 9.31448e-11 8.72942e-11 4.38731e-11 3.55765e-11 1.65734e-12
threshold=2.5000000000000004 3128832.0000000005 144664.89062500003 85248.000000000015 239580.00000000003 328390.50000000006 133.50000000000003 12256.000000000002 3.5000000000000004 4.5000000000000009 128332.50000000001 2.7767953872680669 6.8244917392730722 142848.00000000003 94740.000000000015 183292.00000000003 143329.16406250003 0.28173828125000006 4.6782941818237314 3.2236673831939702 115486.00000000001 504064.00000000006 22446.730468750004
decision_type=2 2 2 2 2 2 2 2 2 2 2 2 2 2 2 2 2 2 2 2 2 2 2
left_child=1 2 3 7 11 -6 16 8 -1 -10 18 12 13 -5 -13 19 -7 -18 -11 -16 22 -19 -2
right_child=20 -3 -4 4 5 6 -8 -9 9 10 -12 14 -14 -15 15 -17 17 21 -20 -21 -22 -23 -24
leaf_value=-0.050023264850970361 -0.050001399451569263 0.050166185935926033 -0.022243244487915984 -0.038570519757604588 -0.035216175267306846 0.050069326569045391 -0.0089461773330414673 -0.050024832394522017 0.045381399381348941 -0.050005671596950886 0.049007803570152504 0.050250674720269908 0.05001927654640962 0.0003995325443221585 0.050006271262328233 0.050117125953368195 0.050040930072365999 0.050000968995919819 -0.05002608268361515 0.050021569779402669 -0.050012497479534124 0.050013897177888546 -0.050003952516976896
leaf_weight=0.0029938732332084337 0.0013971088590096761 0.0044543497897393527 0.022007700579706579 0.002011362958000972 0.0098723355090442055 0.0058442626395844854 0.0044540848466567704 0.004915271591016789 0.0049790920966188423 0.001267267347429879 0.0010878053180931602 0.0049635916948318481 0.0038372643352886371 0.0019562258949008537 0.0018316719497306622 0.0023315674625337124 0.0010155777513318753 0.0010284888578553364 0.0010000029997172533 0.0018993664989466197 0.0019605455722739862 0.0011026623105863109 0.0011663198231417482
leaf_count=8 116 8 30 11 34 22 10 28 11 80 2 1 36 29 51 1 6 142 3 11 15 4 33
internal_value=9.45144e-05 0.00276567 0.000139547 0.00857556 0.017332 0.00268039 0.0305068 -0.0141459 0.00142205 0.0199027 -0.0179089 0.0354743 0.0147523 -0.0193563 0.0501424 0.0500537 0.0500515 0.0500184 -0.0500147 0.0500141 -0.0500069 0.0500077 -0.0500026
internal_weight=0.0893778 0.0848538 0.0803995 0.0583918 0.0421485 0.0233174 0.0134451 0.0162433 0.011328 0.00833417 0.00335508 0.0188311 0.00780485 0.00396759 0.0110262 0.00606261 0.00899099 0.00314673 0.00226727 0.00373104 0.00452397 0.00213115 0.00256343
internal_count=692 528 520 490 358 218 184 132 104 96 85 140 76 40 64 63 174 152 83 62 164 146 149
is_linear=0
shrinkage=0.05


Tree=246
num_leaves=25
num_cat=0
split_feature=7 4 12 27 11 32 5 11 20 27 10 9 23 14 4 19 5 22 23 12 4 5 12 19
split_gain=0.00454817 0.0040895 0.00506074 0.00564923 0.00502996 0.00342566 0.00333616 0.00299717 0.00361536 0.00264367 0.00256808 0.00302651 0.0014106 0.00268442 0.000738181 0.000203574 5.2646e-05 2.14966e-07 1.05309e-09 3.6429e-10 1.62396e-10 3.77477e-11 2.98028e-11 1.42495e-12
threshold=2.5000000000000004 258.50000000000006 3.2052499055862431 2.5000000000000004 3.6549445390701298 1.5000000000000002 4340.5000000000009 5.1997933387756357 158.00000000000003 11.500000000000002 6.4869177341461191 3.3387895822525029 0.96286892890930187 2.5000000000000004 148.50000000000003 40813.714843750007 76177.000000000015 52760.761718750007 0.074218750000000014 1.0080447196960451 799.00000000000011 115486.00000000001 3.029732465744019 22446.730468750004
decision_type=2 2 2 2 2 2 2 2 2 2 2 2 2 2 2 2 2 2 2 2 2 2 2 2
left_child=1 2 3 4 -1 6 -3 8 9 14 -7 12 13 15 -5 -12 20 -10 -8 -20 -13 23 -21 -2
right_child=21 5 -4 7 -6 10 18 -9 17 -11 11 16 -14 -15 -16 -17 -18 -19 19 22 -22 -23 -24 -25
leaf_value=-0.00018450740360194599 -0.050001331779966553 -0.014979612533321885 -0.030887703444899425 -0.0024474664217324399 0.047592329636180951 -0.050023438049273408 0.050049739448008813 0.0073474388838011681 -0.049520494816910288 -0.050017096034107825 0.0205354309326389 0.05003575424195026 -0.047305369642304508 -0.050040987437547424 0.050022543035681592 0.050002749031989029 0.036674585753665251 -0.050037634475175743 0.050034300971984427 0.050003167449562957 0.050060454631139395 -0.050011886147336482 0.050013652186006077 -0.050003759024798616
leaf_weight=0.012113787131966092 0.0013289728194649788 0.0024355547320737978 0.013826825590513181 0.0010026640982232502 0.010103875300956133 0.0020914608940074695 0.0053862285567447543 0.0092706043074031186 0.0035486698920976778 0.0014226240791685996 0.0010106811105288216 0.001484383801198419 0.0018688316340558231 0.0013707845137105323 0.0020222961702529574 0.001395242578610123 0.0010132126483313186 0.0046332121082741651 0.0020184383520245319 0.0019514212108333595 0.0012061398010700941 0.0018649508190264896 0.0010384433273884497 0.0011094419207893225
leaf_count=15 116 9 15 53 36 9 6 26 30 24 5 72 12 3 13 61 21 14 4 73 1 15 26 33
internal_value=0.000101308 0.00272408 -0.00449305 0.00377923 0.0215429 0.0199544 0.0376927 -0.014242 -0.0300896 0.00619457 6.19553e-05 0.0112662 -0.0117757 0.00580541 0.0326306 0.0376241 0.0463886 -0.0498133 0.0500344 0.0500179 0.0500468 -0.0500065 0.0500068 -0.0500024
internal_weight=0.0865187 0.0822154 0.0579446 0.0441177 0.0222177 0.0242708 0.0128301 0.0219001 0.0126295 0.00444758 0.0114407 0.00934928 0.00564554 0.00377671 0.00302496 0.00240592 0.00370374 0.00818188 0.0103945 0.0050083 0.00269052 0.00430337 0.00298986 0.00243841
internal_count=692 528 226 211 51 302 118 160 134 90 184 175 81 69 66 66 94 44 109 103 73 164 99 149
is_linear=0
shrinkage=0.05


Tree=247
num_leaves=29
num_cat=0
split_feature=7 18 14 32 10 27 21 23 3 21 2 24 27 0 10 25 22 0 18 22 21 10 17 27 18 27 27 21
split_gain=0.00432172 0.00386494 0.00592722 0.00981663 0.0045601 0.00438111 0.00473442 0.00395479 0.00405668 0.00271238 0.00558668 0.00244878 0.00108442 8.39022e-05 1.28548e-06 4.33696e-09 1.2719e-09 8.85547e-10 5.80881e-10 2.78602e-10 1.56165e-10 1.03126e-10 1.01817e-10 8.66395e-11 2.55428e-11 1.6078e-11 1.58467e-11 1.02921e-12
threshold=2.5000000000000004 3128832.0000000005 1.0000000180025095e-35 2.5000000000000004 6.4663562774658212 13.500000000000002 328390.50000000006 0.92722573876380932 5.5000000000000009 186559.50000000003 17368.000000000004 1.2631292939186098 6.5000000000000009 131304.00000000003 6.2131216526031503 0.79231521487236034 143329.16406250003 94740.000000000015 432128.00000000006 270418.40625000006 407151.00000000006 7.5671324729919442 2816.0000000000005 2.5000000000000004 121088.00000000001 4.5000000000000009 6.5000000000000009 74139.000000000015
decision_type=2 2 2 2 2 2 2 2 2 2 2 2 2 2 2 2 2 2 2 2 2 2 2 2 2 2 2 2
left_child=1 2 -1 9 18 6 7 8 13 10 11 17 16 -6 -11 -16 -8 -4 23 21 -18 -17 -15 -5 27 -19 -25 -2
right_child=24 -3 3 4 5 -7 12 -9 -10 14 -12 -13 -14 22 15 19 20 25 -20 -21 -22 -23 -24 26 -26 -27 -28 -29
leaf_value=-0.019390134354350705 -0.050001180914635956 0.050149921835396009 0.050044519560577774 -0.050026230610007973 0.034902777814873345 -0.050027740903176757 0.050065546757783908 -0.050026974273703999 -0.041974380203788866 0.048757061341848762 -0.050026706588446247 -0.012013388799426438 -0.0012186637278766778 0.050023427998541828 0.05009601365126768 0.050020873457682274 0.050033858181863226 0.05000219159680367 -0.050047620701092324 0.050036221222109857 0.050008126917821964 0.05000336611010843 0.050002878966069968 -0.05001296174269404 -0.050010174156385569 0.05001027154216478 -0.050005348433658961 -0.050003420786260022
leaf_weight=0.025724807775986847 0.0010500811386009437 0.0040675924574316005 0.0040316263330169022 0.0010597187183520864 0.0014837368144071661 0.0035921342500841993 0.0036166461650282136 0.0040206075500464067 0.0020984708862670232 0.0024003548760447311 0.0025005274655995899 0.0021047072859801119 0.0012436970828275662 0.0012289747828617692 0.0030080594588071108 0.0029490458691725507 0.0010061063194370945 0.0011464355734460696 0.0019549035314412322 0.0028434334672056139 0.0014245872739593324 0.0011767823809805122 0.001183131009383942 0.0014607004977733595 0.0020409647090673388 0.0013298765225044917 0.0012845592202666012 0.0010024674811575096
leaf_count=26 101 8 5 4 9 15 3 13 8 5 7 22 8 3 2 8 34 50 3 4 80 64 40 14 33 12 81 30
internal_value=0.000101664 0.00266752 0.000121979 0.0101311 -0.0106351 0.000221592 0.0106517 -0.0116623 0.0140703 0.0336971 0.0157664 0.0348683 0.041302 0.0442585 0.0497959 0.0500458 0.0500467 0.0500301 -0.0500255 0.0500242 0.0500188 0.0500159 0.0500133 -0.0500141 -0.0500062 0.0500065 -0.0500094 -0.0500023
internal_weight=0.0840347 0.0799412 0.0758736 0.0501488 0.026658 0.0208981 0.017306 0.0100149 0.00599431 0.0234908 0.0111132 0.00861265 0.00729104 0.00389584 0.0123777 0.00997732 0.00604734 0.00650794 0.00575988 0.00696926 0.00243069 0.00412583 0.00241211 0.00380498 0.00409351 0.00247631 0.00274526 0.00205255
internal_count=692 528 520 494 315 213 198 73 60 179 96 89 125 52 83 78 117 67 102 76 114 72 43 99 164 62 95 131
is_linear=0
shrinkage=0.05


Tree=248
num_leaves=23
num_cat=0
split_feature=7 4 12 18 12 23 5 11 4 10 8 33 10 22 20 24 29 12 8 23 5 19
split_gain=0.00410839 0.00379294 0.00468389 0.00525495 0.00419906 0.00578042 0.00585869 0.004598 0.00315312 0.00330927 0.00160439 0.00225615 0.00422984 0.00158889 0.00123521 2.69112e-05 8.93676e-10 2.4443e-10 8.83532e-11 5.02051e-11 2.79625e-11 1.05654e-12
threshold=2.5000000000000004 258.50000000000006 3.2052499055862431 2366720.0000000005 2.8961431980133061 0.60693359375000011 40976.000000000007 5.1997933387756357 280.50000000000006 6.6112103462219247 8.5000000000000018 1.5000000000000002 6.8244917392730722 19025.213867187504 13372.000000000002 1.7226562500000002 1.0000000180025095e-35 3.2236673831939702 5.5000000000000009 0.75439453125000011 115486.00000000001 22446.730468750004
decision_type=2 2 2 2 2 2 2 2 2 2 2 2 2 2 2 2 2 2 2 2 2 2
left_child=1 2 3 4 5 6 13 15 10 -10 11 16 -13 18 -11 -7 -3 -14 -1 -18 21 -2
right_child=20 8 -4 -5 -6 7 -8 -9 9 14 -12 12 17 -15 -16 -17 19 -19 -20 -21 -22 -23
leaf_value=-0.050028053357425321 -0.050001204634134266 0.050044425207907743 -0.030376942167624727 0.050112991751993775 -0.045764571426909262 -0.043493122394529592 0.042519193585071433 0.00658949415771786 -0.050015620898312352 -0.0068461861418345621 -0.020632907940971317 -0.047250931872290507 0.05000137727454862 0.023067007567023054 0.050038579684544074 -0.050028359303390127 0.050002152242678004 0.050032272753397493 -0.050009310974463296 0.050017039795136969 -0.050010754730777367 -0.050003401838703679
leaf_weight=0.0016436768346466133 0.0012025066715750645 0.0077332698147074552 0.013234657568318653 0.0053336984383349764 0.0049639608287179718 0.0023921490819702731 0.011842561844787269 0.0087288941431324929 0.0028283192805247373 0.0019256417645010515 0.0013275067644826768 0.001983413218113129 0.0012774713807175431 0.0010318281074432889 0.0018918776040663943 0.0046128869942094752 0.0012582107851812907 0.0012832729262299836 0.0010183943641095539 0.0010297709407041111 0.0016875164242264873 0.0010038702771453245
leaf_count=3 116 18 15 10 17 23 23 26 15 38 14 5 128 7 6 30 64 2 72 12 15 33
internal_value=0.000106723 0.00262973 -0.00447121 0.0037768 -0.00304389 0.00373772 0.0253712 -0.0176242 0.0198956 -0.00902468 0.031989 0.036785 0.00756186 -0.029605 0.0213446 -0.0477966 0.0500363 0.0500169 -0.0500209 0.0500089 -0.0500059 -0.0500022
internal_weight=0.0812354 0.0773415 0.0548027 0.0415681 0.0362344 0.0312704 0.0155365 0.0157339 0.0225388 0.00664584 0.0158929 0.0145654 0.00454416 0.0036939 0.00381752 0.00700504 0.0100213 0.00256074 0.00266207 0.00228798 0.00389389 0.00220638
internal_count=692 528 226 211 201 184 105 79 302 59 243 229 135 82 44 53 94 130 75 76 164 149
is_linear=0
shrinkage=0.05


Tree=249
num_leaves=22
num_cat=0
split_feature=10 0 4 0 18 4 32 0 10 23 10 3 20 25 29 20 24 9 23 28 9
split_gain=0.00402055 0.00418714 0.00429664 0.00497435 0.00735653 0.00438598 0.00440682 0.00391652 0.0028579 0.00222988 0.00187204 0.00156339 0.000510331 1.74416e-05 5.07296e-10 2.12767e-10 9.61295e-11 6.69214e-11 5.3335e-11 1.74998e-11 1.48318e-11
threshold=7.8300440311431894 3290996.0000000005 258.50000000000006 239580.00000000003 90368.000000000015 280.50000000000006 1.5000000000000002 641536.00000000012 6.6112103462219247 0.69030761718750011 6.7254662513732919 4.5000000000000009 10364.000000000002 0.64034664630889904 1.0000000180025095e-35 18209.000000000004 0.98063287138938915 3.5796490907669072 0.93963217735290538 254.00000000000003 3.3905515670776372
decision_type=2 2 2 2 2 2 2 2 2 2 2 2 2 2 2 2 2 2 2 2 2
left_child=1 2 3 4 10 6 13 -5 17 -8 16 -11 -10 -4 -15 19 -1 -7 -16 -2 -18
right_child=15 -3 5 7 -6 8 9 -9 12 11 -12 -13 -14 14 18 -17 20 -19 -20 -21 -22
leaf_value=-0.05002158315931661 0.050001569666528162 0.050029515421957528 0.044864234636784593 -0.05004453838110761 0.029457108084050811 -0.050004037201469204 -0.047349329539406015 -0.012283364729940216 -0.0043556810872007789 -0.018001992745297828 0.0063988449610202017 0.050031830855666128 0.034430371162641471 0.050037349471138852 0.050003131775563314 0.050029768667166297 -0.050004703140667732 -0.050017595628875748 0.050017980903252414 0.050010277199938641 -0.050011897142493794
leaf_weight=0.0022686174513637516 0.0012134266030443533 0.0036158206748950752 0.0020931253966409713 0.0109910689118351 0.012396147924846446 0.00168771894573183 0.0021267785011787064 0.018299272560398094 0.0018331360624870285 0.0015971878181062493 0.0020537697400868637 0.0017916521110237227 0.0015782555419718847 0.005015175162043306 0.0013837681426593917 0.0015245705603774695 0.0016360044864995871 0.001975224474335846 0.001074105817679083 0.0011001600923918886 0.0012746992324537132
leaf_count=24 136 10 5 31 29 90 13 22 40 33 10 11 6 11 59 15 119 9 4 7 8
internal_value=0.000107287 -0.00245732 -0.00512748 -0.0134008 0.00607556 0.0131396 0.0283756 -0.0264531 -0.0193422 -0.0072185 -0.033996 0.0179669 0.0135884 0.0488983 0.0500282 0.0500153 -0.0500139 -0.0500113 0.0500096 0.0500057 -0.0500079
internal_weight=0.0785297 0.0746915 0.0710757 0.0489196 0.0196292 0.0221561 0.0150818 0.0292903 0.00707434 0.00551562 0.00723309 0.00338884 0.00341139 0.00956617 0.00747305 0.00383816 0.00517932 0.00366294 0.00245787 0.00231359 0.0029107
internal_count=692 534 524 243 190 281 136 53 145 57 161 44 46 79 74 158 151 99 63 143 127
is_linear=0
shrinkage=0.05


Tree=250
num_leaves=25
num_cat=0
split_feature=18 5 10 27 5 10 24 24 9 28 10 5 25 17 5 5 21 0 10 24 24 28 5 12
split_gain=0.00389188 0.00482988 0.004106 0.0053225 0.00628744 0.0034062 0.00381187 0.00729164 0.00360054 0.00212037 0.00230327 0.00160316 0.00159592 0.00110707 0.000771487 0.000490576 1.13769e-09 2.31121e-10 2.2112e-10 7.49628e-11 4.0144e-11 1.68836e-11 1.63763e-11 2.6657e-12
threshold=3128832.0000000005 509383.00000000006 7.6910860538482675 7.5000000000000009 360496.00000000006 6.5644235610961923 0.99668830633163463 0.99580129981040966 0.079586289823055281 169.00000000000003 6.8003742694854745 5444.0000000000009 0.5328696370124818 3840.0000000000005 6569.5000000000009 7626.0000000000009 222654.00000000003 553848.00000000012 6.6664593219757089 0.99954122304916393 0.96293500065803539 222.50000000000003 24366.000000000004 2.8386291265487675
decision_type=2 2 2 2 2 2 2 2 2 2 2 2 2 2 2 2 2 2 2 2 2 2 2 2
left_child=1 2 3 4 5 6 7 12 11 10 13 -8 -1 -7 -10 -5 19 21 -17 -16 -14 -4 -21 -22
right_child=-2 -3 17 15 -6 9 8 -9 14 -11 -12 -13 20 -15 16 18 -18 -19 -20 22 23 -23 -24 -25
leaf_value=0.019082423299542958 0.050138210564244216 -0.030532028417019852 0.050001266405963286 -0.011828441357216894 0.050049825506019885 0.048291964727815391 -0.029824428237788067 0.046957284027901086 -0.020090288270213544 0.046206582329256403 -0.016450432433544861 0.042229589298538234 -0.050024814384049279 0.0063748899240114515 -0.050025396491463307 -0.050006983837408842 -0.050053387234150537 0.050029726393401579 -0.050028799267967661 -0.050016682711590515 -0.050015864741728956 0.050008742843895226 -0.050009150481822008 -0.050012640306047275
leaf_weight=0.0010626746582147462 0.0036981452649342819 0.012640357960890469 0.001519665519708723 0.001002871151740691 0.0067685505491681388 0.0030383822122530546 0.0012094342728232741 0.0058942542655131547 0.0028484334770837458 0.0042604692553140913 0.0061431810759131622 0.0021342335458029993 0.0013282131785672391 0.0032709819070078083 0.0017813755105180462 0.0017509368872197228 0.0040632639411342097 0.0013723746451432817 0.0034507753462094115 0.0012691631073948884 0.0011827392891063937 0.0015009323096819571 0.001672665255910033 0.0013993467537147808
leaf_count=19 8 28 181 65 8 9 50 5 8 29 39 10 8 39 6 59 8 4 9 20 24 14 24 18
internal_value=0.000104362 -0.00244551 0.00347896 -0.000202191 0.00528777 -0.00183119 -0.013206 0.00933745 -0.0295616 0.0157593 0.00534217 0.016167 -0.0352517 0.0265608 -0.0427032 -0.0438482 -0.050034 0.0500127 -0.0500215 -0.0500173 -0.0500178 0.050005 -0.0500124 -0.0500141
internal_weight=0.0762634 0.0725653 0.0599249 0.0555319 0.0493274 0.0425588 0.0258458 0.0108672 0.0149786 0.016713 0.0124525 0.00334367 0.00497297 0.00630936 0.0116349 0.00620458 0.00878647 0.00439297 0.00520171 0.0047232 0.0039103 0.0030206 0.00294183 0.00258209
internal_count=692 684 656 457 324 316 200 74 126 116 87 60 69 48 66 133 58 199 68 50 50 195 44 42
is_linear=0
shrinkage=0.05


Tree=251
num_leaves=23
num_cat=0
split_feature=7 4 12 28 11 29 25 32 21 20 20 23 25 3 10 10 25 19 4 12 19 23
split_gain=0.00375001 0.00335372 0.00424583 0.00465454 0.00386004 0.00279293 0.0040564 0.00277896 0.00274685 0.00233056 0.00210246 0.00204952 0.00279162 0.000630634 8.71372e-05 6.33036e-05 6.69811e-10 3.04606e-10 1.41676e-10 2.7303e-11 2.04955e-11 1.72538e-11
threshold=2.5000000000000004 258.50000000000006 3.2052499055862431 46.500000000000007 3.6549445390701298 1.0000000180025095e-35 0.99957478046417247 1.5000000000000002 464886.00000000006 4006.0000000000005 13372.000000000002 0.93412640690803539 0.87433969974517833 4.5000000000000009 6.5818047523498544 6.6440589427948007 0.7781130075454713 30799.644531250004 264.50000000000006 3.029732465744019 44714.666015625007 0.85925292968750011
decision_type=2 2 2 2 2 2 2 2 2 2 2 2 2 2 2 2 2 2 2 2 2 2
left_child=1 2 3 4 -1 17 -7 9 14 16 11 12 -9 -14 -8 -15 -3 21 -18 -20 -2 -5
right_child=20 7 -4 5 -6 6 8 10 -10 -11 -12 -13 13 15 -16 -17 18 -19 19 -21 -22 -23
leaf_value=0.0011907423573300647 -0.050001978942486897 0.050043780916918294 -0.029836140084838154 -0.050004922523284194 0.046382890718073042 0.038458009653633489 -0.050021077195177926 -0.047678143615351359 0.008546446734291396 -0.0061194167992713383 0.050033929567489269 -0.049017936506917423 -0.0025267450283015577 0.050027927200760706 -0.037610930842463107 0.034752201589604008 0.050026873142860064 -0.050036490520824567 0.050002019750875863 0.050012781485289683 -0.050009583356214762 -0.050013852213140489
leaf_weight=0.010612656290049927 0.0018655782201903994 0.0043124212161274045 0.01228568902661209 0.0010907071600740883 0.0085170640522846952 0.0041217329221581176 0.002708080402271662 0.0016638029828754952 0.0045732363323622849 0.0023821641461836416 0.0017421897314306998 0.0024148948591573571 0.0010688487128618362 0.0014333532790260506 0.0029610327273985604 0.0012873292826043325 0.001571282249642536 0.0019798936009465251 0.001158955095888814 0.0011992016097792657 0.0016876037186648318 0.0010732111961715418
leaf_count=17 146 10 15 77 39 16 26 9 12 15 44 14 73 20 14 24 3 4 61 29 18 6
internal_value=0.000107322 0.00264532 -0.00431437 0.00401647 0.0213115 -0.0138596 -0.00342728 0.0198166 -0.0202828 0.0374401 0.000334315 -0.0106702 0.00631127 0.0300155 -0.0435391 0.0428 0.0500302 -0.0500223 0.0500152 0.0500075 -0.0500056 -0.0500094
internal_weight=0.0737109 0.0701577 0.0499233 0.0376376 0.0191297 0.0185079 0.0143641 0.0202344 0.0102423 0.010624 0.00961042 0.00786823 0.00545333 0.00378953 0.00566911 0.00272068 0.00824186 0.00414381 0.00392944 0.00235816 0.00355318 0.00216392
internal_count=692 528 226 211 56 155 68 302 52 118 184 140 126 117 40 44 103 87 93 90 164 83
is_linear=0
shrinkage=0.05


Tree=252
num_leaves=24
num_cat=0
split_feature=7 18 14 32 27 21 11 21 32 4 29 28 23 11 27 21 18 25 26 21 25 18 18
split_gain=0.0035632 0.00321284 0.00498959 0.00817967 0.00275727 0.00320824 0.00317863 0.00229856 0.00476527 0.00206595 0.00161764 0.000999971 0.00010053 2.14946e-06 8.68495e-07 3.10805e-09 1.21575e-09 6.12112e-10 1.41648e-10 8.31092e-11 3.36901e-11 3.30217e-11 1.53913e-11
threshold=2.5000000000000004 3128832.0000000005 1.0000000180025095e-35 2.5000000000000004 11.500000000000002 328390.50000000006 4.6782941818237314 186559.50000000003 1.0000000180025095e-35 264.50000000000006 2.5000000000000004 275.50000000000006 0.98800930380821239 4.2668659687042245 4.5000000000000009 195918.50000000003 483328.00000000006 0.66238051652908336 1.0000000180025095e-35 430565.50000000006 0.97418808937072765 735488.00000000012 121088.00000000001
decision_type=2 2 2 2 2 2 2 2 2 2 2 2 2 2 2 2 2 2 2 2 2 2 2
left_child=1 2 -1 7 5 9 -7 8 17 11 -11 13 16 -5 15 -9 19 -4 -6 -8 -19 -17 -2
right_child=22 -3 3 4 18 6 12 14 -10 10 -12 -13 -14 -15 -16 21 -18 20 -20 -21 -22 -23 -24
leaf_value=-0.018954187569701856 -0.050001901621207129 0.050124894742969175 0.050045063731015166 -0.047576149409396071 -0.05001284824844731 -0.018531444203420299 0.050026201533570527 0.050092770314376783 -0.021699053535552276 -0.018980807144199113 0.041850565988827484 -0.0035203985202418675 0.033127568186170825 -0.050017747594621242 0.049009251532502122 0.050020196904684081 0.050075152824563818 0.050004167005653778 -0.050032567938875817 0.050007226286936692 0.050015066071962745 0.050028607687750463 -0.050008650291882444
leaf_weight=0.022444168411311693 0.0016688958892245856 0.0033785108789743381 0.0018559996633484843 0.0011903583904313564 0.0019578303476919237 0.003078845972140698 0.0012400902610352205 0.0025965912209358066 0.0044529958354360133 0.0026932958126053563 0.0018391404100839281 0.0015649587148800492 0.0011413224710850045 0.0037134045319362485 0.0027161281291228079 0.0017833905392308225 0.0014985488960519433 0.0017998563494074915 0.0017025522538460791 0.0010792662423000365 0.0011698897706082789 0.0033763578976504505 0.0017110132812376833
leaf_count=26 131 8 6 58 43 13 38 2 19 8 45 5 2 25 26 49 1 64 3 74 7 6 33
internal_value=0.000107064 0.0025879 0.000113067 0.0101941 -0.0102789 -0.00263813 0.0213735 0.0337233 0.0156024 -0.0201824 0.00570292 -0.0383195 0.0461478 -0.0494251 0.0497787 0.0500482 0.0500401 0.0500225 -0.050022 0.0500174 0.0500085 0.0500257 -0.0500053
internal_weight=0.0716534 0.0682735 0.064895 0.0424508 0.0226996 0.0190392 0.00803807 0.0197512 0.00927874 0.0110012 0.00453244 0.00646872 0.00495923 0.00490376 0.0104725 0.00775634 0.00381791 0.00482575 0.00366038 0.00231936 0.00296975 0.00515975 0.00337991
internal_count=692 528 520 494 315 269 128 179 96 141 53 88 115 83 83 57 113 77 46 112 71 55 164
is_linear=0
shrinkage=0.05


Tree=253
num_leaves=25
num_cat=0
split_feature=10 18 22 33 25 32 10 28 21 5 4 5 23 32 25 25 18 28 0 3 9 10 12 0
split_gain=0.00346005 0.00361643 0.0037849 0.00466714 0.00446609 0.00430485 0.00427295 0.00342422 0.00416718 0.00300775 0.00287465 0.00244361 0.00225625 0.00115539 0.00020781 0.000142035 1.88896e-09 4.44727e-10 1.23604e-10 1.09353e-10 6.48841e-11 4.39372e-11 7.03715e-12 4.25769e-12
threshold=7.8300440311431894 3128832.0000000005 149206.12500000003 1.0000000180025095e-35 0.99957478046417247 2.5000000000000004 6.4542245864868173 121.50000000000001 311811.00000000006 98512.000000000015 258.50000000000006 4144.5000000000009 0.33447265625000006 1.0000000180025095e-35 0.91017159819602977 1.024811923503876 193024.00000000003 8.5000000000000018 553848.00000000012 4.5000000000000009 0.079586289823055281 6.6276571750640878 1.8361335992813113 239580.00000000003
decision_type=2 2 2 2 2 2 2 2 2 2 2 2 2 2 2 2 2 2 2 2 2 2 2 2
left_child=1 2 4 -4 6 -5 9 8 12 10 20 -12 -6 16 -13 -14 17 -8 22 -9 -1 -21 -2 -17
right_child=18 -3 3 5 7 -7 13 19 -10 -11 11 14 15 -15 -16 23 -18 -19 -20 21 -22 -23 -24 -25
leaf_value=-0.050006312702158578 0.050008050539405262 0.050122073130571321 -0.042422262247006737 0.050026673986429251 0.031848520023761769 -0.036559824845074355 0.050049155334438412 -0.050030054560993048 0.050055334448655522 0.016678106471771648 -0.050011584687761401 0.0205683776994455 -0.029956872590810174 0.020994381482444643 0.050023153131772413 -0.050007193508681602 0.050079507255028237 0.050009088839710614 0.05002485123651837 -0.050010538255611248 -0.05002028070557453 -0.050022337110772634 0.050002120230294579 -0.050011096749983511
leaf_weight=0.0010679701101707906 0.0010006299110045793 0.0031260200885299119 0.011950105859796167 0.003280444021584116 0.001303145716860854 0.0025523702940972726 0.0011066264621604205 0.0026862214726861575 0.0027630374243017286 0.0091323721378557821 0.001186314131700783 0.0010459199161232391 0.0012891304486402078 0.0076955678882768552 0.0014008291309437482 0.0014823775306922471 0.0032003822443584795 0.0018510805052756041 0.0013080188691674266 0.001607390726576341 0.0037532571805058978 0.0015497774729738012 0.0010003462064105406 0.0013214812306614476
leaf_count=71 49 6 22 9 49 39 9 8 3 11 27 55 12 38 13 40 4 41 6 39 26 4 103 8
internal_value=0.000113511 -0.00237499 -0.00497056 -0.0245266 0.00268221 0.0121375 0.0131429 -0.0208055 0.000119061 -0.003217 -0.0247078 0.00887882 -0.0254503 0.0339112 0.037432 -0.0436934 0.0500529 0.0500241 0.0500129 -0.0500226 -0.0500172 -0.0500163 0.0500051 -0.050009
internal_weight=0.0696608 0.0663518 0.0632258 0.0177829 0.0454429 0.00583281 0.0314403 0.0140026 0.00815917 0.0175867 0.00845429 0.00363306 0.00539613 0.0138537 0.00244675 0.00409299 0.00615809 0.00295771 0.00330899 0.00584339 0.00482123 0.00315717 0.00200098 0.00280386
internal_count=692 534 528 70 458 48 295 163 112 203 192 95 109 92 68 60 54 50 158 51 97 43 152 48
is_linear=0
shrinkage=0.05


Tree=254
num_leaves=24
num_cat=0
split_feature=10 18 19 5 9 25 10 24 5 9 18 10 10 9 5 10 3 5 12 23 18 28 28
split_gain=0.00333237 0.00361083 0.00484532 0.00412259 0.00331448 0.00306041 0.00450022 0.00254493 0.00217677 0.00288116 0.00246815 0.00231514 0.00109978 0.000780177 4.43278e-05 3.09632e-05 2.73305e-10 7.12432e-11 6.68046e-11 5.95987e-11 3.92443e-11 3.70683e-11 4.68274e-12
threshold=7.3105976581573495 3128832.0000000005 144664.89062500003 77060.500000000015 4.1499738693237314 0.6642267405986787 6.4663562774658212 1.5286458134651186 13535.000000000002 0.68042913079261791 115456.00000000001 6.6494672298431405 6.6222393512725839 4.3648359775543222 183292.00000000003 7.2736041545867929 3.5000000000000004 32958.500000000007 1.7103052735328677 0.93320313096046459 11520.000000000002 45.500000000000007 87.500000000000014
decision_type=2 2 2 2 2 2 2 2 2 2 2 2 2 2 2 2 2 2 2 2 2 2 2
left_child=1 2 3 8 16 -5 -7 14 9 10 15 17 -9 -6 -8 21 -2 19 -18 20 -10 -1 -20
right_child=4 -3 -4 5 13 6 7 12 11 -11 -12 -13 -14 -15 -16 -17 18 -19 22 -21 -22 -23 -24
leaf_value=-0.050015728581069667 0.050030885158397501 0.050118982923321925 -0.03246728088625786 0.041934772393571684 -0.045693074138565354 -0.036750389698397619 0.040661966591384914 0.021818426506536273 -0.050021931125700296 0.034440591476766279 0.026885439235642322 -0.00046352824850940131 -0.027077539842118848 0.0062813867111475227 0.050064399729435841 -0.039616981467509249 0.050017312363435318 -0.050006906082868487 0.050001453012166741 -0.050025824503495499 -0.050009683037580625 -0.050003283893280272 0.050006045444050511
leaf_weight=0.0011428111924942641 0.0022922947669030691 0.0029009095305809742 0.01405619745128206 0.0075840244171558871 0.0011931272465517395 0.0048232082605181867 0.002112024737698448 0.0021186283720453503 0.0010622253303154139 0.003936610448022293 0.0016945894935815886 0.0037632228322763694 0.0025153740798486979 0.001828630965519551 0.0030838948259770405 0.0010221610336884623 0.0014369578002515482 0.0016055974182336286 0.0012414373194360451 0.0019390537888739345 0.001701771933994678 0.0012560380300783436 0.0010039888329629321
leaf_count=12 7 4 27 8 10 26 34 4 5 29 37 10 37 40 10 9 12 38 141 8 45 119 20
internal_value=0.000109917 -0.0042595 -0.00710603 0.00151274 0.0284342 0.0161517 0.00280709 0.0222166 -0.0155091 0.00228447 -0.0224607 -0.0315014 -0.0047227 -0.0142405 0.0462425 -0.0469041 0.0500173 -0.050016 0.0500089 -0.0500191 -0.0500144 -0.0500092 0.0500035
internal_weight=0.0673148 0.0583183 0.0554174 0.0413612 0.00899644 0.0222372 0.0146531 0.00982992 0.0191241 0.00905221 0.0051156 0.0100719 0.004634 0.00302176 0.00519592 0.00342101 0.00597468 0.00630865 0.00368238 0.00470305 0.002764 0.00239885 0.00224543
internal_count=692 462 458 431 230 119 111 85 312 206 177 106 41 50 44 140 180 96 173 58 50 131 161
is_linear=0
shrinkage=0.05


Tree=255
num_leaves=22
num_cat=0
split_feature=7 4 12 0 25 24 10 27 12 27 28 21 23 3 12 22 22 14 10 25 5
split_gain=0.00326843 0.00292516 0.00373462 0.00649146 0.00300428 0.00546469 0.00452322 0.00327108 0.00247921 0.00234043 0.00262606 0.00152168 0.00138323 0.00184788 0.00105747 0.000176102 7.24867e-10 3.79037e-10 2.47958e-10 4.26715e-11 1.79184e-11
threshold=2.5000000000000004 258.50000000000006 3.2052499055862431 2174036.0000000005 0.66238051652908336 0.99648618698120128 6.4663562774658212 6.5000000000000009 3.0123689174652104 1.5000000000000002 100.50000000000001 311811.00000000006 0.93412640690803539 5.5000000000000009 2.490272164344788 36002.150390625007 78502.398437500015 1.0000000180025095e-35 6.6711206436157235 0.9534277915954591 115486.00000000001
decision_type=2 2 2 2 2 2 2 2 2 2 2 2 2 2 2 2 2 2 2 2 2
left_child=1 2 3 4 5 -1 16 11 9 -3 14 -8 13 15 18 -12 -6 -10 -11 -19 -2
right_child=20 8 -4 -5 6 -7 7 -9 17 10 12 -13 -14 -15 -16 -17 -18 19 -20 -21 -22
leaf_value=-0.050016299525990154 -0.050001735960471264 -0.049508781552688244 -0.029767511329337901 0.0500650272233083 -0.050013345796425038 0.047626670009738387 0.0030773369219873488 -0.025983297604455825 0.050044109051033903 0.0500333123590486 0.02184622170306847 0.050039173335444602 -0.043869590948379236 -0.035208170712040812 -0.00073172100282586743 0.050006667234990303 -0.050046984236883862 0.050023166531406017 0.050006221353694362 0.050009489680431868 -0.050009370091129358
leaf_weight=0.0019691652514666194 0.0016871910079316868 0.0015453838923349403 0.010864186444450752 0.0062184526832425027 0.002643560849264758 0.0052619667153521732 0.0038997933718292188 0.0062242396613783058 0.0025979570928029707 0.0035865271602233406 0.0010083023298648186 0.0030930466309655458 0.0018651999707799405 0.0014410153385142621 0.0013133487061622873 0.0012353522834018804 0.004062770688051387 0.0011166729891556315 0.0011048184536548433 0.0011655856959578159 0.0014118166318439762
leaf_count=55 149 7 15 14 39 14 28 30 3 15 7 21 8 22 33 36 10 9 114 48 15
internal_value=0.000110431 0.00260666 -0.00430515 0.00398382 -0.00656888 0.0210368 -0.0165883 0.000381945 0.019612 0.0082798 0.0160088 0.0238493 -0.00878536 0.00897446 0.038925 0.0373513 -0.0500337 0.050031 0.0500269 0.0500162 -0.0500052
internal_weight=0.0653164 0.0622173 0.0442372 0.033373 0.0271545 0.00723113 0.0199234 0.0132171 0.0179802 0.0130999 0.0115546 0.00699284 0.00554987 0.00368467 0.00600469 0.00224365 0.00670633 0.00488022 0.00469135 0.00228226 0.00309901
internal_count=692 528 226 211 197 69 128 79 302 242 235 49 73 65 162 43 49 60 129 57 164
is_linear=0
shrinkage=0.05


Tree=256
num_leaves=23
num_cat=0
split_feature=10 27 14 12 5 32 10 21 23 23 3 21 11 12 20 25 23 10 0 20 24 33
split_gain=0.00317156 0.00472985 0.00385848 0.00527041 0.00491385 0.00347617 0.00330622 0.00199109 0.00220058 0.00287069 0.00187424 0.00292507 0.000801947 0.000205371 0.000159992 1.44388e-05 2.25092e-06 1.71925e-10 1.58983e-10 9.54074e-11 5.22224e-11 1.93226e-11
threshold=7.8300440311431894 7.5000000000000009 1.0000000180025095e-35 3.2052499055862431 177876.00000000003 1.5000000000000002 6.4869177341461191 364938.00000000006 0.92951378226280224 0.15832519531250003 4.5000000000000009 100679.50000000001 3.8456299304962163 3.0693906545639043 496.00000000000006 0.97251042723655712 0.60693359375000011 7.4684011936187753 426340.00000000006 18209.000000000004 5.8478784561157235 1.5000000000000002
decision_type=2 2 2 2 2 2 2 2 2 2 2 2 2 2 2 2 2 2 2 2 2 2
left_child=1 2 3 13 5 10 18 8 9 -8 -4 -12 -3 -1 -13 -11 -14 20 21 -2 -18 -7
right_child=19 12 4 -5 -6 6 7 -9 -10 15 11 14 16 -15 -16 -17 17 -19 -20 -21 -22 -23
leaf_value=0.00075674708382514788 0.050004947945292512 -0.0013590641641283013 0.046751056179946869 -0.042367501911848751 0.045221874543249364 -0.050008148916127627 -0.04910816463007675 0.04917765676151787 -0.050014264225592978 0.050029511896808959 -0.046912377210624329 0.023802589344830004 -0.047756655029505934 0.012771328541686226 0.050012965008644009 0.042043104566340361 -0.050006077250406289 -0.050034302894746578 -0.050030960585213682 0.050023152693545903 -0.050021070973180627 -0.050017055514251563
leaf_weight=0.0077379208282764012 0.0018560856560725361 0.0010248285926763847 0.0046597941591244307 0.0091093069349881262 0.0090538148069754243 0.0013441050315350367 0.0011892188858837471 0.0018424075894927228 0.0021837824920112325 0.0013010238981223665 0.0018219733874502708 0.0011050205043829919 0.0014858350873510062 0.0065825433393911226 0.0012306388066463114 0.0010016475735028507 0.0011175692649203484 0.0018461555591784418 0.0020828687370340049 0.0011755093723877508 0.0012089624003692734 0.0011133635209716886
leaf_count=37 143 81 27 8 29 78 5 36 15 6 34 29 14 7 24 41 36 3 6 15 8 10
internal_value=0.000114991 -0.00240434 0.00256221 -0.0126341 0.0144583 0.00111626 -0.0163309 0.0040152 -0.0106452 0.0139757 0.0249764 0.000571754 -0.0420569 0.00627937 0.0376126 0.0465555 -0.0494278 -0.0500229 -0.0500208 0.050012 -0.0500139 -0.0500122
internal_weight=0.0630744 0.0600428 0.0533594 0.0234298 0.0299297 0.0208758 0.0120584 0.00751808 0.00567567 0.00349189 0.00881743 0.00415763 0.00668335 0.0143205 0.00233566 0.00230267 0.00565852 0.00417269 0.00454034 0.0030316 0.00232653 0.00245747
internal_count=692 534 392 52 340 311 197 103 67 52 114 87 142 44 53 47 61 47 94 158 44 88
is_linear=0
shrinkage=0.05


Tree=257
num_leaves=21
num_cat=0
split_feature=7 10 17 25 25 14 32 11 18 21 2 11 24 10 28 10 5 20 9 5
split_gain=0.00309212 0.00272392 0.00284411 0.00264544 0.00413205 0.00894336 0.00411266 0.00250288 0.00288709 0.0024546 0.00333849 0.00113233 0.00110418 0.000901303 0.000274123 4.91357e-05 1.67296e-06 8.20904e-11 7.04345e-11 1.508e-11
threshold=2.5000000000000004 7.8300440311431894 5376.0000000000009 0.63633653521537792 0.66238051652908336 1.0000000180025095e-35 2.5000000000000004 4.6336965560913095 365056.00000000006 186559.50000000003 17368.000000000004 3.6899331808090214 1.0154764056205752 5.4867429733276376 78.500000000000014 6.5028138160705575 19926.000000000004 18209.000000000004 4.4132595062255868 115486.00000000001
decision_type=2 2 2 2 2 2 2 2 2 2 2 2 2 2 2 2 2 2 2 2
left_child=1 2 3 13 -5 -6 9 11 -9 10 12 -8 18 -1 -4 -13 -15 -3 -7 -2
right_child=19 17 14 4 5 6 7 8 -10 -11 -12 15 -14 16 -16 -17 -18 -19 -20 -21
leaf_value=0.0044636594019943241 -0.050001660881360412 0.05000470748413946 -0.021605750954655573 0.031166430507997469 -0.050078456377050599 0.050005432831752239 0.00024289940802300292 -0.017041726156633519 0.046831826866534754 0.049879903270577675 -0.050018681886134689 -0.050025349314838777 -0.0078723444090611321 -0.047572757646096149 -0.04860013892784118 -0.039315714609078414 -0.050048676966087058 0.050022021342144202 0.050021608154984236 -0.050008856566816362
leaf_weight=0.0010574086918495587 0.0015786691863013394 0.00176557158408741 0.0014245892957660536 0.012671008764300495 0.0076054795790696508 0.0014557450781467196 0.0019938806583468249 0.0038575537034830631 0.0032677666749805212 0.0075430074280120607 0.00179567148006754 0.0024156489083679844 0.0011841815633033548 0.0010440614601066045 0.0027673516347022087 0.00192402991842755 0.001968857384781586 0.0011182037475236939 0.0012516658462118357 0.0013513978765331558
leaf_count=2 149 143 33 11 9 45 31 38 9 30 7 24 21 60 20 20 7 15 3 15
internal_value=0.000111157 0.00263808 0.000164436 0.00341631 0.00676755 -0.00224723 0.011383 -0.00807704 0.0122515 0.0311793 0.00637672 -0.0309469 0.0323989 -0.0352521 -0.0394264 -0.0452772 -0.0491907 0.0500114 0.0500129 -0.050005
internal_weight=0.0610418 0.0581117 0.0552279 0.051036 0.0469656 0.0342946 0.0266892 0.0134589 0.00712532 0.0132303 0.00568726 0.00633356 0.00389159 0.00407033 0.00419194 0.00433968 0.00301292 0.00288378 0.00270741 0.00293007
internal_count=692 528 370 317 248 237 228 122 47 106 76 75 69 69 53 44 67 158 48 164
is_linear=0
shrinkage=0.05


Tree=258
num_leaves=21
num_cat=0
split_feature=7 4 12 25 4 5 4 32 10 10 5 10 18 12 18 20 25 25 12 5
split_gain=0.00293857 0.00265372 0.00322315 0.00364082 0.00463391 0.00388689 0.00229249 0.00254279 0.00229683 0.00217039 0.00264832 0.00204508 0.0020108 0.00177477 0.00112587 0.000859093 0.000122662 3.94752e-10 6.51753e-11 1.29697e-11
threshold=2.5000000000000004 258.50000000000006 3.2052499055862431 0.66238051652908336 34.500000000000007 98512.000000000015 280.50000000000006 1.5000000000000002 6.6112103462219247 6.7254662513732919 171180.50000000003 6.0351512432098398 483328.00000000006 1.9303460121154787 92160.000000000015 13372.000000000002 0.90388047695159923 0.7781130075454713 1.0080447196960451 115486.00000000001
decision_type=2 2 2 2 2 2 2 2 2 2 2 2 2 2 2 2 2 2 2 2
left_child=1 2 3 5 12 11 7 17 -8 16 -11 -1 -5 -9 -15 -10 -6 -3 -19 -2
right_child=19 6 -4 4 9 -7 8 13 15 10 -12 -13 -14 14 -16 -17 -18 18 -20 -21
leaf_value=-0.050015562809325287 -0.050001579771006499 0.050034997738113873 -0.029130178019522064 -0.0078519835141694552 -0.036676742302998243 0.050149773443287304 -0.050010869024717436 0.050021512131239634 -0.0052481125307846481 0.029724251657524826 -0.041466863399247378 0.038469050877085326 0.043025141009066944 -0.050023948408716212 0.012149002600807484 0.050026146499875773 -0.050018905849316855 0.050020486396212351 0.050005602878646853 -0.050008421924373575
leaf_weight=0.0018813071827707972 0.0015016789568562663 0.0040604293023989158 0.0098669721883197781 0.0033442716396621108 0.0028201816458022222 0.0066955540150956949 0.0020114941180509041 0.0012847715413499827 0.001548676700622309 0.0028724435194362741 0.0023960368421285239 0.0010001599089264346 0.0046318360891746124 0.0015332782932091504 0.0013867073487290327 0.0012872794613940641 0.0044264893696208674 0.0011946565191465197 0.0019139947652320188 0.0012855002796641202
leaf_count=49 149 11 15 34 9 4 15 75 38 29 19 18 13 4 56 6 36 4 93 15
internal_value=0.000106675 0.00259382 -0.00433345 0.00380365 -0.00809086 0.0292535 0.0196481 0.0319192 -0.00914431 -0.0270726 -0.00265255 -0.0193025 0.0216931 0.00104945 -0.0204979 0.0198416 -0.0448265 0.0500247 0.0500113 -0.0500047
internal_weight=0.0589437 0.0561565 0.0399353 0.0300683 0.0204913 0.00957702 0.0162213 0.0113738 0.00484745 0.0125152 0.00526848 0.00288147 0.00797611 0.00420476 0.00291999 0.00283596 0.00724667 0.00716908 0.00310865 0.00278718
internal_count=692 528 226 211 140 71 302 243 59 93 48 67 47 135 60 44 45 108 97 164
is_linear=0
shrinkage=0.05


Tree=259
num_leaves=22
num_cat=0
split_feature=10 18 19 5 9 0 18 6 11 20 3 17 20 9 0 10 3 5 3 12 0
split_gain=0.00283612 0.00298857 0.00404467 0.00354749 0.00276626 0.00267522 0.00502572 0.00216792 0.00198229 0.00135805 0.0019201 0.00265313 0.00144666 0.000684024 0.000409203 0.0018531 5.65647e-05 2.09638e-09 1.63542e-10 4.08074e-11 2.61023e-11
threshold=7.3105976581573495 3128832.0000000005 144664.89062500003 77060.500000000015 4.1499738693237314 226816.00000000003 345088.00000000006 10518528.000000002 5.2175934314727792 2820.0000000000005 3.5000000000000004 1.0000000180025095e-35 890.00000000000011 4.3648359775543222 106412.00000000001 6.6406595706939706 4.5000000000000009 183292.00000000003 3.5000000000000004 1.7103052735328677 122028.00000000001
decision_type=2 2 2 2 2 2 2 2 2 2 2 2 2 2 2 2 2 2 2 2 2
left_child=1 2 3 7 18 14 -7 8 9 10 -1 -12 16 -6 -5 -16 -13 -17 -2 -20 -9
right_child=4 -3 -4 5 13 6 -8 20 -10 -11 11 12 -14 -15 15 17 -18 -19 19 -21 -22
leaf_value=-0.050014071554461262 0.050025978967858487 0.050097577647954118 -0.032259399379871899 0.050181996891802777 -0.045503426224434242 -0.034955813549004573 0.033569648588203341 -0.050008919152057955 0.040731028545809136 -0.050012532751845279 -0.050014964071007306 0.050032486382047429 -0.014499872892210672 0.0070545597774824692 -0.017190091011125782 0.050005868641544972 0.037159796080105542 0.050089302587450882 0.050014638249649412 0.050002895939135795 -0.050017452959062431
leaf_weight=0.0018743563571206323 0.0019396121401769042 0.002403023452643537 0.011896824749783264 0.0036136060953140259 0.0010150280027119152 0.005295525318615546 0.0054083926188468467 0.0018862942881696645 0.0019245326875534383 0.0021398530677743119 0.0015389564646284271 0.0016443712138425326 0.0015801145423210983 0.0015869143480813364 0.0015340971303885453 0.001304903953041503 0.0017741052099609078 0.0017796818865463138 0.001213410382206348 0.0018960465714599195 0.0017068689219286171
leaf_count=23 7 4 27 1 10 27 14 42 8 23 131 4 27 40 16 60 40 1 12 161 14
internal_value=0.000108537 -0.0042866 -0.00707294 0.00148678 0.0284322 0.0161495 -0.0003318 -0.0157918 -0.00593609 -0.0144477 -0.00540058 0.00739039 0.0250642 -0.0134485 0.0375792 0.0277189 0.0433519 0.050054 0.0500146 0.0500075 -0.050013
internal_weight=0.0569565 0.0493055 0.0469025 0.0350057 0.00765101 0.0189362 0.0107039 0.0160695 0.0124763 0.0105518 0.0084119 0.00653755 0.00499859 0.00260194 0.00823229 0.00461868 0.00341848 0.00308459 0.00504907 0.00310946 0.00359316
internal_count=692 462 458 431 230 119 41 312 256 248 225 202 71 50 78 77 44 61 180 173 56
is_linear=0
shrinkage=0.05


Tree=260
num_leaves=20
num_cat=0
split_feature=7 14 32 27 5 21 32 25 25 24 28 21 9 21 25 26 20 5 25
split_gain=0.0027163 0.00235536 0.00597063 0.00226349 0.00253572 0.00180887 0.00364039 0.00147113 0.00252341 0.00169936 0.00184638 0.000696975 8.27022e-07 1.70182e-09 2.49002e-10 6.72397e-11 3.87795e-11 1.0498e-11 4.92446e-12
threshold=2.5000000000000004 1.0000000180025095e-35 2.5000000000000004 11.500000000000002 296083.00000000006 186559.50000000003 1.0000000180025095e-35 1.0074170231819155 0.7577103078365327 2.1864583492279057 117.50000000000001 328390.50000000006 3.3905515670776372 195918.50000000003 0.66238051652908336 1.0000000180025095e-35 346.00000000000006 115486.00000000001 0.91519513726234447
decision_type=2 2 2 2 2 2 2 2 2 2 2 2 2 2 2 2 2 2 2
left_child=1 -1 5 4 7 6 14 8 -4 -9 11 -11 13 -7 -3 -5 -15 -2 -16
right_child=17 2 3 15 -6 12 -8 9 -10 10 -12 -13 -14 16 18 -17 -18 -19 -20
leaf_value=-0.011072103660498073 -0.050001467073121413 0.050033153109206467 -0.047873462068574964 -0.050009997556218294 0.043952098438685444 0.05007577896071317 -0.021854751415122855 -0.049758571320675245 0.039107826571133222 -0.0010556261066810766 -0.039682520692545242 0.050018706105320457 0.048856027892460276 0.050022284030383946 0.050004005453397615 -0.050025451223105949 0.050012122309771881 -0.050007865973435622 0.050008687480518489
leaf_weight=0.019741883945243899 0.0013815865372635008 0.001375747141537432 0.0011745051882599009 0.0015216137144307132 0.0025670886534499013 0.0019050682749366388 0.0034192942421213957 0.0034301649598091899 0.0028746507896357798 0.0013740294675699261 0.0020066294805474172 0.0012998764094618309 0.0019500288804010779 0.0029177025912758836 0.0012142451716954383 0.0013097809569444507 0.001384332112706943 0.0011956915448081418 0.0010448704181271751
leaf_count=27 149 6 48 43 7 5 19 21 21 45 16 115 10 12 38 3 59 15 33
internal_value=0.000111296 0.00257099 0.0107902 -0.00907467 -0.00120309 0.0337201 0.015179 -0.0107359 0.0138779 -0.023024 -0.00343133 0.0237733 0.0497543 0.0500364 0.0500164 -0.0500171 0.050019 -0.0500044 0.0500062
internal_weight=0.0550888 0.0525115 0.0327696 0.0175583 0.0147269 0.0152113 0.00705416 0.0121599 0.00404916 0.0081107 0.00468054 0.00267391 0.00815713 0.0062071 0.00363486 0.00283139 0.00430203 0.00257728 0.00225912
internal_count=692 528 501 319 273 182 96 266 69 197 176 160 86 76 77 46 71 164 71
is_linear=0
shrinkage=0.05


Tree=261
num_leaves=23
num_cat=0
split_feature=10 18 19 12 12 12 18 24 2 3 32 9 28 10 9 10 10 3 3 9 12 28
split_gain=0.00258473 0.00286879 0.00376159 0.00311 0.00286142 0.00391778 0.00282943 0.00288544 0.00275095 0.00283617 0.00280232 0.00252688 0.00127901 0.000423546 0.000402599 0.000433898 0.000129595 3.86436e-05 1.36088e-10 6.41676e-11 3.04916e-11 2.69307e-11
threshold=7.3105976581573495 3128832.0000000005 144664.89062500003 3.1821014881134038 2.8961431980133061 2.8801944255828862 477184.00000000006 2.7915915250778203 17368.000000000004 3.5000000000000004 1.5000000000000002 4.1499738693237314 115.50000000000001 7.8220438957214364 3.4144024848937993 6.6435739994049081 6.43459177017212 4.5000000000000009 3.5000000000000004 2.2941515445709233 1.7103052735328677 71.500000000000014
decision_type=2 2 2 2 2 2 2 2 2 2 2 2 2 2 2 2 2 2 2 2 2 2
left_child=1 2 3 4 5 6 7 8 9 -1 17 18 14 -13 15 -12 -6 -11 -2 -9 -20 -10
right_child=11 -3 -4 -5 16 -7 -8 19 21 10 12 13 -14 -15 -16 -17 -18 -19 20 -21 -22 -23
leaf_value=-0.050012963976852842 0.050024366979466522 0.050093737266178252 -0.031775703864058202 0.042290425715504433 -0.050018790785671896 0.049961928028909558 0.049646464699291598 -0.050007162806661155 -0.050014352603289847 0.050023996116988136 -0.026804361054388416 -0.037789918082651322 -0.039540851104027108 0.0045425681604277313 0.029455371877140347 0.018271705102083442 -0.032762281282903843 0.040969053847185001 0.050013272904667762 -0.050020010260634587 0.05000262772155159 -0.050003912327078043
leaf_weight=0.0018101074492733469 0.0017942034783118279 0.0023154660084401249 0.011379762998330989 0.004104850653675384 0.0022231496554923061 0.0036811265827054731 0.0020572141156662829 0.0017099196750223191 0.0011775348756373214 0.0026563542037365551 0.0010314978135284036 0.0010038660234386043 0.0018920085575473422 0.0014362347453698021 0.0016402279725298285 0.0011066219176427694 0.0021307605541096564 0.0021175515607865236 0.0011004755901922181 0.0022517984170917771 0.0017304835930644913 0.0012991630760552653
leaf_count=20 7 4 27 6 26 17 6 46 19 19 25 10 26 40 4 21 19 35 12 17 161 125
internal_value=0.000114014 -0.00415996 -0.00699763 0.00157548 -0.00423062 0.00242434 -0.00600901 -0.0121341 -0.00194671 0.00776701 0.0177809 0.0282947 -0.0059832 -0.0128732 0.0108208 -0.00347444 -0.0415736 0.0460075 0.0500136 -0.0500145 0.0500068 -0.0500089
internal_weight=0.0536504 0.0465851 0.0442697 0.0328899 0.028785 0.0244311 0.02075 0.0186928 0.0147311 0.0122544 0.0104443 0.00706526 0.00567036 0.0024401 0.00377835 0.00213812 0.00435391 0.00477391 0.00462516 0.00396172 0.00283096 0.0024767
internal_count=692 462 458 431 425 380 363 357 294 150 130 230 76 50 50 46 45 54 180 63 173 144
is_linear=0
shrinkage=0.05


Tree=262
num_leaves=19
num_cat=0
split_feature=0 10 27 12 5 25 10 28 6 11 3 23 17 24 18 10 6 11
split_gain=0.00261085 0.00278292 0.0028119 0.00268576 0.00530518 0.00247656 0.00332336 0.00243231 0.0022307 0.00212713 0.00124072 0.00205275 0.00242978 0.000684502 1.35566e-10 3.02675e-11 2.33423e-11 2.23031e-11
threshold=3290996.0000000005 7.3105976581573495 7.5000000000000009 3.2052499055862431 77060.500000000015 0.6642267405986787 6.4663562774658212 275.50000000000006 10518528.000000002 5.2175934314727792 3.5000000000000004 0.87636020779609691 1.0000000180025095e-35 1.5286458134651186 497152.00000000006 6.6276571750640878 142606336.00000003 4.8448624610900888
decision_type=2 2 2 2 2 2 2 2 2 2 2 2 2 2 2 2 2 2
left_child=1 2 3 4 8 -6 -7 14 9 10 -1 12 -12 17 16 -4 -3 -8
right_child=-2 7 15 -5 5 6 13 -9 -10 -11 11 -13 -14 -15 -16 -17 -18 -19
leaf_value=-0.05001212025230594 0.050019676397597884 0.050001928009905161 -0.050003158420624264 -0.026935281591219187 0.043735738214614864 -0.034379449053468576 0.050005916773879701 -0.012861302432106392 -0.05001454246305094 0.04662173727948455 -0.050015555016403847 -0.050012654471611573 0.03538285263731504 0.012770250311896273 0.050024489183823767 -0.050012889838458557 0.0500112436177296 0.050015714452272479
leaf_weight=0.0020351912164642272 0.0024947320107457918 0.0015040785444853091 0.0012314049783981309 0.0091759948845719919 0.0078044597867119583 0.0033045530401523138 0.0012674174577114172 0.002393310921434022 0.0040299707837903051 0.0016147341548276026 0.0011198912741292588 0.0017945679819604266 0.0032505703966307919 0.0026109435411854065 0.0015849318242544541 0.0022756474086236267 0.0012161952690803446 0.001072239891072968
leaf_count=27 12 200 119 10 9 17 32 13 39 6 73 22 36 38 5 16 8 10
internal_value=0.0001167 -0.00240926 -0.00712126 -0.00327251 0.00398824 0.023542 0.00445066 0.0275486 -0.0186934 -0.00583305 -0.0161621 -0.00498759 0.0135003 0.03037 0.0500129 -0.0500095 0.0500061 0.0500104
internal_weight=0.0517808 0.0492861 0.0425876 0.0390805 0.0299045 0.0160596 0.00825515 0.00669852 0.0138449 0.00981496 0.00820022 0.00616503 0.00437046 0.0049506 0.00430521 0.00350705 0.00272027 0.00233966
internal_count=692 680 454 319 309 106 97 226 203 164 158 131 109 80 213 135 208 42
is_linear=0
shrinkage=0.05


Tree=263
num_leaves=20
num_cat=0
split_feature=7 4 3 18 19 12 18 4 32 10 23 10 25 4 12 25 12 11 5
split_gain=0.00246105 0.00232891 0.002845 0.00396315 0.00506653 0.0028675 0.00337674 0.00191375 0.00206895 0.00194081 0.00156253 0.00128824 0.000743752 0.000195963 0.00017378 2.3337e-10 4.20535e-11 9.37979e-12 8.45571e-12
threshold=2.5000000000000004 258.50000000000006 7.5000000000000009 219904.00000000003 31004.444335937504 3.2052499055862431 477184.00000000006 280.50000000000006 1.5000000000000002 6.6112103462219247 0.61962890625000011 6.5818047523498544 1.2888735532760622 4754.5000000000009 1.8042364120483401 0.7781130075454713 1.0080447196960451 3.3246505260467534 115486.00000000001
decision_type=2 2 2 2 2 2 2 2 2 2 2 2 2 2 2 2 2 2 2
left_child=1 2 3 4 11 6 -5 8 15 -9 -10 17 -12 -11 -4 -3 -17 -1 -2
right_child=18 7 14 5 -6 -7 -8 9 10 13 12 -13 -14 -15 -16 16 -18 -19 -20
leaf_value=-0.050014845335173586 -0.05000133660989832 0.050029723093708137 0.050020731918959151 -0.03887503054135804 0.036049348324380344 -0.049482783382065118 0.0167564406356141 -0.050009114703093542 -0.046533164654350256 0.0047596590165892615 0.050019668319869627 0.0017056181537591559 -0.0059853203020849921 0.033423947984274414 0.02469388925495964 0.050017816955138232 0.050004830690780627 -0.050009096923041542 -0.050007364795635584
leaf_weight=0.0013691530100459212 0.0012360736195091695 0.0034180004645349982 0.0020418525382410726 0.0049778891038840811 0.0081874076215626701 0.0069093622369109644 0.0060342283632053295 0.0016731755167711535 0.0011335950948705431 0.0011101236159447581 0.001312615386723337 0.0020890970126856701 0.0010810271103309788 0.0012881031589131453 0.0010134723780765853 0.0010215359463927598 0.0015995827562846898 0.0014732124153624682 0.0010988820763486729
leaf_count=9 149 11 5 31 30 8 19 15 6 5 15 16 114 39 73 4 93 35 15
internal_value=0.000116867 0.00256862 -0.00441623 -0.00894758 0.0119341 -0.0242334 -0.00839107 0.0200314 0.0322505 -0.00867925 0.00182481 -0.028103 0.0247265 0.0201554 0.0416196 0.0500211 0.0500099 -0.0500119 -0.0500042
internal_weight=0.0500684 0.0477334 0.0340957 0.0310403 0.0131189 0.0179215 0.0110121 0.0136378 0.00956636 0.0040714 0.00352724 0.00493146 0.00239364 0.00239823 0.00305532 0.00603912 0.00262112 0.00284237 0.00233496
internal_count=692 528 226 148 90 58 50 302 243 59 135 60 129 44 78 108 97 44 164
is_linear=0
shrinkage=0.05


Tree=264
num_leaves=20
num_cat=0
split_feature=0 19 18 7 0 21 28 19 8 25 12 11 11 17 18 0 18 22 12
split_gain=0.00237362 0.00323082 0.00277461 0.00220067 0.00288077 0.00538571 0.00204497 0.00177887 0.0020818 0.00237258 0.00116956 0.00176535 0.000920259 0.00022195 7.52902e-06 8.85319e-09 1.52001e-09 3.05879e-10 1.35434e-12
threshold=3290996.0000000005 144664.89062500003 90368.000000000015 2.5000000000000004 239580.00000000003 328390.50000000006 133.50000000000003 12256.000000000002 3.5000000000000004 0.99957478046417247 2.7767953872680669 5.3815269470214853 4.8448624610900888 768.00000000000011 75520.000000000015 94740.000000000015 193024.00000000003 143329.16406250003 1.7171879410743716
decision_type=2 2 2 2 2 2 2 2 2 2 2 2 2 2 2 2 2 2 2
left_child=1 2 7 4 10 -6 17 8 -1 13 11 12 -4 -10 18 -12 -17 -7 -9
right_child=-2 -3 3 -5 5 6 -8 14 9 -11 15 -13 -14 -15 -16 16 -18 -19 -20
leaf_value=-0.050011402609812995 0.050017761095180628 -0.023942333769594031 0.01527035630447659 -0.050005761022269973 -0.035114622558803876 0.050036443893143601 -0.0079709118507155265 -0.050007318420181412 0.024218761926674985 -0.050007198421502079 0.050153721775304742 0.050010283550966796 -0.050017653744038687 0.050016273313684717 -0.04485356350127722 0.05000751502922738 0.050073428964895673 0.050009515651311745 -0.050009881888489149
leaf_weight=0.001630699716770323 0.0022708057604177148 0.012593649100381299 0.0011642394651971699 0.0012531552331438425 0.0055353573907268583 0.0030354499615441455 0.002257485335576348 0.0010507381862225884 0.0017264562476384526 0.001033761172436698 0.0030556018464267254 0.0020128943324380089 0.0010062184446724132 0.0016124678659252822 0.0010789832692807977 0.0019252530066751206 0.0016028041864046827 0.0016159839203737647 0.0010110022670914987
leaf_count=20 12 29 46 44 34 22 10 25 106 47 1 22 4 9 23 57 2 152 27
internal_value=0.000110122 -0.0023428 0.00575088 0.014534 0.0180184 0.0016338 0.0310763 -0.0177478 -0.00179679 0.0161838 0.0369555 0.0162824 -0.014997 0.0366772 -0.0482376 0.0500914 0.0500375 0.0500271 -0.0500086
internal_weight=0.048473 0.0462022 0.0336086 0.0244644 0.0232113 0.0124443 0.00690892 0.00914411 0.00600339 0.00437269 0.010767 0.00418335 0.00217046 0.00333892 0.00314072 0.00658366 0.00352806 0.00465143 0.00206174
internal_count=692 680 651 394 350 218 184 257 182 162 132 72 50 115 75 60 59 174 52
is_linear=0
shrinkage=0.05


Tree=265
num_leaves=16
num_cat=0
split_feature=18 5 10 27 5 19 5 5 9 18 11 12 10 5 27
split_gain=0.00231534 0.00303034 0.00247234 0.00337377 0.00367573 0.00271868 0.0036845 0.00229063 0.00195398 0.00182332 0.00091233 0.000394139 0.000452118 0.000127179 4.09152e-11
threshold=3128832.0000000005 509383.00000000006 7.6910860538482675 7.5000000000000009 360496.00000000006 58919.822265625007 77060.500000000015 13535.000000000002 0.68042913079261791 99072.000000000015 3.3071039915084843 2.865266084671021 6.5818047523498544 31529.000000000004 8.5000000000000018
decision_type=2 2 2 2 2 2 2 2 2 2 2 2 2 2 2
left_child=1 2 3 4 5 6 7 8 9 -1 -9 12 -8 -5 -4
right_child=-2 -3 14 13 -6 -7 11 10 -10 -11 -12 -13 -14 -15 -16
leaf_value=-0.05001271904632365 0.050082570365308235 -0.029926939679932957 0.050001861283525212 -0.029616602873423714 0.050029153133139076 -0.026930324226719801 -0.0041359139658631401 -0.0022851872340993893 0.036728303346358127 0.032616209957686423 -0.050011619136351187 0.04302345105539606 0.03842991608852192 -0.050014247666717596 0.050014260656255742
leaf_weight=0.0018206086541567856 0.0022093695170042329 0.0081482948016855516 0.0014570526512898132 0.0010609839791300138 0.004052734555443748 0.007347599446802632 0.0011496449790229226 0.0014285399919344854 0.0032866455647990733 0.0010542260897636879 0.003348251377701672 0.0052702424716244423 0.0013639666688050056 0.0027317147233816286 0.0012243811870575882
leaf_count=67 8 28 193 95 8 35 13 18 32 39 39 37 36 38 6
internal_value=0.000116241 -0.00235095 0.0037889 0.000134712 0.00573048 -0.00115608 0.00895916 -0.00975216 0.0103943 -0.019712 -0.0357386 0.0352533 0.0189617 -0.0443081 0.0500075
internal_weight=0.0469543 0.0447449 0.0365966 0.0339152 0.0301225 0.0260697 0.0187221 0.0109383 0.00616148 0.00287483 0.00477679 0.00778385 0.00251361 0.0037927 0.00268143
internal_count=692 684 656 457 324 316 281 195 138 106 57 86 49 133 199
is_linear=0
shrinkage=0.05


Tree=266
num_leaves=19
num_cat=0
split_feature=7 18 19 18 0 21 28 19 3 25 12 10 9 0 18 5 21 5
split_gain=0.00223667 0.0019942 0.00348213 0.00244421 0.00260212 0.00491206 0.00188085 0.00179635 0.00207111 0.00180421 0.00110533 0.0016949 8.25406e-05 6.83449e-09 1.17009e-09 1.56178e-10 1.09265e-10 6.92253e-12
threshold=2.5000000000000004 3128832.0000000005 144664.89062500003 85248.000000000015 239580.00000000003 328390.50000000006 133.50000000000003 12256.000000000002 3.5000000000000004 0.9534277915954591 2.7767953872680669 6.8244917392730722 0.68042913079261791 94740.000000000015 193024.00000000003 360496.00000000006 379146.00000000006 115486.00000000001
decision_type=2 2 2 2 2 2 2 2 2 2 2 2 2 2 2 2 2 2
left_child=1 2 3 7 10 -6 15 8 -1 12 11 -5 -10 -12 -15 16 -7 -2
right_child=17 -3 -4 4 5 6 -8 -9 9 -11 13 -13 -14 14 -16 -17 -18 -19
leaf_value=-0.050011196679656901 -0.050001204947272532 0.050078538199374238 -0.022760067600440498 -0.015987160512615846 -0.033990943534735765 0.050026434170367742 -0.0067558880879574172 -0.050011245483712635 0.032212576460141765 -0.032262757895166652 0.050140044291193876 0.050009161129004803 0.050021164243776589 0.050006836162412187 0.050066901064350106 0.050034099561248983 0.050003758000690124 -0.050006922645383339
leaf_weight=0.0014149110938888034 0.0011100094493485804 0.0021017822837166014 0.011833133168693166 0.0020100871997783543 0.0052495382963115844 0.0010655915498318791 0.0021961608726996928 0.0024669902554705914 0.0010849887599988506 0.0011321390603598047 0.0027852701023221016 0.0018853097481041914 0.0016253485227935016 0.0018223620268145169 0.001460704101191368 0.0022168975203840091 0.001059344515738303 0.0010120108390765381
leaf_count=8 149 8 30 40 34 8 10 28 65 27 1 36 4 61 2 22 144 15
internal_value=0.000118581 0.0025687 0.000151408 0.00934933 0.0179295 0.00202974 0.0309518 -0.0148119 0.00170518 0.0207486 0.0367397 0.015954 0.0428921 0.0500824 0.0500336 0.0500248 0.0500151 -0.0500039
internal_weight=0.0455326 0.0434106 0.0413088 0.0294756 0.0217513 0.0117875 0.00653799 0.00772438 0.00525739 0.00384248 0.00996373 0.0038954 0.00271034 0.00606834 0.00328307 0.00434183 0.00212494 0.00212202
internal_count=692 528 520 490 358 218 184 132 104 96 140 76 69 64 63 174 152 164
is_linear=0
shrinkage=0.05


Tree=267
num_leaves=19
num_cat=0
split_feature=0 4 0 18 12 0 4 32 10 23 10 10 24 10 25 25 23 24
split_gain=0.00217396 0.00250439 0.00322396 0.00425668 0.00249629 0.00381295 0.00215515 0.00204267 0.0019009 0.00137438 0.00104121 0.000789835 0.000731555 0.000408885 1.11993e-05 1.42802e-10 1.93349e-11 1.3672e-11
threshold=3290996.0000000005 258.50000000000006 239580.00000000003 90368.000000000015 3.2052499055862431 553848.00000000012 280.50000000000006 1.5000000000000002 6.6112103462219247 0.61962890625000011 6.7254662513732919 6.5818047523498544 1.237218499183655 6.6664593219757089 0.64034664630889904 0.7781130075454713 0.86693522334098827 0.98063287138938915
decision_type=2 2 2 2 2 2 2 2 2 2 2 2 2 2 2 2 2 2
left_child=1 2 3 10 5 -4 7 14 -8 -9 17 -5 -11 -10 -3 -16 -17 -1
right_child=-2 6 4 11 -6 -7 8 9 13 12 -12 -13 -14 -15 15 16 -18 -19
leaf_value=-0.050011363129026903 0.050016494587509987 0.044335094464112636 -0.047899026562663607 0.01573286767468916 -0.050064763656621096 0.012085776048327435 -0.05000610851979799 -0.046764072468293408 0.036198011695521941 0.050016563940580905 0.0048762977413752432 0.047522069200661099 -0.0083965895802907333 -0.0063973942436810552 0.050026346173897424 0.050003094152758033 0.050012365158672106 -0.050004194755332611
leaf_weight=0.0011873396304054049 0.0020806527991226167 0.0010817793372552842 0.0042256894836327774 0.0040363016551054898 0.0060539155383594325 0.007101192471509421 0.0019232806225772956 0.0010962898495563422 0.0012796474447895889 0.0011191096782567911 0.0012709680033822224 0.0037874775501904878 0.0010287006892326644 0.0010065632968689897 0.0020943112388067675 0.0010091523334381236 0.0012702789539389414 0.0015124944214903735
leaf_count=24 12 5 37 15 7 26 99 7 34 14 11 36 119 13 9 89 8 127
internal_value=0.000126129 -0.00234045 -0.0104538 0.00972289 -0.0241457 -0.0102926 0.0159962 0.0302072 -0.0133732 -0.00121159 -0.0324403 0.031122 0.0220394 0.0174443 0.0488903 0.0500169 0.0500083 -0.0500073
internal_weight=0.0441651 0.0420845 0.0291754 0.0117946 0.0173808 0.0113269 0.0129091 0.00869962 0.00420949 0.0032441 0.0039708 0.00782378 0.00214781 0.00228621 0.00545552 0.00437374 0.00227943 0.00269983
internal_count=692 680 283 213 70 63 397 251 146 140 162 51 133 47 111 106 97 151
is_linear=0
shrinkage=0.05


end of trees

feature_importances:
section_entropy_max=920
file_size=504
entry_point=468
section_raw_size_mean=456
section_entropy_std=408
section_raw_size_max=404
imported_dlls=366
section_size_ratio_mean=334
imported_functions=334
section_size_ratio_min=328
section_entropy_mean=299
section_virtual_size_mean=279
section_size_ratio_max=279
section_virtual_size_min=267
characteristics=266
section_entropy_min=247
section_virtual_size_max=241
number_of_sections_header=236
process_operations=216
subsystem=162
section_raw_size_min=142
image_base=85
memory_operations=77
writable_sections=70
file_operations=58
machine=56
section_count=56
high_entropy_sections=35
registry_operations=16
readable_sections=13
executable_sections=2
network_operations=2
rwx_sections=1

parameters:
[boosting: gbdt]
[objective: binary]
[metric: binary_logloss]
[tree_learner: serial]
[device_type: cpu]
[data_sample_strategy: bagging]
[data: ]
[valid: ]
[num_iterations: 500]
[learning_rate: 0.05]
[num_leaves: 31]
[num_threads: 16]
[seed: 42]
[deterministic: 0]
[force_col_wise: 0]
[force_row_wise: 0]
[histogram_pool_size: -1]
[max_depth: -1]
[min_data_in_leaf: 20]
[min_sum_hessian_in_leaf: 0.001]
[bagging_fraction: 0.8]
[pos_bagging_fraction: 1]
[neg_bagging_fraction: 1]
[bagging_freq: 0]
[bagging_seed: 400]
[bagging_by_query: 0]
[feature_fraction: 0.8]
[feature_fraction_bynode: 1]
[feature_fraction_seed: 30056]
[extra_trees: 0]
[extra_seed: 12879]
[early_stopping_round: 0]
[early_stopping_min_delta: 0]
[first_metric_only: 0]
[max_delta_step: 0]
[lambda_l1: 0]
[lambda_l2: 0]
[linear_lambda: 0]
[min_gain_to_split: 0]
[drop_rate: 0.1]
[max_drop: 50]
[skip_drop: 0.5]
[xgboost_dart_mode: 0]
[uniform_drop: 0]
[drop_seed: 17869]
[top_rate: 0.2]
[other_rate: 0.1]
[min_data_per_group: 100]
[max_cat_threshold: 32]
[cat_l2: 10]
[cat_smooth: 10]
[max_cat_to_onehot: 4]
[top_k: 20]
[monotone_constraints: ]
[monotone_constraints_method: basic]
[monotone_penalty: 0]
[feature_contri: ]
[forcedsplits_filename: ]
[refit_decay_rate: 0.9]
[cegb_tradeoff: 1]
[cegb_penalty_split: 0]
[cegb_penalty_feature_lazy: ]
[cegb_penalty_feature_coupled: ]
[path_smooth: 0]
[interaction_constraints: ]
[verbosity: 1]
[saved_feature_importance_type: 0]
[use_quantized_grad: 0]
[num_grad_quant_bins: 4]
[quant_train_renew_leaf: 0]
[stochastic_rounding: 1]
[linear_tree: 0]
[max_bin: 255]
[max_bin_by_feature: ]
[min_data_in_bin: 3]
[bin_construct_sample_cnt: 200000]
[data_random_seed: 175]
[is_enable_sparse: 1]
[enable_bundle: 1]
[use_missing: 1]
[zero_as_missing: 0]
[feature_pre_filter: 1]
[pre_partition: 0]
[two_round: 0]
[header: 0]
[label_column: ]
[weight_column: ]
[group_column: ]
[ignore_column: ]
[categorical_feature: ]
[forcedbins_filename: ]
[precise_float_parser: 0]
[parser_config_file: ]
[objective_seed: 16083]
[num_class: 1]
[is_unbalance: 0]
[scale_pos_weight: 1]
[sigmoid: 1]
[boost_from_average: 1]
[reg_sqrt: 0]
[alpha: 0.9]
[fair_c: 1]
[poisson_max_delta_step: 0.7]
[tweedie_variance_power: 1.5]
[lambdarank_truncation_level: 30]
[lambdarank_norm: 1]
[label_gain: ]
[lambdarank_position_bias_regularization: 0]
[eval_at: ]
[multi_error_top_k: 1]
[auc_mu_weights: ]
[num_machines: 1]
[local_listen_port: 12400]
[time_out: 120]
[machine_list_filename: ]
[machines: ]
[gpu_platform_id: -1]
[gpu_device_id: -1]
[gpu_device_id_list: ]
[gpu_use_dp: 0]
[num_gpu: 1]

end of parameters

pandas_categorical:[]
